Unnamed: 0,Venue,City,Country,Date,Year,State,Setlist,Set Opener,Latitude,Longitude
0,Winterland Arena,San Francisco,USA,1972-01-02,1972,CA,"[""truckin'"", 'sugaree', 'mr. charlie', 'beat it on down the line', 'loser', 'jack straw', 'chinatown shuffle', 'your love at home', 'tennessee jed', 'el paso', 'you win again', 'big railroad blues', 'mexicali blues', 'playing in the band', 'next time you see me', 'brown eyed women', 'casey jones', ""good lovin'"", 'china cat sunflower', 'i know you rider', ""good lovin'"", 'ramble on rose', 'sugar magnolia', 'not fade away', ""goin' down the road feeling bad"", 'not fade away', 'one more saturday night']",truckin,37.7879363,-122.4075201
1,Winteriand Arena,San Francisco,USA,1972-03-05,1972,CA,"['bertha', 'black throated wind', 'mr. charlie', 'sugaree', 'greatest story ever told', 'next time you see me', 'tennessee jed', 'jack straw', 'china cat sunflower', 'i know you rider', 'mexicali blues', 'you win again', 'el paso', 'casey jones', ""good lovin'"", 'not fade away', ""goin' down the road feeling bad"", 'not fade away', 'one more saturday night']",bertha,37.7879363,-122.4075201
2,Academy of Music,New York,USA,1972-03-21,1972,NY,['unknown'],unknown,40.7127281,-74.0060152
3,Academy of Music,New York,USA,1972-03-22,1972,NY,['unknown'],unknown,40.7127281,-74.0060152
4,Academy of Music,New York,USA,1972-03-23,1972,NY,"['china cat sunflower', 'i know you rider', 'black throated wind', 'chinatown shuffle', 'brown eyed women', 'beat it on down the line', 'looks like rain', 'mr. charlie', 'jack straw', 'next time you see me', 'playing in the band', ""truckin'"", 'ramble on rose', 'two souls in communion', 'mexicali blues', 'big boss man', 'dark star', 'not fade away', ""goin' down the road feeling bad"", 'not fade away', 'sugar magnolia']",china cat sunflower,40.7127281,-74.0060152
5,Academy of Music,New York,USA,1972-03-25,1972,NY,"['hey bo diddiey', ""i'm a man"", 'jam', 'take it off', 'mona', 'how sweet it is', 'are you lonely for me', 'next time you see me', 'brown eyed women', 'smokestack lightning', 'top of the world', 'sugaree', 'looks like rain', 'bertha', 'mr. charlie', 'playing in the band', ""good lovin'"", 'turn on your lovelight']",hey bo diddiey,40.7127281,-74.0060152
6,Academy of Music,New York,USA,1972-03-26,1972,NY,"['greatest story ever told', 'cold rain and snow', 'chinatown shuffle', 'black throated wind', 'you win again', 'mr. charlie', 'jack straw', 'loser', 'looks like rain', 'big railroad blues', 'big boss man', 'playing in the band', ""truckin'"", 'drums', 'the other one', 'me and my uncle', 'the other one', 'wharf rat', 'not fade away', ""goin' down the road feeling bad"", 'not fade away']",greatest story ever told,40.7127281,-74.0060152
7,Academy of Music,New York,USA,1972-03-27,1972,NY,"['bertha', 'black throated wind', 'chinatown shuffle', 'brown eyed women', 'china cat sunflower', 'i know you rider', 'me and bobby mcgee', 'mr. charlie', 'looks like rain', 'deal', 'hurts me too', 'cumberland blues', 'playing in the band', 'greatest story ever told', 'ramble on rose', 'big boss man', 'el paso', ""good lovin'"", 'me and my uncle', 'two souls in communion', 'sugar magnolia', 'loser', 'casey jones', 'one more saturday night']",bertha,40.7127281,-74.0060152
8,Academy of Music,New York,USA,1972-03-28,1972,NY,"['playing in the band', 'sugaree', 'two souls in communion', 'sugar magnolia', 'the other one', 'hurts me too', 'not fade away', ""goin' down the road feeling bad"", 'not fade away', 'sidewalks of new york', 'one more saturday night']",playing in the band,40.7127281,-74.0060152
11,City Hall,Newcastle,England,1972-04-11,1972,,"['greatest story ever told', 'deal', 'mr charlie', 'black throated wind', 'tennessee jed', 'big boss man', 'beat it on down the line', 'sugaree', 'jack straw', 'chinatown shuffle', 'china cat sunflower', 'i know you rider', 'playing in the band', 'next time you see me', 'brown eyed women', 'looks like rain', 'big railroad blues', 'casey jones', ""good lovin'"", 'ramble on rose', ""truckin'"", 'drums', 'the other one', 'comes a time', 'sugar magnolia', 'brokedown palace']",greatest story ever told,54.93658,-1.4003975
12,Tivoii Theater,Copenhagen,Denmark,1972-04-14,1972,,"['bertha', 'me and my uncle', 'mr. charlie', 'you win again', 'black throated wind', 'chinatown shuffle', 'loser', 'me and bobby mcgee', 'cumberland blues', 'playing in the band', 'tennessee jed', 'el paso', 'big boss man', 'beat it on down the line', 'casey jones', ""truckin'"", 'hurts me too', 'brown eyed women', 'looks like rain', 'dark star', 'sugar magnolia', ""good lovin'"", 'caution', 'who do you love', 'caution', ""good lovin'"", 'not fade away', ""goin' down the road feeling bad"", 'not fade away', 'one more saturday night']",bertha,55.7350891,9.1288507
13,Tivoli Theater,Copenhagen,Denmark,1972-04-15,1972,,['unknown'],unknown,55.7350891,9.1288507
14,Aarhus University,Aarhus,Denmark,1972-04-16,1972,,"['greatest story ever told', 'sugaree', 'chinatown shuffle', 'black throated wind', 'tennessee jed', 'mr. charlie', 'beat it on down the line', 'china cat sunflower', 'i know you rider', 'mexicali blues', 'loser', 'next time you see me', 'playing in the band', 'dire wolf', ""good lovin'"", 'cumberland blues', 'el paso', 'deal', ""truckin'"", 'caution', ""uncle john's band"", 'the other one', 'not fade away', ""goin' down the road feeling bad"", 'not fade away']",greatest story ever told,55.7353052,9.1281522
15,Tivoii Gardens,Copenhagen,Denmark,1972-04-17,1972,,"['cold rain and snow', 'me and bobby mcgee', 'chinatown shuffle', 'sugaree', 'black throated wind', 'mr. charlie', 'china cat sunflower', 'i know you rider', 'jack straw', ""he's gone"", 'next time you see me', 'playing in the band', 'casey jones', 'one more saturday night', 'hurts me too', 'ramble on rose', 'el paso', 'big railroad blues', ""truckin'"", 'dark star', 'sugar magnolia', 'caution', 'johnny b. goode']",cold rain and snow,55.7350891,9.1288507
20,Olympia Theater,Paris,France,1972-05-03,1972,,"['bertha', 'me and my uncle', 'mr. charlie', 'sugaree', 'black throated wind', 'chinatown shuffle', 'china cat sunflower', 'i know you rider', 'beat it on down the line', ""he's gone"", 'next time you see me', 'playing in the band', ""good lovin'"", 'sing me back home', 'casey jones', 'greatest story ever told', 'ramble on rose', 'hurts me too', ""truckin'"", 'the other one', 'drums', 'the other one', 'me and bobby mcgee', 'the other one', 'wharf rat', 'jack straw', 'sugar magnolia', 'not fade away', ""goin' down the road feeling bad"", 'not fade away', 'one more saturday night']",bertha,47.2490799,-1.5210393
21,Olympia Theater,Paris,France,1972-05-04,1972,,"['greatest story ever told', 'deal', 'mr. charlie', 'beat it on down the line', 'brown eyed women', 'chinatown shuffle', 'playing in the band', 'you win again', 'hurts me too', ""he's gone"", 'el paso', 'big railroad blues', 'two souls in communion', 'casey jones', ""good lovin'"", 'next time you see me', 'ramble on rose', 'jack straw', 'dark star', 'drums', 'dark star', 'sugar magnolla', 'sing me back home', 'mexicali blues', 'big boss man', ""uncle john's band"", 'not fade away', ""goin' down the road feeling bad"", 'not fade away', 'one more saturday night']",greatest story ever told,47.2490799,-1.5210393
23,Concertgebouw,Amsterdam,Netherlands,1972-05-10,1972,,"['bertha', 'me and my uncle', 'mr. charlie', 'china cat sunflower', 'i know you rider', 'black throated wind', 'next time you see me', 'loser', 'jack straw', ""he's gone"", 'chinatown shuffle', 'playing in the band', 'big railroad blues', 'big boss man', 'greatest story ever told', 'casey jones', ""truckin'"", 'drums', 'the other one', 'bobby mcgee', 'the other one', 'wharf rat', 'beat it on down the line', 'two souls in communion', 'ramble  on', 'sing me back home', 'sugar magnolia', 'not fade away', ""goin' down the road feeling bad"", 'not fade away']",bertha,52.099086,4.2969797
24,Civic Hall,Rotterdam,Netherlands,1972-05-11,1972,,"['playing in the band', 'sugaree', 'mr. charlie', 'black throated wind', 'deal', 'chinatown shuffle', 'mexicali blues', 'china cat sunflower', 'i know you rider', 'hurts me too', 'beat it on down the line', 'brown eyed women', 'jack straw', 'big railroad blues', 'casey jones', ""good lovin'"", 'morning dew', 'me and my uncle', 'two souls in communion', 'el paso', 'tennessee jed', 'next time you see me', 'dark star', 'drums', 'dark star', 'sugar magnolia', 'caution', 'who do you love', 'caution', ""truckin'"", ""uncle john's band"", 'one more saturday night']",playing in the band,51.9244424,4.47775
25,Fairgrounds,Lille,France,1972-05-13,1972,,"['bertha', 'black throated wind', 'chinatown shuffle', 'loser', 'beat it on down the line', 'mr. charlie', 'china cat sunflower', 'i know you rider', 'me and my uncle', 'big railroad blues', 'next time you see me', 'playing in the band', 'sugaree', 'mexicali blues', 'casey jones', ""truckin'"", 'drums', 'the other one', 'big river', ""he's gone"", 'hurts me too', 'sugar magnolia', 'not fade away', ""goin' down the road feeling bad"", 'not fade away', 'one more saturday night']",bertha,50.3817945,3.5838499
28,The Strand Lyceum,London,England,1972-05-23,1972,,"['promised land', 'sugaree', 'mr. charlie', 'black throated wind', 'tennessee jed', 'next time you see me', 'jack straw', 'china cat sunflower', 'i know you rider', 'me & my uncle', 'chinatown shuffle', 'big railroad blues', 'two souls in communion', 'playing in the band', 'top of the world', 'rockin pneumonia', 'mexicali blues', ""good lovin'"", 'casey jones', 'ramble on rose', 'dark star', 'drums', 'dark star', 'morning dew', ""he's gone"", 'sugar magnolia', 'comes a time', ""goin' down the road feeling bad"", 'not fade away', 'hey bo diddley', 'not fade away', ""uncle john's band""]",promised land,52.1117555,0.1712189
29,The Strand Lyceum,London,England,1972-05-24,1972,,"['cold rain and snow', 'beat it on down the line', 'mr. charlie', 'deal', 'me and my uncle', 'hurts me too', 'dire wolf', 'black throated wind', 'chinatown shuffle', 'china cat sunflower', 'i know you rider', 'playing in the band', 'you win again', 'jack straw', 'casey jones', ""rockin' pneumonia"", 'mexicali blues', 'black peter', ""truckin'"", 'drums', 'the other one', 'sing me back home', 'sugar magnolia', 'turn on your lovelight', 'one more saturday night']",cold rain and snow,52.1117555,0.1712189
30,The Strand Lyceum,London,England,1972-05-25,1972,,"['promised land', 'brown eyed women', 'big boss man', 'black throated wind', 'tennessee jed', 'mr. charlie', 'jack straw', 'china cat sunflower', 'i know you rider', 'me and bobby mcgee', ""good lovin'"", 'playing in the band', 'brokedown palace', 'casey jones', 'me and my uncle', 'big railroad blues', 'chinatown shuffle', 'ramble on rose', ""uncle john's band"", 'wharf rat', 'dark star', 'sugar magnolia', 'comes a time', 'el paso', 'top of the world', ""goin' down the road feeling bad"", 'one more saturday night']",promised land,52.1117555,0.1712189
31,The Strand Lyceum,London,England,1972-05-26,1972,,"['promised land', 'sugaree', 'mr. charlie', 'black throated wind', 'loser', 'next time you see me', 'el paso', 'dire wolf', 'two souls in communion', 'playing in the band', ""he's gone"", 'cumberland blues', 'jack straw', 'chinatown shuffle', 'china cat sunflower', 'i know you rider', 'not fade away', ""goin' down the road feeling bad"", 'not fade away', ""truckin'"", 'the other one', 'morning dew', 'the other one', 'sing me back home', 'me and my uncle', 'ramble on rose', 'sugar magnolia', 'casey jones', 'one more saturday night']",promised land,52.1117555,0.1712189
32,Hollywood Bowl,Hollywood,USA,1972-06-17,1972,CA,"['promised land', 'sugaree', 'black throated wind', 'tennessee jed', 'me and my uncle', 'china cat sunflower', 'i know you rider', 'playing in the band', 'loser', 'beat it on down the line', 'stella blue', 'el paso', 'casey jones', 'big railroad blues', 'jack straw', 'cumberland blues', ""truckin'"", 'drums', 'the other one', 'ramble on rose', 'rockin pneumonia', 'sugar magnolia', 'you win again', 'not fade away', ""goin' down the road feeling bad"", 'not fade away']",promised land,34.0980031,-118.329523
33,Roosevelt Stadium,Jersey City,USA,1972-07-10,1972,NJ,"['bertha', 'me and my uncle', 'bird song', 'promised land', 'sugaree', 'black throated wind', 'china cat sunflower', 'i know you rider', 'jack straw', 'loser', 'beat it on down the line', 'stella blue', 'el paso', 'casey jones', 'greatest story ever told', 'playing in the band', 'brown eyed women', 'tennessee jed', ""truckin'"", 'dark star', 'comes a time', 'sugar magnolia', 'ramble on rose', 'mississippi half-step', 'sing me back home', 'not fade away', ""goin' down the road feeling bad"", 'not fade away', 'one more saturday night']",bertha,40.7215682,-74.047455
34,Dillon Stadium,Hartford,USA,1972-07-16,1972,CT,"['promised land', 'cold rain and snow', 'black throated wind', 'sugaree', 'playing in the band', 'tennessee jed', 'jack straw', 'deal', 'mexicali blues', 'stella blue', 'cumberland blues', 'me and my uncle', 'mississippi half-step', 'sing me back home', 'ramble on rose', ""truckin'"", 'drums', 'the other one', ""he's gone"", 'the other one', 'looks like rain', 'sugar magnolia', 'not fade away', ""goin' down the road feeling bad"", 'hey bo diddley', 'johnny b. goode']",promised land,41.764582,-72.6908547
35,Paramount Northwest Theatre,Seattle,USA,1972-07-21,1972,WA,['unknown'],unknown,47.6038321,-122.330062
36,Paramount Northwest Theatre,Seattle,USA,1972-07-22,1972,WA,"['bertha', 'me and my uncle', 'you win again', 'jack straw', 'bird song', 'beat it on down the line', 'sugaree', 'black throated wind', 'big railroad blues', 'cumberland blues', 'brown eyed women', 'el paso', 'tennessee jed', 'playing in the band', 'china cat sunflower', 'i know you rider', 'mexicali blues', 'deal', 'promised land', 'sing me back hom', 'mississippi half-step', 'me and bobby mcgee', 'ramble on rose', ""truckin'"", ""he's gone"", 'sugar magnolia', 'not fade away', ""goin' down the road feeling bad"", 'not fade away']",bertha,47.6038321,-122.330062
37,Paramount Theater,Portland,USA,1972-07-25,1972,OR,['unknown'],unknown,45.5202471,-122.674194
38,Paramount Theater,Portland,USA,1972-07-26,1972,OR,['unknown'],unknown,45.5202471,-122.674194
39,Memorial Auditorium,Sacramento,USA,1972-08-12,1972,CA,"['promised land', 'sugaree', 'me and my uncle', 'bird song', 'black throated wind', 'deal', 'el paso', 'tennessee jed', 'playing in the band', 'big railroad blues', 'cumberland blues', 'stella blue', 'jack straw', 'casey jones', 'greatest story ever told', 'ramble on rose', 'beat it on down the line', ""he's gone"", 'drums', 'the other one', 'black peter', 'the other one', ""truckin'"", 'mississippi half-step', 'sugar magnolia', 'one more saturday night']",promised land,38.5810606,-121.493895
40,Civic Auditorium,San Jose,USA,1972-08-20,1972,CA,"['bertha', 'me and my uncle', 'sugaree', 'beat it on down the line', 'bird song', 'jack straw', 'friend of the devil', 'black throated wind', 'cumberland blues', 'el paso', 'loser', 'playing in the band', 'promised land', 'brown eyed women', 'me and bobby mcgee', ""truckin'"", 'drums', 'the other one', 'stella blue', 'sugar magnolia', 'casey jones', 'one more saturday night', ""uncle john's band""]",bertha,37.3361663,-121.890591
41,Berkeley Community Theatre,Berkeley,USA,1972-08-21,1972,CA,"['promised land', ""he's gone"", 'black throated wind', 'jack straw', 'china cat sunflower', 'i know you rider', 'me and my uncle', 'sugaree', 'beat it on down the line', 'stella blue', 'playing in the band', 'brown eyed women', 'mexicali blues', 'casey jones', 'greatest story ever told', 'ramble on rose', 'dark star', 'el paso', 'dark star', 'deal', 'sugar magnolia', 'mississippi half-step', ""uncle john's band"", 'one more saturday night']",promised land,37.8708393,-122.272863
42,Berkeley Community Theatre,Berkeley,USA,1972-08-22,1972,CA,"['bertha', 'greatest story ever told', 'loser', 'black throated wind', 'friend of the devil', 'big river', 'bird song', 'beat it on down the line', 'tennessee jed', 'me and my uncle', ""he's gone"", 'playing in the band', 'promised land', 'brown eyed women', 'mexicali blues', ""truckin'"", 'drums', 'the other one', 'stella blue', 'el paso', 'ramble on rose', 'not fade away', ""goin' down the road feeling bad"", 'hey bo diddley', 'not fade away']",bertha,37.8708393,-122.272863
43,Berkeley Community Theatre,Berkeley,USA,1972-08-24,1972,CA,"['promised land', 'sugaree', 'jack straw', 'china cat sunflower', 'i know you rider', 'me and my uncle', 'bird song', 'beat it on down the line', 'tennessee jed', 'playing in the band', 'casey jones', 'mississippi half-step', 'mexicali blues', 'brown eyed women', ""truckin'"", 'dark star', 'morning dew', 'sugar magnolia', 'sing me back home', 'one more saturday night', ""uncle john's band""]",promised land,37.8708393,-122.272863
44,Berkeley Community Theatre,Berkeley,USA,1972-08-25,1972,CA,"['cold rain and snow', 'black throated wind', ""he's gone"", 'beat it on down the line', 'loser', 'frozen logger', 'el paso']",cold rain and snow,37.8708393,-122.272863
45,Old Renaissance Faire Grounds,Veneta,USA,1972-08-27,1972,OR,"['promised land', 'sugaree', 'me and my uncle', 'deal', 'black throated wind', 'china cat sunflower', 'i know you rider', 'mexicali blues', 'bertha', 'playing in the band', ""he's gone"", 'jack straw', 'bird song', 'greatest story ever told', 'dark star', 'el paso', 'sing me back home', 'sugar magnolla', 'casey jones']",promised land,44.0488807,-123.351514
46,"Folsom Field, University of Colorado",Boulder,USA,1972-09-03,1972,CO,"['promised land', 'sugaree', 'me and my uncle', 'tennessee jed', 'black throated wind', 'bird song', 'beat it on down the line', 'mississippi half-step', 'playing in the band', 'casey jones', 'bertha', 'el paso', 'brown eyed women', 'mexicali blues', 'china cat sunflower', 'i know you rider', ""truckin'"", 'loser', ""he's gone"", 'the other one', 'wharf rat', 'johnny b. goode', 'cold rain and snow', 'sugar magnolia', 'deal', 'jack straw', 'ramble on rose', 'rockin pneumonia', 'not fade away', ""goin' down the road feeling bad"", 'not fade away']",promised land,40.0149856,-105.270545
47,Hollywood Palladium,Hollywood,USA,1972-09-09,1972,CA,"['promised land', 'sugaree', 'me and my uncle', 'bird song', 'black throated wind', 'tennessee jed', 'mexicali blues', 'deal', 'playing in the band', 'loser', 'johnny b. goode', 'china cat sunflower', 'i know you rider', 'friend of the devil', 'jack straw', ""he's gone"", ""truckin'"", 'the other one', 'stella blue', 'el paso', 'casey jones', 'sugar magnolia', 'one more saturday night']",promised land,34.0980031,-118.329523
48,Hollywood Palladium,Hollywood,USA,1972-09-10,1972,CA,"['bertha', 'greatest story ever told', 'mississippi half-step', 'black throated wind', 'bird song', 'promised land', 'deal', 'el paso', 'sugaree', 'playing in the band', 'casey jones', ""he's gone"", ""truckin'"", 'ramble on rose', 'beat it on down the line', 'dark star', 'drums', 'jack straw', 'sing me back home', 'sugar magnolia', 'one more saturday night']",bertha,34.0980031,-118.329523
49,Boston Music Hail,Boston,USA,1972-09-15,1972,MA,"['promised land', 'sugaree', 'greatest story ever told', 'china cat sunflower', 'i know you rider', 'black throated wind', 'tennessee jed', 'el paso', 'loser', 'jack straw', 'friend of the devil', 'playing in the band', 'casey jones', ""he's gone"", 'me and my uncle', 'bird song', 'mexicali blues', 'ramble on rose', ""truckin'"", 'drums', 'the other one', 'sugar magnolia', 'one more saturday night']",promised land,42.3588336,-71.0578303
50,Boston Music Hail,Boston,USA,1972-09-16,1972,MA,"['bertha', 'me and my uncle', 'deal', 'black throated wind', 'you win again', 'big river', 'bird song', 'mexicali blues', 'stella blue', 'jack straw', 'big railroad blues', 'playing in the band', 'morning dew', 'greatest story ever told', ""he's gone"", 'el paso', ""don't ease me in"", 'dark star', 'brokedown palace', 'promised land', 'ramble on rose', 'not fade away', ""goin' down the road feeling bad"", 'not fade away', 'one more saturday night']",bertha,42.3588336,-71.0578303
51,Civic Center,Baltimore,USA,1972-09-17,1972,MD,"['promised land', 'sugaree', 'black throated wind', 'friend of the devil', 'el paso', 'bird song', 'big river', 'tennessee jed', 'mexicali blues', 'china cat sunflower', 'i kow you rider', 'playing in the band', 'casey jones', ""truckin'"", 'loser', 'jack straw', 'mississippi half-step', 'me and my uncle', ""he's gone"", 'the other one', 'sing me back home', 'sugar magnolia', ""uncle john's band"", 'one more saturday night']",promised land,39.2908816,-76.610759
52,Roosevelt Stadium,Jersey City,USA,1972-09-19,1972,NJ,"['bertha', 'greatest story ever told', 'bird song', 'black throated wind', 'big railroad blues', 'me and my uncle', 'sugaree', 'jack straw', 'tennessee jed', 'promised land', 'mississippi half-step', 'mexicall', 'brokedown palace', 'beat it on down the line', 'deal', 'big river', ""he's gone"", 'the other one', 'stella blue', 'sugar magnolia', 'casey jones', 'one more saturday night', 'johnny b. goode']",bertha,40.7215682,-74.047455
53,The Spectrum,Philadelphia,USA,1972-09-21,1972,PA,"['promised land', 'bird song', 'el paso', 'china cat sunflower', 'i know you rider', 'black throated wind', 'big railroad blues', 'jack straw', 'loser', 'big river', 'ramble on rose', 'cumberland blues', 'playing in the band', ""he's gone"", ""truckin'"", 'black peter', 'mexicali blues', 'dark star', 'morning dew', 'beat it on down the line', 'mississippi half-step', 'sugar magnolia', 'friend of the devil', 'not fade away', ""goin' down the road feeling bad"", 'not fade away', 'one more saturday night']",promised land,39.9527237,-75.1635262
54,The Palace Theater,Waterbury,USA,1972-09-23,1972,CT,"['big river', 'sugaree', 'mexicali blues', 'black throated wind', 'china cat sunflower', 'i know you rider', 'me and my uncle', 'tennessee jed', 'jack straw', 'bird song', 'el paso', 'deal', 'playing in the band', 'promised land', 'bertha', 'greatest story ever told', 'brown eyed women', 'around and around', ""it's all over now, baby blue"", 'cryptical envelopment', 'drums', 'the other one', 'wharf rat', 'beat it on down the line', 'ramble on rose', 'sugar magnolia', ""goin' down the road feeling bad"", 'not fade away', 'one more saturday night']",big river,41.5541144,-73.0435615
55,The Palace Theater,Waterbury,USA,1972-09-24,1972,CT,"['big railroad blues', 'mexicali blues', 'loser', 'black throated wind', 'cumberland blues', 'sugaree', 'el paso', 'tennessee jed', 'beat it on down the line', 'bird song', 'big river', 'brown eyed women', 'playing in the band', 'greatest story ever told', 'bertha', 'promised land', 'friend of the devil', 'jack straw', 'tomorrow is forever', 'me and my uncle', 'dark star', 'drums', 'china cat sunflower', 'i know you rider', 'sugar magnolia', 'one more saturday night']",big railroad blues,41.5541144,-73.0435615
56,Stanley Theatre,Jersey City,USA,1972-09-26,1972,NJ,"['promised land', 'cold rain and snow', 'me & m uncle', ""he's gone"", 'mexicali blues', 'deal', 'big river', 'cumberland blues', 'black throated wind', 'bird song', 'sugaree', 'around and around', 'playing in the band', 'el paso', 'mississippi half-step', 'greatest story ever told', 'tomorrow is forever', ""truckin'"", 'the other one', ""it's all over now, baby blue"", 'sugar magnolia', '26 miles', 'johnny b. goode']",promised land,40.7215682,-74.047455
57,Stanley Theatre,Jersey City,USA,1972-09-27,1972,NJ,"['morning dew', 'beat it on down the line', 'friend of the devil', 'black throated wind', 'tennessee jed', 'mexicali blues', 'bird song', 'big river', 'brokedown palace', 'el paso', 'china cat sunflower', 'i know you rider', 'playing in the band', ""he's gone"", 'jack straw', 'deal', 'greatest story ever told', 'ramble on rose', 'dark star', 'cumberland blues', 'attics of my life', 'promised land', ""uncle john's band"", 'casey jones', 'around and around']",morning dew,40.7215682,-74.047455
58,Stanley Theatre,Jersey City,USA,1972-09-28,1972,NJ,"[""truckin'"", 'loser', 'beat it on down the line', 'brown eyed women', 'mexicali blues', 'mississippi half-step', 'black throated wind', ""don't ease me in"", 'big river', 'tennessee jed', 'promised land', 'china cat sunflower', 'i know you rider', 'playing in the band', 'bertha', 'greatest story ever told', 'brokedown palace', 'me and my uncle', 'ramble on rose', 'el paso', ""he's gone"", 'the other one', 'me and bobby mcgee', 'the other one', 'wharf rat', 'sugar magnolia', 'not fade away', ""goin' down the road feeling bad"", 'not fade away']",truckin,40.7215682,-74.047455
59,American University,Washington,USA,1972-09-30,1972,DC,"['deal', 'mexicali blues', 'sugaree', 'black throated wind', 'china cat sunflower', 'i know you rider', 'el paso', 'bird song', 'big river', 'loser', 'playing in the band', 'casey jones', 'greatest story ever told', ""he's gone"", 'me and my uncle', 'brokedown palace', ""truckin'"", 'the other one', 'sing me back home', 'sugar magnolia', 'mississippi half-step', ""uncle john's band"", 'one more saturday night']",deal,38.8950982,-77.0363849
60,Civic Center Arena,Springfield,USA,1972-10-02,1972,MA,"['cold rain and snow', 'mexicali blues', 'tennessee jed', 'beat it on down the line', 'bird song', 'black throated wind', 'big railroad blues', 'el paso', 'brown eyed women', 'cumberland blues', 'jack straw', ""don't ease me in"", 'playing in the band', 'casey jones', 'promised land', ""he's gone"", 'me and bobby mcgee', 'china cat sunflower', 'i know you rider', 'tomorrow is forever', 'greatest story ever told', 'mississippi half-step', 'stella blue', ""truckin'"", ""nobody's jam"", 'drums', ""uncle john's band's jam"", 'morning dew', 'sugar magnolia', ""uncle john's band"", 'johnny b. goode']",cold rain and snow,42.1018764,-72.5886727
61,Winterland Arena,San Francisco,USA,1972-10-09,1972,CA,"['promised land', 'deal', 'beat it on down the line', 'friend of the devil', 'me and my uncle', 'tennessee jed', 'black throated wind', 'loser', 'el paso', 'box of rain', 'china cat sunflower', 'i know you rider', 'mexicali blues', 'sugaree', 'playing in the band', 'jam', ""he's gone"", 'big river', 'mississippi half-step', 'greatest story ever told', 'brokedown palace', ""truckin'"", 'the other one', 'wharf rat', 'sugar magnolia', 'casey jones', 'johnny b. goode']",promised land,37.7879363,-122.4075201
62,Fox Theatre,St. Louis,USA,1972-10-17,1972,MO,"['promised land', 'bird song', 'el paso', 'sugaree', 'me & m uncle', 'tennessee jed', 'big river', 'china cat sunflower', 'i know you rider', 'black throated wind', 'deal', 'cumberland blues', 'playing in the band', 'casey jones', 'greatest story ever told', ""don't ease me in"", 'mexicali blues', 'black peter', 'me and bobby mcgee', 'bertha', 'jack straw', 'friend of the devil', 'beat it on down the line', 'ramble on rose', 'mississippi half-step', 'sugar magnolia', 'not fade away', 'gdtfb', 'not fade away', ""uncle john's band"", 'johnny b. goode']",promised land,38.6254063,-90.190009
63,Fox Theatre,St. Louis,USA,1972-10-18,1972,MO,"['bertha', 'me and my uncle', ""don't ease me in"", 'mexicali blues', 'b.e,women', 'beat it on down the line', 'bird song', 'big river', 'loser', 'jack straw', 'big railroad blues', 'el paso', 'china cat sunflower', 'i know you rider', 'playing in the band', 'drums', 'dark star', 'momin dew', 'playing in the band', 'friend of the devil', 'promised land', 'brokedown palace', 'saturday nigh', 'casey jones']",bertha,38.6254063,-90.190009
64,Fox Theatre,St. Louis,USA,1972-10-19,1972,MO,"['promised land', 'tennessee jed', 'jack straw', ""don't ease me in"", 'black throated wind', 'sugaree', 'mexicali blues', 'bertha', 'el paso', 'china cat sunflower', 'i know you rider', 'beat it on down the line', 'dire wolf', 'around and around', 'casey jones', 'big river', 'friend of the devil', 'me and my uncle', 'bird song', ""truckin'"", 'drums', 'the other one', ""he's gone"", 'the other one', 'greatest story ever told', 'comes a time', 'not fade away', ""goin' down the road feeling bad"", 'not fade away']",promised land,38.6254063,-90.190009
65,Vanderbilt University,Nashville,USA,1972-10-21,1972,TN,"['bertha', 'me and my uncle', 'deal', 'beat it on down the line', 'sugaree', 'el paso', 'china cat sunflower', 'i know you rider', 'black throated wind', 'tennessee jed', 'jack straw', 'loser', 'playing in the band', 'promised land', 'brown eyed women', 'big river', ""he's gone"", 'greatest story ever told', 'bird song', ""truckin'"", 'the other one', 'morning dew', 'sugar magnolia', 'johnny b. goode']",bertha,36.1622767,-86.7742984
66,Performing Arts Center,Milwaukee,USA,1972-10-23,1972,WI,['unknown'],unknown,43.0386475,-87.9090751
67,Performing Arts Center,Milwaukee,USA,1972-10-24,1972,WI,['unknown'],unknown,43.0386475,-87.9090751
68,Music Mall,Cincinnati,USA,1972-10-26,1972,OH,['unknown'],unknown,39.1012809,-84.5127405
69,Veterans Memorial Auditorium,Columbus,USA,1972-10-27,1972,OH,"['bertha', 'mexicali blues', 'loser', 'jack straw', 'big railroad blues', 'el paso', 'sugaree', 'beat it on down the line', 'brown eyed women', 'box of rain', 'black throated wind', 'tennessee jed', 'me and bobby mcgee', 'bird song', 'big river', 'casey jones', 'greatest story ever told', 'ramble on rose', 'truckin', 'the other one', 'mississippi half-step', 'morning dew', 'tomorrow is forever', 'promised land', 'deal', 'sugar magnolia', ""uncle john's band""]",bertha,39.9622601,-83.0007065
70,Public Hall,Cleveland,USA,1972-10-28,1972,OH,"['el paso', 'casey jones', 'dark star', 'johnny b. goode']",el paso,41.4996574,-81.6936772
71,Ford Auditorium,Detroit,USA,1972-10-30,1972,MI,"['promised land', ""truckin'"", 'around and around']",promised land,42.3315509,-83.0466403
72,Memorial Hall,Kansas City,USA,1972-11-12,1972,MO,['unknown'],unknown,39.100105,-94.5781416
73,Memorial Hall,Kansas City,USA,1972-11-13,1972,MO,"['cold rain and snow', 'beat it on down the line', 'jack straw', 'china cat sunflower', 'i know you rider', 'box of rain', 'black throated wind', 'candyman', 'el paso', 'tomorrow is forever', 'around and around', 'brown eyed women', 'playing in the band', 'promised land', 'ramble on rose', 'me and bobby mcgee', 'dark star', 'morning dew', 'sugar magnolia']",cold rain and snow,39.100105,-94.5781416
74,Oklahoma City Music Hall,Oklahoma City,USA,1972-11-14,1972,OK,"[""he's gone"", ""truckin'"", 'the other one', 'sing me back home', 'sugar magnolia']",hes gone,35.4729886,-97.5170536
75,Oklahoma City Music Hall,Oklahoma City,USA,1972-11-15,1972,OK,"['candyman', 'china cat sunflower', 'i know you rider', 'not fade away', ""goin' down the road feeling bad"", 'not fade away']",candyman,35.4729886,-97.5170536
76,unknown,Wichita,USA,1972-11-17,1972,KS,"['beat it on down the line', 'brown eyed women', 'big river', 'china cat sunflower', 'i know you rider', 'around and around', 'casey jones', 'cumberland blues', 'el paso', ""uncle john's band"", ""he's gone"", ""truckin'"", 'the other one', 'brokedown palace', 'sugar magnolia', ""uncle john's band"", 'johnny b. goode']",beat it on down the line,37.6922361,-97.3375448
77,Hofheinz Pavilion,Houston,USA,1972-11-18,1972,TX,"['promised land', 'sugaree', 'mexicali blues', 'loser', 'black throated wind', 'tennessee jed', 'el paso', 'big railroad blues', 'box of rain', 'china cat sunflower', 'i know you rider', 'beat it on down the line', 'brown eyed women', 'around and around', 'casey jones', 'bertha', 'greatest story ever told', ""he's gone"", 'mississippi half-step', 'sugar magnolia', 'one more saturday night', ""uncle john's band""]",promised land,29.7589382,-95.3676974
78,Hofheinz Pavilion,Houston,USA,1972-11-19,1972,TX,"['bertha', 'me and my uncle', 'sugaree', 'beat it on down the line', 'bird song', 'black throated wind', ""don't ease me in"", 'mexicali blues', 'box of rain', 'tomorrow is forever', 'big river', 'china cat sunflower', 'i know you rider', 'playing in the band', 'casey jones', 'promised land', 'ramble on rose', 'el paso', 'stella blue', 'jack straw', 'dark star', 'wrs prelude', 'mississippi half-step', 'around and around', 'big railroad blues', 'sugar magnolia', ""goin' down the road feeling bad""]",bertha,29.7589382,-95.3676974
79,Municipal Auditorium,Austin,USA,1972-11-22,1972,TX,"['promised land', 'sugaree', 'mexicali blues', 'loser', 'black throated wind', 'china cat sunflower', 'i know you rider', 'beat it on down the line', 'candyman', 'el paso', 'bird song', 'playing in the band', 'casey jones', 'greatest story ever told', ""he's gone"", ""truckin'"", 'drums', 'the other one', 'stella blue', 'big river', 'ramble on rose', 'sugar magnolia', 'brokedown palace', 'around and around', 'one more saturday night', ""uncle john's band""]",promised land,30.2711286,-97.7436995
80,Memorial Auditorium,Dallas,USA,1972-11-24,1972,TX,"[""don't ease me in"", 'me and my uncle', 'brown eyed women', 'black throated wind', 'bertha', 'el paso', 'deal', 'beat it on down the line', 'tennessee jed', 'jack straw', 'sugaree', 'playing in the band', 'china cat sunflower', 'i know you rider', 'box of rain', ""truckin'"", 'ramble on rose', 'big river', 'casey jones', 'sugar magnolia', 'not fade away', ""goin' down the road feeling bad"", 'not fade away']",dont ease me in,32.7762719,-96.7968559
81,Civic Auditorium,SanAntonio,USA,1972-11-26,1972,TX,"['promised land', 'deal', 'mexicali blues', 'sugaree', 'black throated wind', 'bird song', 'beat it on down the line', 'china cat sunflower', 'i know you rider', 'box of rain', 'el paso', 'big railroad blues', 'around and around', 'casey jones', 'playing in the band', 'brown eyed women', 'jack straw', ""don't ease me in"", 'big river', 'dark star', 'me and bobby mcgee', 'brokedown palace', 'sugar magnolia', ""goin' down the road feeling bad"", 'one more saturday night']",promised land,29.4246002,-98.4951405
82,Winterland Arena,San Francisco,USA,1972-12-10,1972,CA,"['cold rain and snow', 'beat it on down the line', ""don't ease me in"", 'black throated wind', 'bird song', 'el paso', 'around and around', 'tennessee jed', 'big river', 'box of rain', 'candyman', 'bertha', 'playing in the band', 'casey jones', 'promised land', 'stella blue', 'china cat sunflower', 'i know you rider', ""truckin'"", 'the other one', 'deal', 'jack straw', 'sugar magnolia', 'ramble on rose', 'johnny b. goode', ""uncle john's band""]",cold rain and snow,37.7879363,-122.4075201
83,Winterland Arena,San Francisco,USA,1972-12-11,1972,CA,"['promised land', 'sugaree', 'mexicali blues', 'loser', 'me and bobby mcgee', 'brown eyed women', 'beat it on down the line', 'china cat sunflower', 'i know you rider', 'box of rain', ""he's gone"", 'around and around', 'friend of the devil', 'playing in the band', 'mississippi half-step', 'me and my uncle', 'big railroad blues', 'dark star', 'stella blue', 'big river', 'deal', 'tomorrow is forever', 'sugar magnolia', 'casey jones']",promised land,37.7879363,-122.4075201
84,Winterland Arena,San Francisco,USA,1972-12-12,1972,CA,"['bertha', 'beat it on down the line', 'bird song', 'mexicali blues', 'brown eyed women', 'jack straw', 'me and bobby mcgee', 'tennessee jed', 'box of rain', 'el paso', 'cumberland blues', 'dont ease', 'around and around', 'playing in the band', ""he's gone"", ""truckin'"", 'the other one', 'sugar magnolia', 'sing me back home', ""goin' down the road feeling bad"", 'one more saturday night', 'johnnyb.goode']",bertha,37.7879363,-122.4075201
85,Long Beach Arena,Long Beach,USA,1972-12-15,1972,CA,"['black throated wind', 'box of rain', 'greatest story ever told', 'jack straw', 'playing in the band', ""he's gone"", ""truckin'"", 'the other one', 'dark star', 'morning dew']",black throated wind,33.7690164,-118.191604
86,Winterland Arena,San Francisco,USA,1972-12-31,1972,CA,"['around and around', 'deal', 'mexicali blues', 'brown eyed women', 'box of rain', 'jack straw', ""don't ease me in"", 'beat it on down the line', 'candyman', 'el paso', 'tennessee jed', 'playing in the band', 'casey jones', 'promised land', 'mississippi half-step', 'big river', 'sugaree', ""truckin'"", 'the other one', 'drums', 'the other one', 'morning dew', 'sugar magnolia', 'sing me back home', 'johnny b. goode', ""uncle john's band"", 'one more saturday night']",around and around,37.7879363,-122.4075201
87,Roscoe Maples Pavilion (Stanford U),Palo Alto,USA,1973-02-09,1973,CA,"['promised land', 'row jimmy', 'black throated wind', 'deal', 'me and my uncle', 'sugaree', 'looks like rain', 'loose lucy', 'mexicali blues', 'brown eyed women', 'el paso', 'here comes sunshine', 'playing in the band', 'china cat sunflower', 'i know you rider', 'jack straw', 'they love each other', ""truckin'"", 'eyes of the world', 'china doll', 'big river', 'ramble on rose', 'box of rain', 'wave that flag', 'sugar magnolia', ""uncle john's band"", 'around and around', 'casey jones']",promised land,37.4443293,-122.1598465
88,Dane County Coliseum,Madison,USA,1973-02-15,1973,WI,"['loose lucy', 'beat it on down the line', 'brown eyed women', 'mexicali blues', 'tennessee jed', 'looks like rain', 'box of rain', 'row jimmy', 'jack straw', 'china cat sunflower', 'i know you rider', 'me and my uncle', 'bertha', 'playing in the band', 'casey jones', 'here comes sunshine', 'el paso', ""you ain't woman enough"", 'they love each other', 'big river', 'dark star', 'eyes of the world', 'china doll', 'promised land', 'suagaree', 'sugar magnolia', ""uncle john's band"", 'one more saturday night']",loose lucy,43.07469,-89.3841663
89,Auditorium,St. Paul,USA,1973-02-17,1973,MN,"['promised land', ""he's gone"", 'looks like rain', 'box of rain', 'wave that flag', 'mexicali blues', 'bird song', 'beat it on down the line', 'loose lucy', 'me and bobby mcgee', 'stella blue', 'el paso', 'they love each other', 'playing in the band', ""truckin'"", 'row jimmy', 'big river', ""you ain't woman enough"", 'here comes sunshine', 'china cat sunflower', 'i know you rider', 'around and around', 'not fade away', ""goin' down the road feeling bad"", 'not fade away', 'one more saturday night', 'casey jones']",promised land,44.9497487,-93.0931028
90,International Amphitheater,Chicago,USA,1973-02-19,1973,IL,"['promised land', 'eyes of the world', 'china doll']",promised land,41.8755616,-87.6244212
91,Assembly Hall (U of Illinois),Champaign-Urbana,USA,1973-02-21,1973,IL,"['wave that flag', 'me and my uncle', 'brown eyed women', 'beat it on down the line', 'loser', 'looks like rain', 'row jimmy', ""you ain't woman enough"", 'box of rain', 'big railroad blues', 'sugaree', 'around and around', 'china cat sunflower', 'i know you rider', 'jack straw', 'mississippi half-step', ""truckin'"", 'eyes of the world', 'stella blue', 'sugar magnolia', 'casey jones', 'johnny b. goode']",wave that flag,40.1157948,-88.241194
92,Assembly Hall (U of Illinois),Champaign-Urbana,USA,1973-02-22,1973,IL,"['promised land', 'they love each other', 'el paso', 'bird song', 'mexicali blues', 'deal', 'looks like rain', 'tennesse jed', 'box of rain', 'playing in the band', 'wave that flag', 'me and my uncle', 'dark star', 'eyes of the world', 'china doll', 'around and around', ""goin' down the road feeling bad"", 'one more saturday night', 'casey jones']",promised land,40.1157948,-88.241194
93,University of Iowa,Iowa City,USA,1973-02-24,1973,IA,"['bertha', 'mexicali blues', 'brown eyed women', 'looks like rain', 'loos lucy', 'beat it on down the line', 'china cat sunflower', 'i know you rider', 'jack straw', 'here come sunshine', 'el paso', 'box of rain', 'tenessee jed', 'playing in the band', 'they love each other', 'greatest story ever told', 'row jimmy', 'big river', 'ramble on rose', 'me and bobby mcgee', ""truckin'"", ""nobody's jam"", 'eyes of the world', 'sugar magnolia']",bertha,41.6612561,-91.5299106
94,Pershing Municipal Auditorium,Lincoln,USA,1973-02-26,1973,NE,"['promised land', 'deal', 'mexicali blues', 'loser', 'jack straw', ""don't ease me in"", 'box of rain', 'china cat sunflower', 'i know you rider', 'looks like rain', 'loose lucy', 'beat it on down the line', 'row jimmy', 'el paso', 'big railroad blues', 'playing in the band', 'they love each other', 'big river', 'tennessee jed', 'greatest story ever told', 'dark star', 'eyes of the world', 'mississippi half-step', 'me and my uncle', 'not fade away', ""goin' down the road feeling bad"", 'not fade away']",promised land,40.8088861,-96.7077751
95,Salt Palace,Salt Lake City,USA,1973-02-28,1973,UT,"['cold rain and snow', 'beat it on down the line', 'they love each other', 'mexicali blues', 'sugaree', 'box of rain', 'el paso', ""he's gone"", 'jack straw', 'china cat sunflower', 'i know you rider', 'big river', 'row jimmy', 'promised land', ""truckin'"", 'the other one', 'eyes of the world', 'morning dew', 'sugar magnolia', 'we bid you goodnight']",cold rain and snow,40.7596198,-111.886797
96,Nassau Veterans Memorial Coliseum,Uniondale ,USA,1973-03-15,1973,NY,"['promised land', 'mississippi half-step', 'mexicali blues', 'they love each other', 'looks like rain', 'deal', 'beat it on down the line', 'box of rain', 'row jimmy', 'me and my uncle', 'tennessee jed', 'el paso', 'here comes sunshine', 'playing in the band', 'loose lucy', 'big river', 'sugaree', 'jack straw', 'stella blue', ""truckin'"", 'the other one', 'eyes of the world', 'china doll', ""you ain't woman enough"", 'sugar magnolia', 'casey jones']",promised land,40.7157545,-73.5898872
97,Nassau Veterans Memorial Coliseum,Uniondale,USA,1973-03-16,1973,NY,"['china cat sunflower', 'i know you rider', 'jack straw', 'wave that flag', 'looks like rain', 'ramble on rose', 'box of rain', 'beat it on down the line', 'they love each other', 'el paso', 'row jimmy', 'mexicali blues', 'bird song', 'playing in the band', 'promised land', 'bertha', 'greatest story ever told', 'loser', 'big river', ""don't ease me in"", 'me and my uncle', 'dark star', ""truckin'"", 'morning dew', 'sugar magnolia']",china cat sunflower,40.7157545,-73.5898872
98,Nassau Veterans Memorial Coliseum,Uniondale,USA,1973-03-19,1973,NY,"['promised land', ""he's gone"", 'mexicali blues', 'they love each other', 'looks like rain', 'wave that flag', 'box of rain', 'the race is on', 'row jimmy', 'el paso', 'china cat sunflower', 'i know you rider', 'around and around', 'tennessee jed', 'playing in the band', 'loose lucy', 'me and my uncle', 'brown eyed women', 'big river', 'mississippi half-step', 'stella blue', 'jack straw', ""truckin'"", 'the other one', 'eyes of the world', 'china doll', 'johnny b. goode', 'casey jones']",promised land,40.7157545,-73.5898872
99,Memorial Auditorium,Utica,USA,1973-03-21,1973,NY,"['bertha', 'me and my uncle', 'wave that flag', 'looks like rain', 'tennessee jed', 'box of rain', 'jack straw', ""you ain't woman enough"", 'row jimmy', 'beat it on down the line', 'here comes sunshine', 'the race is on', 'loser', 'el paso', 'china cat sunflower', 'i know you rider', 'playing in the band', 'greatest story ever told', 'they love each other', 'mexicali blues', 'brown eyed women', 'big river', 'brokedown palace', 'me and bobby mcgee', 'wrs prelude', 'dark star', 'eyes of the world', 'wharf rat', 'sugar magnolia', 'casey jones']",bertha,43.1009031,-75.2326641
100,Memorial Auditorium,Utica,USA,1973-03-22,1973,NY,"['promised land', 'sugaree', 'mexicali blues', 'they love each other', 'looks like rain', 'deal', 'beat it on down the line', 'bird song', 'jack straw', 'box of rain', ""you ain't woman enough"", 'the race is on', 'row jimmy', 'el paso', 'china cat sunflower', 'i know you rider', 'playing in the band', 'casey jones', 'big river', 'wave that flag', 'me and my uncle', 'here comes sunshine', ""truckin'"", 'the other one', 'eyes of the world', 'china doll', 'sugar magnolia', 'saturday night']",promised land,43.1009031,-75.2326641
101,The Spectrum,Philadelphia,USA,1973-03-24,1973,PA,"['bertha', 'beat it on down the line', ""don't ease me in"", 'the race is on', 'cumberland blues', 'box of rain', 'row jimmy', 'jack straw', 'they love each other', 'mexicali blues', 'tennessee jed', 'looks like rain', 'wave that flag', 'el paso', 'here comes sunshine', 'me and bobby mcgee', 'loser', 'playing in the band', 'promised land', 'china cat sunflower', 'i know you rider', 'big river', 'stella blue', 'me and my uncle', ""he's gone"", ""truckin'"", 'spanish jam', 'dark star', 'sing me back home', 'sugar magnolia', 'johnny b. goode']",bertha,39.9527237,-75.1635262
102,Civic Center,Baltimore,USA,1973-03-26,1973,MD,"['promised land', 'mississippi half-step', 'the race is on', 'wave that flag', 'jack straw', 'sugaree', 'mexicali blues', 'box of rain', 'row jimmy', 'beat it on down the line', 'brown eyed women', 'el paso', 'china cat sunflower', 'i know you rider', 'looks like rain', ""don't ease me in"", 'playing in the band', 'ramble on rose', 'big river', 'here comes sunshine', 'greatest story ever told', 'candyman', 'me and my uncle', ""he's gone"", ""truckin'"", 'wrs prelude', 'wharf rat', 'me and bobby mcgee', 'eyes of the world', 'morning dew', 'one more saturday night']",promised land,39.2908816,-76.610759
103,Civic Center Arena,Springfield,USA,1973-03-28,1973,MA,"['cumberland blues', 'here comes sunshine', 'mexicali blues', 'qave that flag', 'beat it on down the line', 'loser', 'jack straw', 'box of rain', 'they love each other', 'el paso', 'row jimmy', 'around and around', 'brown eyed women', ""you ain't woman enough"", 'looks like rain', 'china cat sunflower', 'i know you rider', 'promised land', 'loose lucy', 'big river', 'mississippi half-step', 'me and my uncle', ""don't ease me in"", 'the race is on', 'stella blue', 'wrs prelude', 'dark star', 'eyes of the world', 'playing in the band', 'johnny b. goode']",cumberland blues,42.1018764,-72.5886727
104,Community War Memorial,Rochester,USA,1973-03-30,1973,NY,"['promised land', 'deal', 'looks like rain', 'they love each other', 'mexicali blues', 'box of rain', 'cumberland blues', 'candyman', 'beat it on down the line', ""don't ease me in"", 'el paso', 'row jimmy', 'the race is on', 'bird song', 'playing in the band', 'china cat sunflower', 'i know you rider', 'jack straw', 'wave that flag', 'greatest story ever told', ""truckin'"", 'eyes of the world', 'not fade away', ""goin' down the road feeling bad"", 'one more saturday night']",promised land,43.157285,-77.615214
105,War Memorial Auditorium,Buffalo,USA,1973-03-31,1973,NY,"['mississippi half-step', 'the race is on', 'sugaree', 'mexicali blues', 'box of rain', 'tennessee jed', 'jack straw', 'big railroad blues', 'el paso', 'row jimmy', 'looks like rain', 'they love each other', 'playing in the band', 'promised land', 'bertha', 'greatest story ever told', ""he's gone"", ""truckin'"", 'drums', 'the other one', 'spanish jam', 'i know you rider', 'sugar magnolia', 'casey jones']",mississippi half-step,42.8864163,-78.8781493
106,Boston Garden,Boston,USA,1973-04-02,1973,MA,"['promised land', 'deal', 'mexicali blues', 'brown eyed women', 'beat it on down the line', 'row jimmy', 'looks like rain', 'wave that flag', 'box of rain', 'big river', 'china cat sunflower', 'i know you rider', ""you ain't woman enough"", 'jack straw', ""don't ease me in"", 'playing in the band', 'ramble on rose', 'me and my uncle', 'mississippi half-step', 'around and around', 'loose lucy', 'greatest story ever told', 'here comes sunshine', 'me and bobby mcgee', 'wrs prelude', 'eyes of the world', 'china doll', 'sugar magnolia', 'casey jones', 'johnny b. goode', 'we bid you goodnight']",promised land,42.3588336,-71.0578303
107,State Fairgrounds,Des Moines,USA,1973-05-13,1973,IA,"['promised land', 'deal', 'mexicali blues', 'they love each other', 'box of rain', 'loser', 'china cat sunflower', 'i know you rider', 'beat it on down the line', 'el paso', 'row jimmy', 'me and my uncle', ""don't ease me in"", 'around and around', 'tennessee jed', 'big river', 'bertha', 'jack straw', 'sugaree', 'looks like rain', 'here comes sunshine', 'playing in the band', 'mississippi half-step', 'greatest story ever told', 'brown eyed women', ""he's gone"", ""truckin'"", 'drums', 'the other one', 'eyes of the world', 'china doll', 'sugar magnolia', 'casey jones']",promised land,41.5868654,-93.6249494
108,U.C.S.B. Stadium,Santa Barbara,USA,1973-05-20,1973,CA,"['bertha', 'me and my uncle', 'box of rain', 'deal', 'looks like rain', 'tennessee jed', 'the race is on', 'china cat sunflower', 'i know you rider', 'beat it on down the line', 'they love each other', 'playing in the band', 'promised land', 'brown eyed women', 'mexicali blues', 'row jimmy', 'jack straw', 'big railroad blues', 'greatest story ever told', 'here comes sunshine', 'big river', 'loser', 'el paso', 'casey jones', ""truckin'"", 'the other one', 'eyes of the world', 'stella blue', 'sugar magnolia', 'johnny b. goode']",bertha,34.4221319,-119.702667
109,Kezar Stadium,San Francisco,USA,1973-05-26,1973,CA,"['promised land', 'deal', 'jack straw', 'tennessee jed', 'the race is on', 'sugaree', 'mexicali blues', 'row jimmy', 'looks like rain', 'they love each other', 'playing in the band', 'here comes sunshine', 'el paso', 'loser', 'beat it on down the line', ""you ain't woman enough"", 'box of rain', 'china cat sunflower', 'i know you rider', 'big river', 'bertha', 'around and around', 'mississippi half-step', 'me and my uncle', ""he's gone"", ""truckin'"", 'the other one', 'eyes of the world', 'china doll', 'sugar magnolia', 'casey jones']",promised land,37.7879363,-122.4075201
110,Robert F. Kennedy Stadium,Washington,USA,1973-06-09,1973,DC,"['promised land', 'deal', 'looks like rain', 'they love each other', 'jack straw', 'loose lucy', 'mexicali blues', 'row jimmy', 'el paso', 'box of rain', 'sugaree', 'beat it on down the line', 'tennessee jed', 'china cat sunflower', 'i know you rider', ""he's gone"", ""truckin'"", 'playing in the band', 'loser', 'me and my uncle', 'mississippi half-step', 'big river', 'eyes of the world', 'china doll', 'sugar magnolia']",promised land,38.8950982,-77.0363849
111,Robert F. Kennedy Stadium,Washington,USA,1973-06-10,1973,DC,"['morning dew', 'beat it on down the line', 'ramble on rose', 'jack straw', 'wave that flag', 'looks like rain', 'box of rain', 'they love each other', 'the race is on', 'row jimmy', 'el paso', 'bird song', 'playing in the band', 'eyes of the world', 'stella blue', 'big river', 'here comes sunshine', 'around and around', 'dark star', ""he's gone"", 'wharf rat', ""truckin'"", 'sugar magnolia', 'it take a lot to laugh. it take a train to cry', ""that's alright mama"", 'promised land', 'not fade away', ""goin' down the road feeling bad"", 'not fade away', 'johnny b. goode']",morning dew,38.8950982,-77.0363849
112,P.N.E Coliseum,Vancouver,Canada,1973-06-22,1973,,"['bertha', 'beat it on down the line', 'deal', 'mexicali blues', 'box of rain', 'bird song', 'the race is on', 'sugaree', 'looks like rain', 'row jimmy', 'jack straw', 'china cat sunflower', 'i know you rider', 'big river', 'tennessee jed', 'playing in the band', 'here comes sunshine', 'promised land', 'brown eyed women', 'el paso', 'black peter', 'greatest story ever told', 'big railroad blues', ""he's gone"", ""truckin'"", ""nobody's jam"", 'the other one', 'wharf rat', 'sugar magnolla', 'casey jones', 'johnny b. goode']",bertha,-21.2126729,-47.8075133
113,Memorial Coliseum,Portland,USA,1973-06-24,1973,OR,"['mississippi half-step', ""you ain't woman enough"", 'el paso', 'stella blue', 'greatest story ever told', 'bertha', 'row jimmy', 'beat it on down the line', 'china cat sunflower', 'i know you rider', 'around and around', 'not fade away', ""goin' down the road feeling bad"", 'not fade away', 'johnny b. goode']",mississippi half-step,45.5202471,-122.674194
114,Seattle Center Arena,Seattle,USA,1973-06-26,1973,WA,"['casey jones', 'greatest story ever told', 'brown eyed women', 'jack straw', 'box of rain', 'deal', 'mexicali blues', ""you ain't woman enough"", 'row jimmy', 'the race is on', 'china cat sunflower', 'i know you rider', 'beat it on down the line', 'loser', 'playing in the band', 'bertha', 'promised land', 'they love each other', 'el paso', 'black peter', 'big river', 'here comes sunshine', 'me and my uncle', ""he's gone"", ""truckin'"", 'the other one', 'me and bobby mcgee', 'the other one', 'sugar magnolia', 'johnny b. goode']",casey jones,47.6038321,-122.330062
115,Universal Amphitheatre,Universal City,USA,1973-06-29,1973,CA,"['bertha', 'me and my uncle', 'sugaree', 'the race is on', 'looks like rain', ""don't ease me in"", 'big river', 'row jimmy', 'loose lucy', 'china cat sunflower', 'i know you rider', 'jack straw', 'deal', 'playing in the band', 'mississippi half-step', 'el paso', 'brown eyed women', 'promised land', ""he's gone"", ""truckin'"", 'the other one', 'morning dew', 'around and around', 'casey jones']",bertha,34.1419225,-118.358411
116,Universal Amphitheatre,Universal City,USA,1973-06-30,1973,CA,"['promised land', 'they love each other', 'mexicali blues', 'tennessee jed', 'looks like rain', 'bird song', 'cumberland blues', 'row jimmy', 'jack straw', 'deal', 'beat it on down the line', 'black peter', 'playing in the band', 'greatest story ever told', 'ramble on rose', 'el paso', 'dark star', 'eyes of the world', 'stella blue', 'sugar magnolla', 'one more saturday night']",promised land,34.1419225,-118.358411
117,Universal Amphitheatre,Universal City,USA,1973-07-01,1973,CA,"['mississippi half-step', 'me and my uncle', 'sugaree', 'the race is on', 'brown eyed women', 'looks like rain', ""don't ease me in"", 'big river', 'china cat sunflower', 'i know you rider', 'around and around', 'playing in the band', 'row jimmy', 'el paso', 'loose lucy', ""truckin'"", 'the other one', 'wharf rat', 'me and bobby mcgee', 'casey jones']",mississippi half-step,34.1419225,-118.358411
118,Grand Prix Racecourse,Watkins Glen,USA,1973-07-27,1973,NY,"['promised land', 'sugaree', 'mexicali blues', 'bird song', 'big river', 'tennessee jed', 'mississippi half-step', 'me and my uncle', 'jam', 'wharf rat', 'around and around']",promised land,42.3810555,-76.8705777
119,Grand Prix Racecourse,Watkins Glen,USA,1973-07-28,1973,NY,"['bertha', 'beat it on down the line', 'brown eyed women', 'mexicali blues', 'box of rain', 'here comes sunshine', 'looks like rain', 'row jimmy', 'jack straw', 'deal', 'playing in the band', 'around and around', 'loose lucy', 'big river', ""he's gone"", ""truckin'"", ""nobody's jam"", 'el paso', 'china cat sunflower', 'i know you rider', 'stella blue', 'eyes of the world', 'sugar magnolia', 'sing me back home', 'not fade away', 'mountain jam', 'johnny b. goode']",bertha,42.3810555,-76.8705777
120,Roosevelt Stadium,Jersey City,USA,1973-07-31,1973,NJ,"['ramble on rose', 'me and my uncle', ""don't ease me in"", 'beat it on down the line', 'brown eyed women', 'mexicali blues', 'loser', 'jack straw', 'they love each other', 'looks like rain', 'tennessee jed', 'el paso', 'china cat sunflower', 'i know you rider', 'playing in the band', 'promised land', 'bertha', 'greatest story ever told', 'black peter', 'big river', 'loose lucy', 'me and bobby mcgee', ""truckin'"", 'the other one', ""goin' down the road feeling bad"", 'johnny b. goode']",ramble on rose,40.7215682,-74.047455
121,Roosevelt Stadium,Jersey City,USA,1973-08-01,1973,NJ,"['promised land', 'sugaree', 'the race is on', ""you ain't woman enough"", 'bird song', 'mexicali blues', 'they love each other', 'jack straw', 'stella blue', 'big river', 'casey jones', 'around and around', 'mississippi half-step', 'me and my uncle', 'row jimmy', 'dark star', 'el paso', 'eyes of the world', 'morning dew', 'sugar magnolia', ""goin' down the road feeling bad"", 'one more saturday night']",promised land,40.7215682,-74.047455
122,Nassau Veterans Memorial Coliseum,Uniondale,USA,1973-09-07,1973,NY,"['promised land', 'sugaree', 'mexicali blues', 'they love each other', 'jack straw', 'looks like rain', 'deal', 'el paso', 'bird song', 'playing in the band', 'here comes sunshine', 'me and my uncle', 'loser', 'let it grow', 'stella blue', ""truckin'"", 'drums', 'the other one', 'eyes of the world', 'sugar magnolia', 'around and around']",promised land,40.7157545,-73.5898872
123,Nassau Veterans Memorial Coliseum,Uniondale,USA,1973-09-08,1973,NY,"['bertha', 'me and my uncle', 'sugaree', 'beat it on down the line', 'tennessee jed', 'wrs prelude', 'wrs part 1', 'let it grow', 'looks like rain', 'brown eyed women', 'jack straw', 'eyes of the world', 'china doll', 'greatest story ever told', 'ramble on rose', 'big river', 'china cat sunflower', 'i know you rider', 'el paso', ""he's gone"", ""truckin'"", 'not fade away', ""goin' down the road feeling bad"", 'not fade away', 'stella blue', 'one more saturday night']",bertha,40.7157545,-73.5898872
124,William and Mary College,Williamsburg,USA,1973-09-11,1973,VA,"['promised land', 'sugaree', 'the race is on', 'loser', 'looks like rain', 'tennessee jed', 'jack straw', 'china cat sunflower', 'i know you rider', 'el paso', 'mississippi half-step', 'playing in the band', 'let me sing your blues away', 'wrs prelude', 'wrs part 1', 'let it grow', 'row jimmy', 'big river', 'deal', 'beat it on down the line', 'dark star', 'morning dew', 'sugar magnolia']",promised land,37.2712497,-76.700035
125,William and Mary College,Williamsburg,USA,1973-09-12,1973,VA,"['bertha', 'mexicali blues', 'brown eyed women', 'el paso', ""don't ease me in"", 'looks like rain', 'here comes sunshine', 'ramble on rose', 'me and my uncle', 'bird song', 'jack straw', 'loser', 'big river', 'loose lucy', 'row jimmy', 'let me sing your blues away', 'around and around', 'eyes of the world', 'stella blue', 'beat it on down the line', 'casey jones', 'one more saturday night']",bertha,37.2712497,-76.700035
126,Civic Center,Providence,USA,1973-09-15,1973,RI,"['beat it on down the line', 'sugaree', 'greatest story ever told', 'brown eyed women', 'me and my uncle', 'ramble on rose', 'looks like rain', 'deal', 'jack straw', 'tennessee jed', 'el paso', 'bird song', 'playing in the band', 'mississippi half-step', 'big river', 'row jimmy', ""truckin'"", 'drums', 'eyes of the world', 'let me sing your blues away', 'wrs prelude', 'wrs part 1', 'let it grow', 'stella blue', 'sugar magnolia', 'one more saturday night']",beat it on down the line,41.8239891,-71.4128343
127,Onondaga County War Memorial,Syracuse,USA,1973-09-17,1973,NY,"['tennessee jed', 'me and my uncle', 'they love each other', 'beat it on down the line', 'sugaree', 'mexicali blues', 'loser', 'looks like rain', 'row jimmy', 'jack straw', 'loose lucy', ""you ain't woman enough"", 'casey jones', 'mississippi half-step', 'let me sing your blues away', ""truckin'"", 'eyes of the world', 'wrs prelude', 'wrs part 1', 'let it grow', 'stella blue', 'sugar magnolia']",tennessee jed,43.0481221,-76.1474244
128,Onondaga County War Memorial,Syracuse,USA,1973-09-18,1973,NY,['unknown'],unknown,43.0481221,-76.1474244
129,The Spectrum,Philadelphia,USA,1973-09-20,1973,PA,"['promised land', 'tennessee jed', 'mexicali blues', 'they love each other', 'looks like rain', 'loser', 'beat it on down the line', 'china cat sunflower', 'i know you rider', 'el paso', 'row jimmy', 'greatest story ever told', 'deal', 'around and around', ""truckin'"", 'eyes of the world', 'stella blue', 'sugar magnolla']",promised land,39.9527237,-75.1635262
130,The Spectrum,Philadelphia,USA,1973-09-21,1973,PA,"['big railroad blues', 'me and my uncle', 'brown eyed women', 'beat it on down the line', 'sugaree', 'big river', 'here comes sunshine', 'el paso', 'loose lucy', 'jack straw', 'black peter', 'playing in the band', 'let me sing your blues away', 'wrs prelude', 'wrs part 1', 'let it grow', ""he's gone"", ""truckin'"", 'the other one', 'wharf rat', 'row jimmy', 'casey jones', 'one more saturday night']",big railroad blues,39.9527237,-75.1635262
131,Civic Arena,Pittsburgh,USA,1973-09-24,1973,PA,"['promised land', 'sugaree', 'jack straw', 'they love each other', 'mexicali blues', 'loose lucy', 'looks like rain', 'row jimmy', 'big river', 'china cat sunflower', 'i know you rider', 'around and around', 'ramble on rose', 'el paso', 'mississippi half-step', 'greatest story ever told', 'china doll', ""truckin'"", ""nobody's fault but mine"", 'eyes of the world', 'wrs prelude', 'wrs part 1', 'let it grow', 'sugar magnolia']",promised land,40.4406968,-80.0025666
132,War Memorial Auditorium,Buffalo,USA,1973-09-26,1973,NY,"['here comes sunshine', 'beat it on down the line', 'deal', 'looks like rain', 'tennessee jed', 'mexicali blues', 'loser', 'big river', 'brown eyed women', 'the race is on', 'row jimmy', 'el paso', 'china cat sunflower', 'i know you rider', 'around and around', 'playing in the band', 'sing me back home', 'me and my uncle', ""he's gone"", ""truckin'"", 'eyes of the world', 'wrs prelude', 'wrs part 1', 'let it grow', 'sugar magnolia', 'one more saturday night']",here comes sunshine,42.8864163,-78.8781493
133,Fairgrounds Arena,Oklahoma City,USA,1973-10-19,1973,OK,"['mexicali blues', 'tennessee jed', 'looks like rain', ""don't ease me in"", 'jack straw', 'they love each other', 'el paso', 'row jimmy', 'playing in the band', 'china cat sunflower', 'i know you rider', 'me and my uncle', 'mississippi half-step', 'big river', 'dark star', 'mind left body jam', 'morning dew', 'sugar magnolia', 'eyes of the world', 'stella blue', 'johnny b. goode']",mexicali blues,35.4729886,-97.5170536
134,Civic Auditorium,Omaha,USA,1973-10-21,1973,NE,"['here comes sunshine', 'beat it on down the line', 'loser', 'black throated wind', 'they love each other', 'cumberland blues', 'el paso', ""you ain't woman enough"", 'wrs prelude', 'wrs part 1', 'let it grow', 'playing in the band', 'mississippi half-step', 'big river', 'playing in the band', ""he's gone"", ""truckin'"", 'wharf rat', 'sugar magnolia', ""goin' down the road feeling bad"", 'one more saturday night']",here comes sunshine,41.2587459,-95.9383758
135,Metropolitan Sports Center,Bloomington,USA,1973-10-23,1973,MN,"['promised land', 'sugaree', 'mexicali blues', 'they love each other', 'me and bobby mcgee', 'deal', 'black throated wind', 'brown eyed women', 'beat it on down the line', 'brokedown palace', 'jack straw', 'china cat sunflower', 'i know you rider', 'around and around', 'mississippi half-step', 'big river', 'row jimmy', 'me and my uncle', 'ramble on rose', 'el paso', 'loose lucy', ""truckin'"", 'the other one', 'wrs prelude', 'wrs part 1', 'let it grow', 'sugar magnolia', 'casey jones']",promised land,44.8322405,-93.3204872
136,Dane County Coliseum,Madison,USA,1973-10-25,1973,WI,"['here comes sunshine', 'black throated wind', 'mexicali blues', 'tennessee jed', 'looks like rain', 'deal', 'el paso', 'playing in the band', 'china cat sunflower', 'i know you rider', 'me and my uncle', 'dark star', 'mind left body jam', 'dark star', 'eyes of the world', 'stella blue', 'wrs prelude', 'wrs part 1', 'let it grow', ""goin' down the road feeling bad"", 'one more saturday night', ""uncle john's band""]",here comes sunshine,43.07469,-89.3841663
137,State Fair Coliseum,Indianapolis,USA,1973-10-27,1973,IN,"['promised land', 'sugaree', 'mexicali blues', 'loser', 'black throated wind', 'they love each other', 'jack straw', 'ramble on rose', 'el paso', 'brown eyed women', 'greatest story ever told', 'loose lucy', 'beat it on down the line', 'china cat sunflower', 'i know you rider', 'me and my uncle', 'bertha', 'me and bobby mcgee', 'tennessee jed', 'playing in the band', 'mississippi half-step', 'big river', 'playing in the band', ""he's gone"", ""truckin'"", ""nobody's jam"", 'wharf rat', 'stella blue', 'sugar magnolia', ""uncle john's band""]",promised land,39.7683331,-86.1583502
138,Kiel Auditorium,St. Louis,USA,1973-10-29,1973,MO,"['cold rain and snow', 'beat it on down the line', 'brown eyed women', 'mexicali blues', ""don't ease me in"", 'black throated wind', 'tennessee jed', 'the race is on', 'row jimmy', 'el paso', 'eyes of the world', 'china doll', 'around and around', 'promised land', 'bertha', 'greatest story ever told', 'loser', 'big river', 'brokedown palace', ""truckin'"", 'the other one', 'wharf rat', 'sugar magnolia', 'casey jones']",cold rain and snow,38.6254063,-90.190009
139,Kiel Auditorium,St. Louis,USA,1973-10-30,1973,MO,"['here comes sunshine', 'me and my uncle', 'ramble on rose', 'looks like rain', 'deal', 'mexicali blues', 'they love each other', 'el paso', 'row jimmy', 'jack straw', 'china cat sunflower', 'i know you rider', 'playing in the band', 'mississippi half-step', 'big river', 'dark star', 'stella blue', 'eyes of the world', 'wrs prelude', 'wrs part 1', 'let it grow', ""goin' down the road feeling bad"", 'johnny b. goode', 'one more saturday night']",here comes sunshine,38.6254063,-90.190009
140,McGaw Memorial Hall Northwestern U.,Evanston,USA,1973-11-01,1973,IL,"[""truckin'"", 'here comes sunshine', 'playing in the band', ""uncle john's band"", 'morning dew', ""uncle john's band"", 'playing in the band', 'sugar magnolia']",truckin,42.0470043,-87.6846053
141,Winterland Arena,San Francisco,USA,1973-11-09,1973,CA,"['promised land', 'here comes sunshine', 'they love each other', 'me and my uncle', ""don't ease me in"", 'china cat sunflower', 'i know you rider', 'playing in the band', 'to lay me down', 'big river', 'mississippi half-step', 'greatest story ever told', 'bertha', 'wrs prelude', 'wrs part 1', 'let it grow', 'eyes of the world', 'china doll', 'around and around', ""goin' down the road feeling bad"", 'johnny b. goode', ""uncle john's band""]",promised land,37.7879363,-122.4075201
142,Winterland Arena,San Francisco,USA,1973-11-10,1973,CA,"['bertha', 'jack straw', 'loser', 'looks like rain', 'deal', 'mexicali blues', 'tennessee jed', 'el paso', 'brokedown palace', 'beat it on down the line', 'row jimmy', 'wrs prelude', 'wrs part 1', 'let it grow', 'playing in the band', ""uncle john's band"", 'morning dew', ""uncle john's band"", 'playing in the band', 'big river', 'stella blue', ""truckin'"", 'wharf rat', 'sugar magnolia', 'one more saturday night', 'casey jones']",bertha,37.7879363,-122.4075201
143,Winterland Arena,San Francisco,USA,1973-11-11,1973,CA,"['promised land', 'bertha', 'greatest story ever told', 'sugaree', 'black throated wind', 'to lay me down', 'el paso', 'ramble on rose', 'me and bobby mcgee', 'china cat sunflower', 'i know you rider', 'me and my uncle', 'loose lucy', 'wrs prelude', 'wrs part 1', 'let it grow', 'mississippi half-step', 'big river', 'dark star', 'mind left body jam', 'eyes of the world', 'china doll', 'sugar magnolia', ""uncle john's band"", 'johnny b. goode', 'we bid you goodnight']",promised land,37.7879363,-122.4075201
144,San Diego Sports Arena,San Diego,USA,1973-11-14,1973,CA,"['big railroad blues', 'jack straw', 'sugaree', 'mexicali blues', 'here comes sunshine', 'black throated wind', 'cumberland blues', 'row jimmy', 'the race is on', 'brown eyed women', 'beat it on down the line', 'tennessee jed', 'el paso', 'china cat sunflower', 'i know you rider', 'around and around', ""truckin'"", 'the other one', 'big river', 'the other one', 'eyes of the world', 'the other one', 'wharf rat', 'me and my uncle', ""goin' down the road feeling bad"", 'one more saturday night']",big railroad blues,32.7174202,-117.162772
145,Pauley Pavilion U.C.L.A.,Los Angeles,USA,1973-11-17,1973,CA,"['me and my uncle', 'here comes sunshine', 'looks like rain', 'deal', 'mexicali blues', 'tennessee jed', 'the race is on', 'china cat sunflower', 'i know you rider', 'big river', 'brown eyed women', 'around and around', 'row jimmy', 'jack straw', 'ramble on rose', 'playing in the band', ""uncle john's band"", 'morning dew', ""uncle john's band"", 'playing in the band', 'stella blue', 'el paso', 'eyes of the world', 'sugar magnolia', 'casey jones']",me and my uncle,34.0536909,-118.242766
146,Denver Coliseum,Denver,USA,1973-11-20,1973,CO,"['ramble on rose', ""don't ease me in"", 'black throated wind', 'to lay me down', 'the race is on', 'they love each other', 'me and bobby mcgee', 'tennessee jed', 'big river', 'row jimmy', 'wrs prelude', 'wrs part 1', 'let it grow', 'casey jones', 'mississippi half-step', 'promised land', 'bertha', 'greatest story ever told', 'dire wolf', 'looks like rain', 'china cat sunflower', 'i know you rider', ""truckin'"", 'the other one', 'stella blue', 'sugar magnolia']",ramble on rose,39.7392364,-104.984862
147,Denver Coliseum,Denver,USA,1973-11-21,1973,CO,"['me and my uncle', 'sugaree', 'jack straw', 'big railroad blues', 'mexicali blues', 'they love each other', 'looks like rain', 'here comes sunshine', 'big river', 'brokedown palace', 'wrs prelude', 'wrs part 1', 'let it grow', 'mississippi half-step', 'playing in the band', 'el paso', 'playing in the band', 'wharf rat', 'playing in the band', 'morning dew', ""truckin'"", ""nobody's fault but mine"", ""goin' down the road feeling bad"", 'one more saturday night', ""uncle john's band""]",me and my uncle,39.7392364,-104.984862
148,County Coliseum,El Paso,USA,1973-11-23,1973,TX,"['wrs prelude', 'wrs part 1', 'let it grow']",wrs prelude,31.7601001,-106.4870476
149,Feyline Field,Tempe,USA,1973-11-25,1973,AZ,"['promised land', 'sugaree', 'beat it on down the line', ""don't ease me in"", 'black throated wind', 'tennessee jed', 'mexicali blues', 'china cat sunflower', 'i know you rider', 'big river', 'row jimmy', 'me and my uncle', 'brown eyed women', 'playing in the band', 'eyes of the world', 'wrs prelude', 'wrs part 1', 'let it grow', 'casey jones', 'sugar magnolia', ""goin' down the road feeling bad"", 'one more saturday night', 'we bid you goodnight']",promised land,33.4255117,-111.940016
150,Boston Music Mall,Boston,USA,1973-11-30,1973,MA,"['morning dew', 'mexicali blues', 'dire wolf', 'beat it on down the line', 'brown eyed women', 'black throated wind', ""don't ease me in"", 'el paso', 'they love each other', 'big river', 'loser', 'playing in the band', 'bertha', 'promised land', 'row jimmy', 'jack straw', 'here comes sunshine', 'wrs prelude', 'wrs part 1', 'let it grow', 'dark star', 'eyes of the world', 'sugar magnolla']",morning dew,42.3588336,-71.0578303
151,Boston Music Mall,Boston,USA,1973-12-01,1973,MA,"['promised land', 'sugaree', 'mexicali blues', 'tennessee jed', 'looks like rain', 'china cat sunflower', 'i know you rider', 'big river', 'brokedown palace', 'wrs prelude', 'wrs part l', 'let it grow', 'casey jones', 'around and around', 'they love each other', 'me and my uncle', ""don't ease me in"", 'me and bobby mcgee', 'mississippi half-step', 'playing in the band', ""uncle john's band"", 'playing in the band', 'row jimmy', 'greatest story ever told', 'not fade away', ""goin' down the road feeling bad"", 'not fade away']",promised land,42.3588336,-71.0578303
152,Boston Music Mall,Boston,USA,1973-12-02,1973,MA,"['cold rain and snow', 'beat it on down the line', 'dire wolf', 'the race is on', 'brown eyed women', 'jack straw', 'ramble on rose', 'el paso', 'row jimmy', 'big river', 'deal', 'wrs prelude', 'wrs part 1', 'let it grow', 'wharf rat', 'mississippi half-step', 'playing in the band', 'mind left body jam', ""he's gone"", ""truckin'"", 'stella blue', 'sugar magnolla', 'morning dew']",cold rain and snow,42.3588336,-71.0578303
153,Cincinnati Gardens,Cincinnati,USA,1973-12-04,1973,OH,"['johnny b. goode', 'sugaree', 'me and my uncle', 'china cat sunflower', 'i know you rider', 'el paso', 'deal', 'big river', 'tennessee jed', ""truckin'"", 'stella blue', 'around and around', 'eyes of the world', 'sugar magnolia', ""goin' down the road feeling bad"", 'casey jones', 'one more saturday night']",johnny b. goode,39.1012809,-84.5127405
154,Convention Center,Cleveland,USA,1973-12-06,1973,OH,"['bertha', 'el paso', 'deal', 'they love each other', 'greatest story ever told', 'ramble on rose', 'wrs prelude', 'wrs part 1', 'let it grow', 'here comes sunshine', 'big river', 'dark star', 'eyes of the world', 'sugar magnolla']",bertha,41.4996574,-81.6936772
155,Cameron Indoor Stadium Duke U,Durham,USA,1973-12-08,1973,NC,"['me and my uncle', 'sugaree', 'mexicali blues', 'dire wolf', 'black throated wind', 'they love each other', 'me and bobby mcgee', ""don't ease me in"", 'the race is on', 'brown eyed women', 'big river', 'candyman', 'wrs prelude', 'wrs part 1', 'let it grow', 'china cat sunflower', 'i know you rider', 'around and around', 'ramble on rose', 'el paso', 'row jimmy', 'greatest story ever told', 'bertha', ""he's gone"", ""truckin'"", ""nobody's fault but mine"", 'the other one', 'wharf rat', 'stella blue', 'johnny b. goode', ""uncle john's band"", 'one more saturday night']",me and my uncle,35.996653,-78.9018053
156,Coliseum,Charlotte,USA,1973-12-10,1973,NC,['casey jones'],casey jones,35.2272086,-80.8430827
157,The Omni,Atlanta,USA,1973-12-12,1973,GA,"[""don't ease me in"", 'looks like rain', 'they love each other', 'el paso', 'peggy-o', 'beat it on down the line', 'brown eyed women', 'big river', 'deal', 'playing in the band', 'mississippi half-step', 'me and bobby mcgee', 'china cat sunflower', 'i know you rider', 'greatest story ever told', 'row jimmy', 'wrs prelude', 'wrs part 1', 'let it grow', 'wharf rat', 'me and my uncle', 'eyes of the world', 'morning dew', 'sugar magnolia', 'casey jones']",dont ease me in,33.7544657,-84.3898151
158,Curtis Hixon Convention Hall,Tampa,USA,1973-12-18,1973,FL,"['tennessee jed', 'me and my uncle', ""don't ease me in"", 'looks like rain', 'they love each other', 'me and bobby mcgee', 'brown eyed women', 'beat it on down the line', 'peggy-o', 'el paso', 'deal', 'jack straw', 'china cat sunflower', 'i know you rider', 'promised land', 'bertha', 'greatest story ever told', 'row jimmy', 'wrs prelude', 'wrs part 1', 'let it grow', 'dark star', 'drums', 'eyes of the world', 'wharf rat', 'sugar magnolia', ""uncle john's band""]",tennessee jed,27.9449854,-82.4583107
159,Curtis Hixon Convention Hall,Tampa,USA,1973-12-19,1973,FL,"['promised land', 'sugaree', 'mexicali blues', 'sugar shack', 'dire wolf', 'black throated wind', 'candyman', 'jack stnaw', 'big railroad blues', 'big river', 'here comes sunshine', 'el paso', 'ramble on rose', 'playing in the band', 'mississippi half-step', 'me and bobby mcgee', 'wrs prelude', 'wrs part 1', 'let it grow', ""he's gone"", ""truckin'"", ""nobody's fault but mine"", ""truckin'"", 'stella blue', 'around and around', 'casey jones']",promised land,27.9449854,-82.4583107
160,Winterland Arena,San Francisco,USA,1974-02-22,1974,CA,"['u.s. blues', 'beat it on down the line', 'brown eyed women', 'mexicali blues', 'it must have been the roses', 'black-throated wind', 'they love each other', 'big river', 'loose lucy', 'el paso', 'row jimmy', ""playin' in the band"", 'tennessee jed', 'me and my uncle', 'ship of fools', 'the race is on', 'china cat sunflower', 'i know you rider', ""truckin'"", ""nobody's fault but mine"", ""goin' down the road feelin' bad"", 'mississippi half-step', 'promised land', 'brokedown palace', 'jack straw', 'eyes of the world', 'china doll', 'wharf rat', 'sugar magnolia', ""uncle john's band""]",u.s. blues,37.7879363,-122.4075201
161,Winterland Arena,San Francisco,USA,1974-02-23,1974,CA,"['around and around', 'dire wolf', 'me and bobby mcgee', 'sugaree', 'mexicali blues', 'here comes sunshine', 'beat it on down the line', 'ship of fools', 'jack straw', 'deal', 'promised land', 'bertha', 'greatest story ever told', 'row jimmy', 'wrs prelude', 'wrs part 1', 'let it grow', 'stella blue', 'big river', 'ramble on rose', 'me and my uncle', ""he's gone"", ""truckin'"", 'drums', 'the other one', 'eyes of the world', 'one more saturday night', 'casey jones', 'johnny b. goode', 'we bid you goodnight']",around and around,37.7879363,-122.4075201
162,Winterland Arena,San Francisco,USA,1974-02-24,1974,CA,"['u.s. blues', 'mexicali blues', 'brown eyed women', 'beat it on down the line', 'candyman', 'jack straw', 'china cat sunflower', 'i know you rider', 'el paso', 'loser', ""playin' in the band"", 'cumberland blues', 'it must have been the roses', 'big river', 'bertha', 'wrs prelude', 'wrs part 1', 'let it grow', 'row jimmy', 'ship of fools', 'promised land', 'dark star', 'morning dew', 'sugar magnolia', 'not fade away', ""goin' down the road feelin' bad"", 'not fade away', 'baby blue']",u.s. blues,37.7879363,-122.4075201
163,Cow Palace,Daly City,USA,1974-03-23,1974,CA,"['u.s. blues', 'promised land', 'brown eyed women', 'mexicali blues', 'tennessee jed', 'black-throated wind', 'scarlet begonias', 'beat it on down the line', 'it must have been the roses', 'el paso', 'deal', 'cassidy', 'china cat sunflower', 'i know you rider', 'wrs prelude', 'wrs part 1', 'let it grow', ""playin' in the band"", ""uncle john's band"", 'morning dew', ""uncle john's band"", ""playin' in the band"", 'ship of fools', 'big river', 'ramble on rose', 'me and my uncle', 'bertha', 'around and around', 'wharf rat', 'sugar magnolia', 'casey jones', 'one more saturday night']",u.s. blues,37.6904826,-122.47267
164,University of Nevada,Reno,USA,1974-05-12,1974,NV,"['promised land', 'tennessee jed', 'china cat sunflower', 'i know you rider', 'el paso', 'u.s. blues', 'greatest story ever told', 'it must have been the roses', 'me and bobby mcgee', 'deal', 'around and around', 'mississippi half-step', ""truckin'"", ""nobody's jam"", 'the other one', 'heaven help jam', 'row jimmy', 'big river', 'ship of fools', 'sugar magnolia']",promised land,39.5261788,-119.812658
165,Adams Field House (U of Montana),Missoula,USA,1974-05-14,1974,MT,"['bertha', 'me and my uncle', 'loser', 'black-throated wind', 'scarlet begonias', 'it must have been the roses', 'jack straw', 'tennessee jed', 'deal', 'big river', 'brown eyed women', ""playin' in the band"", 'u.s. blues', 'mexicali blues', 'row jimmy', 'wrs prelude', 'wrs part 1', 'let it grow', 'dark star', 'china doll', 'promised land', 'not fade away', ""goin' down the road feelin' bad"", 'one more saturday night']",bertha,46.8701049,-113.995267
166,P.N.E. Coliseum,Vancouver,Canada,1974-05-17,1974,,"['promised land', 'deal', 'the race is on', 'ramble on rose', 'jack straw', 'dire wolf', 'beat it on down the line', 'loose lucy', 'big river', 'it must have been the roses', 'mexicali blues', 'row jimmy', ""playin' in the band"", 'u.s. blues', 'me and my uncle', 'ship of fools', 'money money', 'china cat sunflower', 'i know you rider', 'greatest story ever told', 'sugaree', ""truckin'"", ""nobody's fault but mine"", 'eyes of the world', 'china doll', 'sugar magnolia']",promised land,-21.2126729,-47.8075133
167,Portland Memorial Coliseum,Portland,USA,1974-05-19,1974,OR,"['mississippi half-step', 'mexicali blues', 'big railroad blues', 'black-throated wind', 'scarlet begonias', 'beat it on down the line', 'tennessee jed', 'me and bobby mcgee', 'sugaree', 'jack straw', 'it must have been the roses', 'el paso', 'loose lucy', 'money money', 'china cat sunflower', 'i know you rider', 'promised land', 'bertha', 'greatest story ever told', 'ship of fools', 'wrs prelude', 'wrs part 1', 'let it grow', 'wharf rat', 'big river', 'peggy-o', ""truckin'"", 'heaven help jam', 'not fade away', ""goin' down the road feelin' bad"", 'one more saturday night', 'u.s. blues']",mississippi half-step,45.5202471,-122.674194
168,Edmundson Pavilion (U of Washington),Seattle,USA,1974-05-21,1974,WA,"['me and my uncle', 'brown eyed women', 'beat it on down the line', 'deal', 'mexicali blues', 'it must have been the roses', 'the race is on', 'scarlet begonias', 'el paso', 'row jimmy', 'money money', 'ship of fools', 'wrs prelude', 'wrs part 1', 'let it grow', 'china doll', ""playin' in the band"", 'u.s. blues', 'big river', 'stella blue', 'around and around', 'eyes of the world', 'wharf rat', 'sugar magnolia', 'johnny b. goode']",me and my uncle,47.6038321,-122.330062
169,Campus Stadium (UC Santa Barbara),Goleta,USA,1974-05-25,1974,CA,"['u.s. blues', 'mexicali blues', 'deal', 'jack straw', 'scarlet begonias', 'beat it on down the line', 'brown eyed women', 'me and my uncle', 'sugaree', 'el paso', 'china cat sunflower', 'i know you rider', 'around and around', 'promised land', 'ship of fools', 'big river', 'tennessee jed', ""truckin'"", 'let it grow', 'wharf rat', 'sugar magnolia', ""goin' down the road feelin' bad"", 'one more saturday night', 'casey jones']",u.s. blues,34.4358295,-119.8276389
170,Oakland Coliseum,Oakland,USA,1974-06-08,1974,CA,"['promised land', 'brown eyed women', 'me and bobby mcgee', 'scarlet begonias', 'mexicali blues', 'it must have been the roses', 'me and my uncle', 'tennessee jed', 'greatest story ever told', 'china cat sunflower', 'i know you rider', 'around and around', 'u.s. blues', 'big river', 'ship of fools', ""playin' in the band"", 'wharf rat', ""playin' in the band"", 'eyes of the world', 'sugar magnolia', 'casey jones', 'one more saturday night']",promised land,37.8044557,-122.271356
171,State Fairgrounds,Des Moines,USA,1974-06-16,1974,IA,"['bertha', 'mexicali blues', 'row jimmy', 'beat it on down the line', 'scarlet begonias', 'black-throated wind', 'sugaree', 'el paso', 'it must have been the roses', 'jack straw', 'ship of fools', 'around and around', 'u.s. blues', 'the race is on', 'eyes of the world', 'big river', ""playin' in the band"", 'tennessee jed', 'me and my uncle', 'deal', 'greatest story ever told', ""truckin'"", ""nobody's jam"", 'wharf rat', ""goin' down the road feelin' bad"", 'casey jones']",bertha,41.5868654,-93.6249494
172,Freedom Hall,Louisville,USA,1974-06-18,1974,KY,"['promised land', 'it must have been the roses', 'black-throated wind', 'ramble on rose', 'beat it on down the line', 'loser', 'mexicali blues', 'eyes of the world', 'china doll', 'around and around', 'loose lucy', 'el paso', 'row jimmy', 'wrs prelude', 'wrs part 1', 'let it grow', 'the other one', ""it's a sin"", 'stella blue', 'big river', 'tennessee jed', 'sugar magnolia', 'morning dew']",promised land,38.2542376,-85.759407
173,Omni Coliseum,Atlanta,USA,1974-06-20,1974,GA,"['u.s. blues', 'beat it on down the line', 'brown eyed women', 'mexicali blues', 'it must have been the roses', 'jack straw', 'me and my uncle', 'to lay me down', 'el paso', 'china cat sunflower', 'i know you rider', 'around and around', 'scarlet begonias', 'big river', 'ship of fools', ""truckin'"", 'eyes of the world', 'china doll', 'one more saturday night']",u.s. blues,33.7544657,-84.3898151
174,Jai-Alai Fronton,Miami,USA,1974-06-22,1974,FL,"['promised land', 'bertha', 'greatest story ever told', 'deal', 'me and bobby mcgee', 'scarlet begonias', 'jack straw', 'loose lucy', 'mexicali blues', 'sugaree', 'the race is on', 'it must have been the roses', ""playin' in the band"", 'china cat sunflower', 'i know you rider', 'me and my uncle', 'ship of fools', 'el paso', 'eyes of the world', 'wharf rat', 'sugar magnolia', 'johnny b. goode']",promised land,25.7741566,-80.1935973
175,Jai-Alai Fronton,Miami,USA,1974-06-23,1974,FL,"['ramble on rose', 'black-throated wind', 'mississippi half-step', 'beat it on down the line', 'row jimmy', 'jack straw', 'let it rock', 'cumberland blues', 'el paso', 'to lay me down', 'wrs prelude', 'wrs part 1', 'let it grow', 'china doll', 'ship of fools', 'big river', 'black peter', 'around and around', 'dark star', 'spanish jam', 'u.s. blues', ""uncle john's band"", 'one more saturday night', 'casey jones']",ramble on rose,25.7741566,-80.1935973
176,Providence Civic Center,Providence,USA,1974-06-26,1974,RI,"['big river', 'brown eyed women', 'beat it on down the line', 'scarlet begonias', 'black-throated wind', 'row jimmy', 'mexicali blues', 'deal', 'the race is on', 'mississippi half-step', 'el paso', 'ship of fools', 'wrs prelude', 'wrs part 1', 'let it grow', 'it must have been the roses', 'u.s. blues', 'me and my uncle', 'jam', 'china cat sunflower', 'i know you rider', ""truckin'"", 'other one jam', 'spanish jam', 'wharf rat', 'sugar magnolia', 'eyes of the world']",big river,41.8239891,-71.4128343
177,Boston Garden,Boston,USA,1974-06-28,1974,MA,"['mississippi half-step', 'it must have been the roses', 'jack straw', 'beat it on down the line', 'deal', 'mexicali blues', 'tennessee jed', 'me and bobby mcgee', 'loose lucy', 'el paso', 'sugaree', 'around and around', 'sugar magnolia', 'scarlet begonias', 'big river', 'to lay me down', 'me and my uncle', 'row jimmy', 'wrs prelude', 'wrs part 1', 'let it grow', 'heaven help jam', 'u.s. blues', 'promised land', ""goin' down the road feelin' bad"", 'sunshine daydream', 'ship of fools']",mississippi half-step,42.3588336,-71.0578303
178,Springfield Civic Center,Springfield,USA,1974-06-30,1974,MA,"[""don't ease me in"", 'black-throated wind', 'peggy-o', 'jack straw', 'loser', 'greatest story ever told', 'cumberland blues', 'dire wolf', ""playin' in the band"", ""uncle john's band"", ""playin' in the band"", 'china cat sunflower', 'i know you rider', 'big river', 'scarlet begonias', 'el paso', 'u.s. blues', ""truckin'"", 'eyes of the world', 'stella blue', 'not fade away', ""goin' down the road feelin' bad"", 'one more saturday night']",dont ease me in,42.1018764,-72.5886727
179,Selland Arena,Fresno,USA,1974-07-19,1974,CA,"['bertha', 'mexicali blues', 'deal', 'beat it on down the line', 'row jimmy', 'me and bobby mcgee', 'scarlet begonias', 'el paso', 'tennessee jed', ""playin' in the band"", 'brown eyed women', 'me and my uncle', 'it must have been the roses', 'jack straw', ""he's gone"", 'u.s. blues', 'wrs prelude', 'wrs part 1', 'let it grow', 'spanish jam', 'eyes of the world', 'china doll', 'one more saturday night']",bertha,36.7394421,-119.78483
180,Hollywood Bowl,Los Angeles,USA,1974-07-21,1974,CA,"['promised land', 'tennessee jed', 'me and my uncle', 'sugaree', 'jack straw', 'mississippi half-step', 'it must have been the roses', 'el paso', 'scarlet begonias', 'around and around', 'china cat sunflower', 'i know you rider', 'big river', 'row jimmy', ""playin' in the band"", 'wharf rat', ""truckin'"", ""nobody's jam"", ""playin' in the band"", 'ship of fools', 'sugar magnolia', 'u.s. blues']",promised land,34.0536909,-118.242766
181,International Amphiteater,Chicago,USA,1974-07-25,1974,IL,"['me and my uncle', 'loose lucy', 'black-throated wind', 'loser', 'beat it on down the line', 'sugaree', 'mexicali blues', 'brown eyed women', 'el paso', 'row jimmy', 'wrs prelude', 'wrs part 1', 'let it grow', 'around and around', 'scarlet begonias', 'big river', 'it must have been the roses', 'jack straw', 'dark star', 'stella blue', 'johnny b. goode', ""uncle john's band"", 'u.s. blues', 'one more saturday night', 'ship of fools']",me and my uncle,41.8755616,-87.6244212
182,Civic Center,Roanoke,USA,1974-07-27,1974,VA,"['bertha', 'mexicali blues', 'row jimmy', 'jack straw', 'mississippi half-step', 'it must have been the roses', 'me and bobby mcgee', 'tennessee jed', ""playin' in the band"", 'china cat sunflower', 'i know you rider', 'me and my uncle', 'ramble on rose', 'big river', 'u.s. blues', 'promised land', 'brokedown palace', 'not fade away', ""goin' down the road feelin' bad"", 'johnny b. goode', 'eyes of the world']",bertha,37.270973,-79.9414313
183,Capital Centre,Landover,USA,1974-07-29,1974,MD,"['promised land', 'sugaree', 'black-throated wind', 'it must have been the roses', 'cumberland blues', 'scarlet begonias', 'jack straw', 'deal', 'el paso', 'to lay me down', 'wrs prelude', 'wrs part 1', 'let it grow', ""he's gone"", ""truckin'"", ""nobody's fault but mine"", 'the other one', 'wharf rat', 'spanish jam', 'around and around', 'peggy-o', 'u.s. blues', 'sugar magnolia', 'casey jones']",promised land,38.925313,-76.8815433
184,Dillon Stadium,Hartford,USA,1974-07-31,1974,CT,"['scarlet begonias', 'me and my uncle', 'brown eyed women', 'beat it on down the line', 'mississippi half-step', 'it must have been the roses', 'mexicali blues', 'row jimmy', 'jack straw', 'china cat sunflower', 'i know you rider', 'around and around', 'bertha', 'big river', 'eyes of the world', 'china doll', 'promised land', 'ship of fools', 'wrs prelude', 'wrs part 1', 'let it grow', 'el paso', 'ramble on rose', 'greatest story ever told', 'to lay me down', ""truckin'"", 'heaven help jam', 'spanish jam', 'wharf rat', 'u.s. blues', 'one more saturday night', ""uncle john's band""]",scarlet begonias,41.764582,-72.6908547
185,Philadelphia Civic Center,Philadelphia,USA,1974-08-04,1974,PA,"['bertha', 'mexicali blues', 'scarlet begonias', 'black-throated wind', 'deal', 'beat it on down the line', 'peggy-o', 'jack straw', 'loser', 'el paso', 'row jimmy', ""playin' in the band"", 'ship of fools', 'big river', 'loose lucy', 'me and my uncle', 'it must have been the roses', 'wrs prelude', 'wrs part 1', 'let it grow', 'wharf rat', 'u.s. blues', 'sugar magnolia', 'casey jones']",bertha,39.9527237,-75.1635262
186,Philadelphia Civic Center,Philadelphia,USA,1974-08-05,1974,PA,"['promised land', 'brown eyed women', 'beat it on down the line', 'dire wolf', 'me and bobby mcgee', 'tennessee jed', 'jack straw', 'deal', 'el paso', 'china cat sunflower', 'i know you rider', 'around and around', 'mississippi half-step', 'it must have been the roses', 'big river', 'ramble on rose', 'me and my uncle', 'scarlet begonias', ""he's gone"", ""truckin'"", 'stella blue', 'one more saturday night', 'u.s. blues']",promised land,39.9527237,-75.1635262
187,Roosevelt Stadium,Jersey City,USA,1974-08-06,1974,NJ,"['bertha', 'mexicali blues', ""don't ease me in"", 'beat it on down the line', 'sugaree', 'jack straw', 'eyes of the world', 'promised land', 'deal', ""playin' in the band"", 'scarlet begonias', ""playin' in the band"", ""uncle john's band"", 'black peter', 'el paso', 'loose lucy', 'big river', 'ship of fools', 'me and my uncle', 'row jimmy', 'sugar magnolia', ""he's gone"", ""truckin'"", 'spanish jam', 'the other one', ""goin' down the road feelin' bad"", 'sunshine daydream', 'u.s. blues']",bertha,40.7215682,-74.047455
188,Alexandra Palace,London,England,1974-09-09,1974,,"['bertha', 'promised land', 'it must have been the roses', 'jack straw', 'scarlet begonias', 'mexicali blues', 'row jimmy', ""playin' in the band"", 'deal', 'el paso', 'ship of fools', 'tennessee jed', ""truckin'"", 'wharf rat', ""uncle john's band"", 'johnny b. goode', 'u.s. blues', 'one more saturday night']",bertha,52.1117555,0.1712189
189,Alexandra Palace,London,England,1974-09-10,1974,,"['around and around', 'mississippi half-step', 'beat it on down the line', 'peggy-o', 'tennessee jed', 'black-throated wind', 'china cat sunflower', 'i know you rider', 'loser', 'black peter', 'wrs prelude', 'wrs part 1', 'let it grow', 'stella blue', 'me and my uncle', 'dire wolf', 'not fade away', 'ramble on rose', 'big river', 'dark star', 'morning dew', 'sugar magnolia', 'u.s. blues']",around and around,52.1117555,0.1712189
190,Alexandra Palace,London,England,1974-09-11,1974,,"['scarlet begonias', 'mexicali blues', 'brown eyed women', 'beat it on down the line', 'sugaree', 'jack straw', 'row jimmy', 'me and bobby mcgee', 'tennessee jed', 'it must have been the roses', ""playin' in the band"", 'big river', 'ship of fools', 'around and around', 'eyes of the world', 'wharf rat', ""goin' down the road feelin' bad"", 'sugar magnolia', 'u.s. blues']",scarlet begonias,52.1117555,0.1712189
192,unknown,Dijon,France,1974-09-18,1974,,"[""uncle john's band"", 'jack straw', 'friend of the devil', 'black-throated wind', 'scarlet begonias', 'mexicali blues', 'row jimmy', 'beat it on down the line', 'deal', 'the race is on', 'to lay me down', ""playin' in the band"", 'loose lucy', 'big river', 'peggy-o', 'me and my uncle', 'eyes of the world', 'china doll', ""he's gone"", ""truckin'"", 'drums', 'caution jam', 'ship of fools', 'johnny b. goode', 'u.s. blues']",uncle johns band,47.2075784,-1.6142623
193,Palais Des Sports,Paris,France,1974-09-20,1974,,"['cumberland blues', 'jack straw', 'it must have been the roses', 'beat it on down the line', 'scarlet begonias', 'black-throated wind', 'friend of the devil', 'el paso', 'row jimmy', 'wrs prelude', 'wrs part 1', 'let it grow', 'stella blue', 'around and around', 'china cat sunflower', 'i know you rider', 'big river', 'brown eyed women', 'greatest story ever told', 'brokedown palace', ""truckin'"", 'eyes of the world', 'not fade away', ""goin' down the road feelin' bad"", 'one more saturday night', 'u.s. blues']",cumberland blues,47.2490799,-1.5210393
194,Palais Des Sports,Paris,France,1974-09-21,1974,,"['bertha', 'mexicali blues', 'sugaree', 'promised land', 'peggy-o', 'me and my uncle', 'eyes of the world', 'china doll', ""playin' in the band"", 'row jimmy', 'big river', 'ship of fools', ""uncle john's band"", 'around and around', 'morning dew', 'sugar magnolia', 'casey jones']",bertha,47.2490799,-1.5210393
195,Winterland Arena,San Francisco,USA,1974-10-16,1974,CA,"['bertha', 'jack straw', 'tennessee jed', 'cumberland blues', 'deal', 'me and bobby mcgee', 'it must have been the roses', 'mexicali blues', 'row jimmy', 'beat it on down the line', 'ship of fools', ""playin' in the band"", 'wharf rat', 'eyes of the world', 'big river', 'scarlet begonias', ""truckin'"", ""goin' down the road feelin' bad"", ""uncle john's band"", 'johnny b. goode', 'u.s. blues']",bertha,37.7879363,-122.4075201
196,Winterland Arena,San Francisco,USA,1974-10-17,1974,CA,"['promised land', 'mississippi half-step', 'black-throated wind', 'friend of the devil', 'jack straw', 'loser', 'el paso', 'china cat sunflower', 'i know you rider', 'me and my uncle', 'it must have been the roses', 'wrs prelude', 'wrs part 1', 'let it grow', 'scarlet begonias', 'big river', 'ramble on rose', 'mexicali blues', ""he's gone"", 'the other one', 'spanish jam', 'heaven help jam', 'the other one', 'stella blue', 'sugar magnolia', 'casey jones', 'u.s. blues']",promised land,37.7879363,-122.4075201
197,Winterland Arena,San Francisco,USA,1974-10-18,1974,CA,"['around and around', 'sugaree', 'mexicali blues', 'peggy-o', 'beat it on down the line', 'brown eyed women', 'cumberland blues', 'el paso', 'tennessee jed', 'jack straw', 'row jimmy', 'wrs prelude', 'wrs part 1', 'let it grow', 'dark star', 'drums', 'dark star', 'morning dew', 'promised land', 'bertha', 'greatest story ever told', 'ship of fools', 'not fade away', ""goin' down the road feelin' bad"", 'one more saturday night', 'u.s. blues']",around and around,37.7879363,-122.4075201
198,Winterland Arena,San Francisco,USA,1974-10-19,1974,CA,"['mississippi half-step', 'me and my uncle', 'friend of the devil', 'beat it on down the line', 'it must have been the roses', 'el paso', 'loose lucy', 'black-throated wind', 'scarlet begonias', 'to lay me down', 'mama tried', 'eyes of the world', 'china doll', 'big river', ""uncle john's band"", 'big railroad blues', 'the race is on', 'tomorrow is forever', 'mexicali blues', 'dire wolf', 'sugar magnolia', ""he's gone"", ""truckin'"", 'caution jam', 'drums', ""truckin'"", 'black peter', 'sunshine daydream', 'one more saturday night', 'u.s. blues']",mississippi half-step,37.7879363,-122.4075201
199,Winterland Arena,San Francisco,USA,1974-10-20,1974,CA,"['cold rain and snow', 'mama tried', 'deal', 'beat it on down the line', 'loser', 'jack straw', 'tennessee jed', 'el paso', 'brokedown palace', 'china cat sunflower', 'i know you rider', 'around and around', ""playin' in the band"", 'drums', 'not fade away', 'drums', 'the other one', 'wharf rat', ""playin' in the band"", ""good lovin'"", 'it must have been the roses', 'promised land', 'eyes of the world', 'stella blue', 'sugar magnolia', 'johnny b. goode', 'mississippi half-step', 'we bid you goodnight']",cold rain and snow,37.7879363,-122.4075201
200,Kezar Stadium,San Francisco,USA,1975-03-23,1975,CA,"['blues for allah', 'stronger than dirt', 'drums', 'stronger than dirt', 'blues for allah', 'johnny b. goode']",blues for allah,37.7879363,-122.4075201
201,Winterland Arena,San Francisco,USA,1975-06-17,1975,CA,"['crazy fingers', 'beat it on down the line', 'deal', 'big river', 'peggy-o', 'me and my uncle', 'help on the way', 'slipknot!', ""franklin's tower"", 'blues for allah', 'drums', 'stronger than dirt', 'blues for allah', 'sugar magnolia', 'u.s. blues']",crazy fingers,37.7879363,-122.4075201
202,Great American Music Hall,San Francisco,USA,1975-08-13,1975,CA,"['help on the way', 'slipknot!', ""franklin's tower"", 'music never stopped', 'it must have been the roses', 'eyes of the world', 'drums', 'stronger than dirt', 'around and around', 'sugaree', 'big river', 'crazy fingers', 'drums', 'the other one', 'sage and spirit', ""goin' down the road feelin' bad"", 'u.s. blues', 'blues for allah']",help on the way,37.7879363,-122.4075201
203,Lindley Meadows (Golden Gate Park),San Francisco,USA,1975-09-28,1975,CA,"['help on the way', 'slipknot!', 'music never stopped', 'they love each other', 'beat it on down the line', ""franklin's tower"", 'big river', 'it must have been the roses', ""truckin'"", 'the eleven', 'drums', 'stronger than dirt', 'not fade away', ""goin' down the road feelin' bad"", 'one more saturday night']",help on the way,37.7879363,-122.4075201
204,Paramount Theatre,Portland,USA,1976-06-03,1976,OR,"['might as well', 'cassidy', 'row jimmy', 'looks like rain', 'they love each other', ""lazy lightnin'"", 'supplication', 'candyman', 'music never stopped', 'scarlet begonias', ""dancin' in the streets"", 'samson and delilah', 'crazy fingers', 'wharf rat', 'let it grow', 'drums', 'it must have been the roses', 'around and around', 'help on the way', 'slipknot!', ""franklin's tower"", 'one more saturday night', 'the wheel']",might as well,45.5202471,-122.674194
205,Paramount Theatre,Portland,USA,1976-06-04,1976,OR,"['promised land', 'friend of the devil', 'mama tried', 'sugaree', 'cassidy', 'candyman', 'big river', 'brown eyed women', ""lazy lightnin'"", 'supplication', 'mission in the rain', 'looks like rain', 'help on the way', 'slipknot!', ""franklin's tower"", ""playin' in the band"", 'might as well', 'samson and delilah', 'cosmic charlie', 'let it grow', 'drums', 'stella blue', ""dancin' in the streets"", 'u.s. blues', 'johnny b. goode']",promised land,45.5202471,-122.674194
206,Boston Music Hall,Boston,USA,1976-06-09,1976,MA,"['cold rain and snow', 'cassidy', 'scarlet begonias', 'music never stopped', 'crazy fingers', 'big river', 'they love each other', 'looks like rain', 'ship of fools', 'promised land', 'st. stephen', 'eyes of the world', 'let it grow', 'drums', 'brown eyed women', ""lazy lightnin'"", 'supplication', 'high time', 'samson and delilah', 'it must have been the roses', ""dancin' in the streets"", 'wharf rat', 'around and around', ""franklin's tower""]",cold rain and snow,42.3588336,-71.0578303
207,Boston Music Hall,Boston,USA,1976-06-10,1976,MA,"['promised land', 'sugaree', 'cassidy', 'they love each other', 'music never stopped', 'brown eyed women', ""lazy lightnin'"", 'supplication', 'row jimmy', 'big river', 'mission in the rain', 'looks like rain', 'might as well', 'samson and delilah', 'help on the way', 'slipknot!', ""franklin's tower"", 'let it grow', 'drums', 'friend of the devil', ""playin' in the band"", ""dancin' in the streets"", 'u.s. blues']",promised land,42.3588336,-71.0578303
208,Boston Music Hall,Boston,USA,1976-06-11,1976,MA,"['might as well', 'mama tried', 'tennessee jed', 'cassidy', 'candyman', 'big river', 'scarlet begonias', 'looks like rain', 'it must have been the roses', ""lazy lightnin'"", 'supplication', 'brown eyed women', 'promised land', 'st. stephen', ""dancin' in the streets"", 'music never stopped', 'ship of fools', 'samson and delilah', 'sugaree', 'sugar magnolia', 'eyes of the world', 'stella blue', 'sunshine daydream', 'johnny b. goode']",might as well,42.3588336,-71.0578303
209,Boston Music Hall,Boston,USA,1976-06-12,1976,MA,"['samson and delilah', 'row jimmy', 'music never stopped', 'brown eyed women', 'big river', 'mission in the rain', 'looks like rain', 'friend of the devil', ""lazy lightnin'"", 'supplication', 'high time', 'promised land', 'the wheel', 'cassidy', 'tennessee jed', 'let it grow', 'drums', 'wharf rat', 'comes a time', ""dancin' in the streets"", 'around and around', 'sugar magnolia', 'u.s. blues', 'sunshine daydream']",samson and delilah,42.3588336,-71.0578303
210,Beacon Theatre,New York,USA,1976-06-14,1976,NY,"['cold rain and snow', 'mama tried', 'row jimmy', 'cassidy', 'brown eyed women', 'big river', 'might as well', ""lazy lightnin'"", 'supplication', 'tennessee jed', ""playin' in the band"", 'the wheel', 'samson and delilah', 'high time', 'music never stopped', 'crazy fingers', ""dancin' in the streets"", 'cosmic charlie', 'help on the way', 'slipknot!', ""franklin's tower"", 'around and around', 'u.s. blues']",cold rain and snow,40.7127281,-74.0060152
211,Beacon Theatre,New York,USA,1976-06-15,1976,NY,"['promised land', 'sugaree', 'cassidy', 'candyman', 'music never stopped', 'it must have been the roses', 'looks like rain', 'tennessee jed', 'let it grow', 'might as well', 'st. stephen', 'not fade away', 'stella blue', 'samson and delilah', 'friend of the devil', ""dancin' in the streets"", 'the wheel', 'sugar magnolia', 'scarlet begonias', 'sunshine daydream', 'johnny b. goode']",promised land,40.7127281,-74.0060152
212,Capitol Theatre,Passaic,USA,1976-06-17,1976,NJ,"['cold rain and snow', 'big river', 'they love each other', 'cassidy', 'tennessee jed', 'looks like rain', 'row jimmy', 'promised land', 'help on the way', 'slipknot!', ""franklin's tower"", ""dancin' in the streets"", 'samson and delilah', ""lazy lightnin'"", 'supplication', 'friend of the devil', 'let it grow', 'drums', 'let it grow', 'wharf rat', 'around and around']",cold rain and snow,41.0461864,-74.3177933
213,Capitol Theatre,Passaic,USA,1976-06-18,1976,NJ,"['music never stopped', 'sugaree', 'mama tried', 'crazy fingers', 'big river', 'brown eyed women', 'looks like rain', 'row jimmy', 'cassidy', 'mission in the rain', 'promised land', 'samson and delilah', 'tennessee jed', 'st. stephen', 'not fade away', 'st. stephen', 'eyes of the world', 'drums', 'the wheel', 'sugar magnolia', 'u.s. blues']",music never stopped,41.0461864,-74.3177933
214,Capitol Theatre,Passaic,USA,1976-06-19,1976,NJ,"['help on the way', 'slipknot!', ""franklin's tower"", 'music never stopped', 'brown eyed women', 'cassidy', 'they love each other', 'looks like rain', 'tennessee jed', ""playin' in the band"", 'might as well', 'samson and delilah', 'high time', 'let it grow', 'drums', 'let it grow', ""dancin' in the streets"", 'cosmic charlie', 'around and around', ""goin' down the road feelin' bad"", 'one more saturday night', 'not fade away']",help on the way,41.0461864,-74.3177933
215,Tower Theatre,Upper Darby,USA,1976-06-21,1976,PA,"['music never stopped', 'sugaree', 'mama tried', 'brown eyed women', 'cassidy', 'row jimmy', 'looks like rain', 'scarlet begonias', ""lazy lightnin'"", 'supplication', 'candyman', 'promised land', 'the wheel', 'samson and delilah', 'help on the way', 'slipknot!', ""franklin's tower"", 'it must have been the roses', ""dancin' in the streets"", 'wharf rat', 'around and around', 'johnny b. goode']",music never stopped,39.9283632,-75.2737099
216,Tower Theatre,Upper Darby,USA,1976-06-22,1976,PA,"['u.s. blues', 'music never stopped', 'crazy fingers', 'comes a time', 'big river', 'tennessee jed', 'looks like rain', 'they love each other', 'cassidy', 'ship of fools', 'promised land', ""playin' in the band"", 'drums', 'the wheel', ""playin' in the band"", 'samson and delilah', 'eyes of the world', ""dancin' in the streets"", 'around and around', ""goin' down the road feelin' bad"", 'one more saturday night']",u.s. blues,39.9283632,-75.2737099
217,Tower Theater,Upper Darby,USA,1976-06-23,1976,PA,"['music never stopped', 'sugaree', 'mama tried', 'row jimmy', 'big river', 'high time', 'looks like rain', 'brown eyed women', ""lazy lightnin'"", 'supplication', 'friend of the devil', 'promised land', 'samson and delilah', 'might as well', 'let it grow', 'drums', 'let it grow', 'cosmic charlie', 'st. stephen', 'not fade away', 'st. stephen', ""dancin' in the streets"", 'the wheel', 'johnny b. goode']",music never stopped,39.9283632,-75.2737099
218,Tower Theatre,Upper Darby,USA,1976-06-24,1976,PA,"['cold rain and snow', 'big river', 'friend of the devil', 'cassidy', 'it must have been the roses', ""lazy lightnin'"", 'supplication', 'tennessee jed', 'looks like rain', 'scarlet begonias', 'promised land', 'help on the way', 'slipknot!', ""franklin's tower"", 'samson and delilah', 'wharf rat', ""dancin' in the streets"", 'sugar magnolia']",cold rain and snow,39.9283632,-75.2737099
219,Auditorium Theatre,Chicago,USA,1976-06-26,1976,IL,"['promised land', 'sugaree', 'cassidy', 'row jimmy', 'mama tried', 'tennessee jed', 'looks like rain', 'scarlet begonias', ""lazy lightnin'"", 'supplication', 'peggy-o', 'music never stopped', ""playin' in the band"", 'st. stephen', 'the wheel', ""playin' in the band"", 'samson and delilah', 'crazy fingers', 'stella blue', 'around and around', 'one more saturday night', 'u.s. blues']",promised land,41.8755616,-87.6244212
220,Auditorium Theatre,Chicago,USA,1976-06-27,1976,IL,"['cold rain and snow', 'cassidy', 'brown eyed women', 'big river', 'ship of fools', ""lazy lightnin'"", 'supplication', 'friend of the devil', 'looks like rain', 'might as well', 'let it grow', 'drums', 'let it grow', 'wharf rat', 'samson and delilah', 'help on the way', 'slipknot!', ""franklin's tower"", 'sugar magnolia', 'u.s. blues']",cold rain and snow,41.8755616,-87.6244212
221,Auditorium Theatre,Chicago,USA,1976-06-28,1976,IL,"['promised land', 'they love each other', 'cassidy', 'tennessee jed', 'looks like rain', 'scarlet begonias', ""lazy lightnin'"", 'supplication', 'high time', 'music never stopped', 'eyes of the world', 'drums', 'wharf rat', ""dancin' in the streets"", 'the wheel', 'around and around']",promised land,41.8755616,-87.6244212
222,Auditorium Theatre,Chicago,USA,1976-06-29,1976,IL,"['tennessee jed', 'cassidy', 'peggy-o', 'mama tried', 'mission in the rain', 'looks like rain', 'brown eyed women', ""lazy lightnin'"", 'supplication', 'row jimmy', 'music never stopped', 'might as well', 'samson and delilah', 'candyman', ""playin' in the band"", 'drums', 'the wheel', ""playin' in the band"", 'st. stephen', 'not fade away', 'st. stephen', 'one more saturday night', 'u.s. blues']",tennessee jed,41.8755616,-87.6244212
223,Orpheum Theatre,San Francisco,USA,1976-07-12,1976,CA,"['music never stopped', 'brown eyed women', 'cassidy', 'tennessee jed', 'new minglewood blues', 'candyman', 'looks like rain', 'row jimmy', ""lazy lightnin'"", 'supplication', 'deal', 'promised land', 'sugaree', 'samson and delilah', 'help on the way', 'slipknot!', ""franklin's tower"", ""dancin' in the streets"", 'wharf rat', 'drums', 'the wheel', 'around and around', 'u.s. blues']",music never stopped,37.7879363,-122.4075201
224,Orpheum Theatre,San Francisco,USA,1976-07-13,1976,CA,"['mississippi half-step', 'big river', 'peggy-o', 'cassidy', 'crazy fingers', 'let it grow', 'drums', 'let it grow', 'might as well', 'music never stopped', 'it must have been the roses', 'samson and delilah', 'high time', 'st. stephen', 'not fade away', 'st. stephen', 'sugar magnolia', 'stella blue', 'sunshine daydream', ""dancin' in the streets""]",mississippi half-step,37.7879363,-122.4075201
225,Orpheum Theatre,San Francisco,USA,1976-07-14,1976,CA,"['promised land', 'sugaree', 'new minglewood blues', 'scarlet begonias', 'looks like rain', 'they love each other', 'mama tried', 'ship of fools', ""playin' in the band"", 'drums', 'the wheel', ""playin' in the band"", 'brown eyed women', 'samson and delilah', 'friend of the devil', 'let it grow', 'eyes of the world', 'wharf rat', 'the other one', 'music never stopped', 'johnny b. goode']",promised land,37.7879363,-122.4075201
226,Orpheum Theatre,San Francisco,USA,1976-07-16,1976,CA,"['cold rain and snow', 'cassidy', 'deal', 'mama tried', 'row jimmy', 'big river', 'brown eyed women', 'looks like rain', 'peggy-o', 'music never stopped', 'scarlet begonias', ""playin' in the band"", 'stronger than dirt', 'cosmic charlie', 'samson and delilah', 'drums', 'the wheel', 'spanish jam', ""playin' in the band"", 'around and around', 'high time', 'sugar magnolia', 'u.s. blues']",cold rain and snow,37.7879363,-122.4075201
227,Orpheum Theatre,San Francisco,USA,1976-07-17,1976,CA,"['promised land', 'mississippi half-step', 'mama tried', 'deal', 'new minglewood blues', 'peggy-o', 'big river', 'sugaree', 'johnny b. goode', 'samson and delilah', 'comes a time', 'drums', 'the other one', 'eyes of the world', 'the other one', ""goin' down the road feelin' bad"", 'one more saturday night', 'u.s. blues', 'not fade away']",promised land,37.7879363,-122.4075201
228,Orpheum Theatre,San Francisco,USA,1976-07-18,1976,CA,"['mississippi half-step', 'cassidy', 'row jimmy', 'mama tried', 'scarlet begonias', 'looks like rain', 'tennessee jed', 'new minglewood blues', 'loser', 'music never stopped', 'might as well', 'samson and delilah', 'candyman', ""lazy lightnin'"", 'supplication', 'let it grow', 'drums', 'let it grow', 'wharf rat', 'the other one', 'st. stephen', 'not fade away', 'st. stephen', 'the wheel', 'the other one', 'stella blue', 'sugar magnolia', 'johnny b. goode']",mississippi half-step,37.7879363,-122.4075201
229,Colt Park,Hartford,USA,1976-08-02,1976,CT,"['promised land', 'mississippi half-step', 'mama tried', 'deal', 'cassidy', 'tennessee jed', 'big river', 'brown eyed women', 'new minglewood blues', 'they love each other', 'looks like rain', 'loser', ""lazy lightnin'"", 'supplication', 'might as well', 'samson and delilah', 'candyman', ""playin' in the band"", 'wharf rat', 'drums', ""goin' down the road feelin' bad"", ""playin' in the band"", 'around and around', 'u.s. blues', 'sugar magnolia']",promised land,41.764582,-72.6908547
230,Roosevelt Stadium,Jersey City,USA,1976-08-04,1976,NJ,"['sugaree', 'new minglewood blues', 'row jimmy', 'big river', 'loser', 'looks like rain', 'they love each other', 'music never stopped', 'scarlet begonias', 'help on the way', 'slipknot!', ""franklin's tower"", ""dancin' in the streets"", 'the wheel', 'samson and delilah', 'it must have been the roses', 'not fade away', 'drums', 'the other one', 'ship of fools', 'sugar magnolia', 'johnny b. goode']",sugaree,40.7215682,-74.047455
231,Cameron Indoor Stadium; Duke Univ.,Durham,USA,1976-09-23,1976,NC,"['mississippi half-step', 'new minglewood blues', 'ramble on rose', 'cassidy', 'brown eyed women', ""lazy lightnin'"", 'supplication', 'crazy fingers', 'el paso', 'it must have been the roses', 'music never stopped', 'help on the way', 'slipknot!', ""franklin's tower"", 'looks like rain', 'eyes of the world', 'samson and delilah', 'high time', ""dancin' in the streets"", 'wharf rat', 'drums', 'the other one', 'morning dew']",mississippi half-step,35.996653,-78.9018053
232,William and Marry Hall,Williamsburg,USA,1976-09-24,1976,VA,"['promised land', 'deal', 'cassidy', 'sugaree', 'looks like rain', 'row jimmy', 'big river', 'tennessee jed', ""playin' in the band"", 'supplication', ""playin' in the band"", 'might as well', 'samson and delilah', 'loser', 'new minglewood blues', 'help on the way', 'slipknot!', ""franklin's tower"", 'music never stopped', 'stella blue', 'around and around', 'u.s. blues']",promised land,37.2712497,-76.700035
233,Capitol Center,Landover,USA,1976-09-25,1976,MD,"['bertha', 'new minglewood blues', 'ramble on rose', 'cassidy', 'brown eyed women', 'mama tried', 'peggy-o', ""it's all over now"", 'loser', 'let it grow', 'sugaree', ""lazy lightnin'"", 'supplication', 'mississippi half-step', ""dancin' in the streets"", 'cosmic charlie', 'scarlet begonias', 'st. stephen', 'not fade away', 'drums', 'st. stephen', 'sugar magnolia']",bertha,38.925313,-76.8815433
234,War Memorial Aud.,Rochester,USA,1976-09-27,1976,NY,"['promised land', 'they love each other', 'el paso', 'deal', 'looks like rain', 'row jimmy', ""it's all over now"", 'loser', ""lazy lightnin'"", 'supplication', 'brown eyed women', 'music never stopped', 'might as well', 'samson and delilah', 'help on the way', 'slipknot!', 'drums', 'the other one', 'wharf rat', 'slipknot!', ""franklin's tower"", 'around and around', 'u.s. blues']",promised land,43.157285,-77.615214
235,Onondaga War Memorial Aud.,Syracuse,USA,1976-09-28,1976,NY,"['cold rain and snow', 'big river', 'bertha', 'cassidy', 'tennessee jed', 'new minglewood blues', 'candyman', ""it's all over now"", 'friend of the devil', 'let it grow', ""goin' down the road feelin' bad"", ""playin' in the band"", 'the wheel', 'samson and delilah', 'comes a time', 'drums', 'eyes of the world', ""dancin' in the streets"", ""playin' in the band"", 'johnny b. goode']",cold rain and snow,43.0481221,-76.1474244
236,St. John's Arena; Ohio State Univ.,Columbus,USA,1976-09-30,1976,OH,"['peggy-o', 'crazy fingers', ""lazy lightnin'"", 'supplication', 'it must have been the roses', 'samson and delilah', 'st. stephen', 'not fade away', 'drums', 'wharf rat', 'not fade away', 'st. stephen', 'around and around', 'morning dew']",peggy-o,39.9622601,-83.0007065
237,Market Square Arena,Indianapolis,USA,1976-10-01,1976,ID,"['bertha', 'mama tried', 'deal', 'cassidy', 'friend of the devil', 'big river', 'brown eyed women', ""it's all over now"", 'scarlet begonias', 'promised land', 'might as well', 'samson and delilah', 'help on the way', 'slipknot!', ""franklin's tower"", ""dancin' in the streets"", 'drums', 'the wheel', 'ship of fools', ""dancin' in the streets"", ""goin' down the road feelin' bad"", 'one more saturday night', 'u.s. blues']",bertha,39.7683331,-86.1583502
239,COBO Arena,Detroit,USA,1976-10-03,1976,MI,"['sugaree', 'new minglewood blues', 'ramble on rose', 'looks like rain', 'loser', 'el paso', 'scarlet begonias', 'music never stopped', 'samson and delilah', 'it must have been the roses', ""playin' in the band"", 'the wheel', ""good lovin'"", 'comes a time', ""dancin' in the streets"", 'not fade away', ""dancin' in the streets"", 'around and around']",sugaree,42.3315509,-83.0466403
240,Oakland Coliseum Stadium,Oakland,USA,1976-10-09,1976,CA,"['promised land', 'mississippi half-step', 'cassidy', 'tennessee jed', 'looks like rain', 'they love each other', 'new minglewood blues', 'scarlet begonias', ""lazy lightnin'"", 'supplication', 'sugaree', 'st. stephen', 'not fade away', 'st. stephen', 'help on the way', 'slipknot!', 'drums', 'samson and delilah', 'slipknot!', ""franklin's tower"", 'one more saturday night', 'u.s. blues']",promised land,37.8044557,-122.271356
241,Oakland Coliseum Stadium,Oakland,USA,1976-10-10,1976,CA,"['might as well', 'mama tried', 'ramble on rose', 'cassidy', 'deal', 'el paso', 'loser', 'promised land', 'friend of the devil', ""dancin' in the streets"", 'wharf rat', ""dancin' in the streets"", 'samson and delilah', 'brown eyed women', ""playin' in the band"", 'drums', 'the wheel', 'the other one', 'stella blue', ""playin' in the band"", 'sugar magnolia', 'johnny b. goode']",might as well,37.8044557,-122.271356
242,Shrine Auditorium,Los Angeles,USA,1976-10-14,1976,CA,"['promised land', 'they love each other', 'cassidy', 'peggy-o', 'big river', 'ramble on rose', 'looks like rain', 'deal', 'el paso', 'tennessee jed', 'music never stopped', 'scarlet begonias', 'new minglewood blues', 'mississippi half-step', 'samson and delilah', 'ship of fools', ""dancin' in the streets"", 'wharf rat', ""dancin' in the streets"", 'around and around', 'johnny b. goode']",promised land,34.0536909,-118.242766
243,Shrine Auditorium,Los Angeles,USA,1976-10-15,1976,CA,"['might as well', 'mama tried', 'row jimmy', ""it's all over now"", 'loser', 'new minglewood blues', 'bertha', ""lazy lightnin'"", 'supplication', 'sugaree', 'promised land', 'eyes of the world', 'music never stopped', 'it must have been the roses', 'samson and delilah', ""he's gone"", 'drums', 'the other one', 'comes a time', ""franklin's tower"", 'sugar magnolia']",might as well,34.0536909,-118.242766
244,Cow Palace,Daly City,USA,1976-12-31,1976,CA,"['promised land', 'bertha', 'mama tried', 'they love each other', 'looks like rain', 'deal', ""playin' in the band"", 'sugar magnolia', 'eyes of the world', 'wharf rat', 'drums', ""good lovin'"", 'samson and delilah', 'scarlet begonias', 'around and around', 'help on the way', 'slipknot!', 'not fade away', 'morning dew', 'one more saturday night', ""uncle john's band"", 'we bid you goodnight']",promised land,37.6904826,-122.47267
245,Swing Auditorium,San Bernardino,USA,1977-02-26,1977,CA,"['terrapin station', 'new minglewood blues', 'they love each other', 'estimated prophet', 'sugaree', 'mama tried', 'deal', ""playin' in the band"", 'the wheel', ""playin' in the band"", 'samson and delilah', 'tennessee jed', 'music never stopped', 'help on the way', 'slipknot!', ""franklin's tower"", 'promised land', 'eyes of the world', ""dancin' in the streets"", 'around and around', 'u.s. blues']",terrapin station,34.8253019,-116.0833144
246,Robertson Gym (UC Santa Barbara),Goleta,USA,1977-02-27,1977,CA,"['new minglewood blues', 'loser', 'el paso', 'ramble on rose', 'estimated prophet', 'peggy-o', ""good lovin'"", 'mississippi half-step', 'music never stopped', 'scarlet begonias', 'samson and delilah', 'st. stephen', 'not fade away', 'drums', 'terrapin station', 'morning dew', 'sugar magnolia', 'johnny b. goode']",new minglewood blues,34.4358295,-119.8276389
247,Winterland Arena,San Francisco,USA,1977-03-18,1977,CA,"['promised land', 'mississippi half-step', ""it's all over now"", 'sugaree', 'new minglewood blues', 'peggy-o', 'cassidy', 'scarlet begonias', 'fire on the mountain', 'samson and delilah', 'brown eyed women', ""good lovin'"", 'ship of fools', 'estimated prophet', 'terrapin station', 'the alhambra', 'drums', 'not fade away', 'st. stephen', 'around and around', ""uncle john's band""]",promised land,37.7879363,-122.4075201
248,Winterland Arena,San Francisco,USA,1977-03-19,1977,CA,"['bertha', 'mama tried', 'loser', 'big river', 'they love each other', 'looks like rain', 'tennessee jed', 'estimated prophet', 'terrapin station', ""playin' in the band"", 'samson and delilah', ""playin' in the band"", 'eyes of the world', ""dancin' in the streets"", 'wharf rat', ""franklin's tower"", 'sugar magnolia', 'one more saturday night', ""uncle john's band""]",bertha,37.7879363,-122.4075201
249,Winterland Arena,San Francisco,USA,1977-03-20,1977,CA,"['new minglewood blues', 'ramble on rose', 'el paso', 'deal', 'cassidy', 'peggy-o', 'beat it on down the line', 'brown eyed women', 'estimated prophet', 'scarlet begonias', 'samson and delilah', 'row jimmy', 'promised land', 'st. stephen', 'the other one', 'stella blue', 'around and around', 'u.s. blues', 'terrapin station']",new minglewood blues,37.7879363,-122.4075201
250,The Spectrum,Philadelphia,USA,1977-04-22,1977,PA,"['promised land', 'mississippi half-step', 'looks like rain', 'deal', 'el paso', 'tennessee jed', 'estimated prophet', 'peggy-o', ""playin' in the band"", 'scarlet begonias', 'fire on the mountain', 'samson and delilah', 'it must have been the roses', ""dancin' in the streets"", 'mojo', ""dancin' in the streets"", 'the wheel', 'terrapin station']",promised land,39.9527237,-75.1635262
251,Springfield Civic Center,Springfield,USA,1977-04-23,1977,MA,"['sugaree', 'cassidy', 'loser', 'new minglewood blues', 'row jimmy', 'me and my uncle', 'ramble on rose', ""it's all over now"", 'scarlet begonias', 'fire on the mountain', 'estimated prophet', 'bertha', 'music never stopped', 'help on the way', 'slipknot!', ""franklin's tower"", 'around and around', ""goin' down the road feelin' bad"", 'not fade away', 'one more saturday night']",sugaree,42.1018764,-72.5886727
252,Capitol Theater,Passaic,USA,1977-04-25,1977,NJ,"['new minglewood blues', 'deal', 'mama tried', 'they love each other', 'looks like rain', 'peggy-o', ""lazy lightnin'"", 'supplication', 'ship of fools', 'el paso', 'brown eyed women', 'music never stopped', 'scarlet begonias', 'fire on the mountain', 'samson and delilah', 'terrapin station', ""playin' in the band"", 'drums', 'wharf rat', ""playin' in the band"", 'u.s. blues']",new minglewood blues,41.0461864,-74.3177933
253,Capitol Theater,Passaic,USA,1977-04-26,1977,NJ,"['bertha', 'me and my uncle', 'it must have been the roses', 'cassidy', 'tennessee jed', 'big river', 'friend of the devil', 'estimated prophet', 'deal', ""good lovin'"", 'mississippi half-step', ""dancin' in the streets"", 'eyes of the world', 'samson and delilah', 'stella blue', 'sugar magnolia']",bertha,41.0461864,-74.3177933
254,Capitol Theater,Passaic,USA,1977-04-27,1977,NJ,"['promised land', 'mississippi half-step', 'looks like rain', 'sugaree', 'el paso', 'row jimmy', 'new minglewood blues', 'loser', 'music never stopped', 'estimated prophet', 'scarlet begonias', 'fire on the mountain', ""good lovin'"", 'ramble on rose', 'samson and delilah', 'terrapin station', 'morning dew', 'johnny b. goode']",promised land,41.0461864,-74.3177933
255,The Palladium,New York,USA,1977-04-29,1977,NY,"['help on the way', 'slipknot!', ""franklin's tower"", 'new minglewood blues', 'tennessee jed', 'cassidy', 'they love each other', 'big river', 'loser', 'music never stopped', 'samson and delilah', 'sugaree', 'el paso', 'brown eyed women', 'estimated prophet', 'scarlet begonias', ""goin' down the road feelin' bad"", 'drums', 'the wheel', 'wharf rat', 'around and around', ""uncle john's band""]",help on the way,40.7127281,-74.0060152
256,The Palladium,New York,USA,1977-04-30,1977,NY,"['music never stopped', 'bertha', ""it's all over now"", 'deal', 'mama tried', 'me and my uncle', 'peggy-o', 'looks like rain', 'mississippi half-step', 'promised land', 'scarlet begonias', 'fire on the mountain', ""good lovin'"", 'friend of the devil', 'estimated prophet', 'st. stephen', 'not fade away', 'stella blue', 'st. stephen', 'one more saturday night', 'terrapin station']",music never stopped,40.7127281,-74.0060152
257,The Palladium,New York,USA,1977-05-01,1977,NY,"['might as well', 'el paso', 'ramble on rose', 'cassidy', 'they love each other', ""lazy lightnin'"", 'supplication', 'it must have been the roses', 'estimated prophet', 'tennessee jed', 'sunrise', 'samson and delilah', ""dancin' in the streets"", 'brown eyed women', ""playin' in the band"", 'drums', 'the other one', 'comes a time', ""playin' in the band"", 'brokedown palace']",might as well,40.7127281,-74.0060152
258,The Palladium,New York,USA,1977-05-03,1977,NY,"['promised land', 'bertha', 'me and my uncle', 'peggy-o', 'jack straw', 'row jimmy', ""lazy lightnin'"", 'supplication', 'deal', ""good lovin'"", 'ship of fools', 'music never stopped', 'might as well', 'estimated prophet', 'sugaree', 'samson and delilah', 'friend of the devil', 'eyes of the world', 'wharf rat', 'not fade away', 'around and around', ""uncle john's band""]",promised land,40.7127281,-74.0060152
259,The Palladium,New York,USA,1977-05-04,1977,NY,"['mississippi half-step', 'big river', 'they love each other', 'new minglewood blues', 'it must have been the roses', 'cassidy', 'deal', 'looks like rain', 'brown eyed women', ""dancin' in the streets"", 'estimated prophet', 'scarlet begonias', 'fire on the mountain', 'terrapin station', ""playin' in the band"", 'comes a time', ""playin' in the band""]",mississippi half-step,40.7127281,-74.0060152
260,Veterans' Memorial Coliseum,New Haven,USA,1977-05-05,1977,CT,"['promised land', 'sugaree', 'mama tried', 'el paso', 'tennessee jed', 'looks like rain', 'deal', ""lazy lightnin'"", 'supplication', 'peggy-o', 'music never stopped', 'bertha', 'estimated prophet', 'scarlet begonias', 'fire on the mountain', ""good lovin'"", 'st. stephen', 'sugar magnolia', 'johnny b. goode']",promised land,41.3082138,-72.9250518
261,Boston Garden,Boston,USA,1977-05-07,1977,MA,"['bertha', 'cassidy', 'deal', 'jack straw', 'peggy-o', 'new minglewood blues', 'mississippi half-step', 'big river', 'tennessee jed', 'music never stopped', 'terrapin station', 'samson and delilah', 'friend of the devil', 'estimated prophet', 'eyes of the world', 'drums', 'the wheel', 'wharf rat', 'around and around', 'u.s. blues']",bertha,42.3588336,-71.0578303
262,Barton Hall (Cornell U),Ithica,USA,1977-05-08,1977,NY,"['new minglewood blues', 'loser', 'el paso', 'they love each other', 'jack straw', 'deal', ""lazy lightnin'"", 'supplication', 'brown eyed women', 'mama tried', 'row jimmy', ""dancin' in the streets"", 'scarlet begonias', 'fire on the mountain', 'estimated prophet', 'st. stephen', 'not fade away', 'st. stephen', 'morning dew', 'one more saturday night']",new minglewood blues,41.4779794,-73.5332652
263,War Memorial Auditorium,Buffalo,USA,1977-05-09,1977,NY,"['help on the way', 'slipknot!', ""franklin's tower"", 'cassidy', 'brown eyed women', 'mexicali blues', 'tennessee jed', 'big river', 'peggy-o', 'sunrise', 'music never stopped', 'bertha', ""good lovin'"", 'ship of fools', 'estimated prophet', 'the other one', 'drums', 'not fade away', 'comes a time', 'sugar magnolia', ""uncle john's band""]",help on the way,42.8864163,-78.8781493
264,St. Paul Civic Center,St. Paul,USA,1977-05-11,1977,MN,"['promised land', 'they love each other', 'big river', 'loser', 'looks like rain', 'ramble on rose', 'jack straw', 'peggy-o', 'el paso', 'deal', ""lazy lightnin'"", 'supplication', 'sugaree', 'samson and delilah', 'brown eyed women', 'estimated prophet', 'scarlet begonias', 'fire on the mountain', ""good lovin'"", ""uncle john's band"", 'wharf rat', 'around and around', 'brokedown palace']",promised land,44.9497487,-93.0931028
265,Auditorium Theater,Chicago,USA,1977-05-12,1977,IL,"['bertha', 'me and my uncle', 'tennessee jed', 'cassidy', 'peggy-o', 'jack straw', 'they love each other', 'new minglewood blues', 'mississippi half-step', ""dancin' in the streets"", 'samson and delilah', 'brown eyed women', 'estimated prophet', 'sunrise', 'terrapin station', ""playin' in the band"", 'drums', 'not fade away', 'comes a time', ""playin' in the band"", 'johnny b. goode']",bertha,41.8755616,-87.6244212
266,Auditorium Theater,Chicago,USA,1977-05-13,1977,IL,"['music never stopped', 'ramble on rose', 'cassidy', 'brown eyed women', 'new minglewood blues', 'friend of the devil', 'el paso', 'jack-a-roe', 'looks like rain', 'scarlet begonias', 'fire on the mountain', 'samson and delilah', 'bertha', 'estimated prophet', 'drums', 'the other one', 'stella blue', ""goin' down the road feelin' bad"", 'one more saturday night', 'u.s. blues']",music never stopped,41.8755616,-87.6244212
267,St. Louis Arena,St. Louis,USA,1977-05-15,1977,MO,"['bertha', ""good lovin'"", 'row jimmy', 'new minglewood blues', 'tennessee jed', ""lazy lightnin'"", 'supplication', 'jack-a-roe', 'passenger', 'funiculi funicula', 'brown eyed women', ""dancin' in the streets"", 'estimated prophet', 'eyes of the world', 'drums', 'samson and delilah', 'ship of fools', 'st. stephen', 'iko iko', 'not fade away', 'sugar magnolia', ""uncle john's band""]",bertha,38.6254063,-90.190009
268,Memorial Coliseum (U of Alabama),Tuscaloosa,USA,1977-05-17,1977,AL,"['new minglewood blues', 'mississippi half-step', 'el paso', 'they love each other', 'jack straw', 'jack-a-roe', 'looks like rain', 'tennessee jed', 'passenger', 'high time', 'big river', 'sunrise', 'scarlet begonias', 'fire on the mountain', 'samson and delilah', 'bertha', ""good lovin'"", 'brown eyed women', 'estimated prophet', 'terrapin station', ""playin' in the band"", 'drums', 'wharf rat', ""playin' in the band"", 'sugar magnolia']",new minglewood blues,33.2095614,-87.5675258
269,Fox Theater,Atlanta,USA,1977-05-18,1977,GA,"['deal', 'cassidy', 'jack-a-roe', 'mexicali blues', 'friend of the devil', 'new minglewood blues', 'it must have been the roses', ""lazy lightnin'"", 'supplication', 'high time', 'music never stopped', 'jack straw', 'ship of fools', 'estimated prophet', 'eyes of the world', 'drums', 'the other one', 'stella blue', 'around and around', 'brokedown palace']",deal,33.7544657,-84.3898151
270,Fox Theater,Atlanta,USA,1977-05-19,1977,GA,"['promised land', 'sugaree', 'el paso', 'peggy-o', 'looks like rain', 'row jimmy', 'passenger', 'loser', ""dancin' in the streets"", 'samson and delilah', 'ramble on rose', 'estimated prophet', 'terrapin station', ""playin' in the band"", ""uncle john's band"", 'drums', 'the wheel', 'china doll', ""playin' in the band""]",promised land,33.7544657,-84.3898151
271,Lakeland Civic Center,Lakeland,USA,1977-05-21,1977,FL,"['bertha', 'me and my uncle', 'they love each other', 'cassidy', 'jack-a-roe', 'jack straw', 'tennessee jed', 'passenger', 'row jimmy', 'scarlet begonias', 'fire on the mountain', 'samson and delilah', 'brown eyed women', 'estimated prophet', ""he's gone"", 'drums', 'the other one', 'comes a time', 'st. stephen', 'not fade away', 'st. stephen', 'one more saturday night', 'u.s. blues']",bertha,28.0394654,-81.9498042
272,The Sportatorium,Hollywood,USA,1977-05-22,1977,FL,"['music never stopped', 'sugaree', 'el paso', 'peggy-o', 'new minglewood blues', 'friend of the devil', ""lazy lightnin'"", 'supplication', 'ramble on rose', ""dancin' in the streets"", 'help on the way', 'slipknot!', ""franklin's tower"", 'samson and delilah', 'brown eyed women', ""good lovin'"", 'sunrise', 'estimated prophet', 'eyes of the world', 'wharf rat', 'terrapin station', 'morning dew', 'sugar magnolia']",music never stopped,26.0112014,-80.1494901
273,The Mosque,Richmond,USA,1977-05-25,1977,VA,"['mississippi half-step', 'jack straw', 'they love each other', 'mexicali blues', 'peggy-o', 'cassidy', 'loser', ""lazy lightnin'"", 'supplication', 'brown eyed women', 'promised land', 'scarlet begonias', 'fire on the mountain', 'estimated prophet', ""he's gone"", 'drums', 'the other one', 'wharf rat', 'the other one', 'the wheel', 'around and around', 'u.s. blues']",mississippi half-step,37.5385087,-77.43428
274,Baltimore Civic Center,Baltimore,USA,1977-05-26,1977,MD,"['music never stopped', 'sugaree', 'mama tried', 'sunrise', 'deal', 'passenger', 'brown eyed women', 'looks like rain', 'jack-a-roe', 'new minglewood blues', 'bertha', 'samson and delilah', 'high time', 'big river', 'terrapin station', 'estimated prophet', 'eyes of the world', 'not fade away', ""goin' down the road feelin' bad"", 'around and around', ""uncle john's band""]",music never stopped,39.2908816,-76.610759
275,Hartford Civic Center,Hartford,USA,1977-05-28,1977,CT,"['bertha', ""good lovin'"", 'sugaree', 'jack straw', 'row jimmy', 'new minglewood blues', 'candyman', 'passenger', 'brown eyed women', 'promised land', 'samson and delilah', 'tennessee jed', 'estimated prophet', ""playin' in the band"", 'terrapin station', 'not fade away', 'wharf rat', ""playin' in the band"", 'one more saturday night', 'u.s. blues']",bertha,41.764582,-72.6908547
276,The Fabulous Forum,Inglewood,USA,1977-06-04,1977,CA,"['promised land', 'tennessee jed', 'el paso', 'peggy-o', 'jack straw', 'friend of the devil', ""lazy lightnin'"", 'supplication', 'candyman', 'new minglewood blues', 'brown eyed women', 'music never stopped', 'samson and delilah', 'ship of fools', 'estimated prophet', 'eyes of the world', 'drums', ""good lovin'"", 'terrapin station', ""playin' in the band"", ""franklin's tower"", 'china doll', 'not fade away', ""playin' in the band"", 'one more saturday night']",promised land,33.9562003,-118.353132
277,Winterland Arena,San Francisco,USA,1977-06-07,1977,CA,"['bertha', 'jack straw', 'tennessee jed', 'looks like rain', 'peggy-o', 'funiculi funicula', 'el paso', 'friend of the devil', 'music never stopped', 'scarlet begonias', 'fire on the mountain', ""good lovin'"", 'candyman', 'estimated prophet', ""he's gone"", 'drums', 'samson and delilah', 'terrapin station', 'morning dew', 'around and around', ""uncle john's band"", 'u.s. blues']",bertha,37.7879363,-122.4075201
278,Winterland Arena,San Francisco,USA,1977-06-08,1977,CA,"['new minglewood blues', 'sugaree', 'mexicali blues', 'row jimmy', 'passenger', 'sunrise', 'brown eyed women', ""it's all over now"", 'jack-a-roe', ""lazy lightnin'"", 'supplication', 'bertha', ""good lovin'"", 'ramble on rose', 'estimated prophet', 'eyes of the world', 'drums', 'the other one', 'wharf rat', 'not fade away', ""goin' down the road feelin' bad"", 'johnny b. goode', 'brokedown palace']",new minglewood blues,37.7879363,-122.4075201
279,Winterland Arena,San Francisco,USA,1977-06-09,1977,CA,"['mississippi half-step', 'jack straw', 'they love each other', 'cassidy', 'sunrise', 'deal', 'looks like rain', 'loser', 'music never stopped', 'samson and delilah', 'funiculi funicula', 'help on the way', 'slipknot!', ""franklin's tower"", 'estimated prophet', 'st. stephen', 'not fade away', 'drums', 'st. stephen', 'terrapin station', 'sugar magnolia', 'u.s. blues', 'one more saturday night']",mississippi half-step,37.7879363,-122.4075201
280,Raceway Park,Englishtown,USA,1977-09-03,1977,NJ,"['promised land', 'they love each other', 'me and my uncle', 'mississippi half-step', 'looks like rain', 'peggy-o', 'new minglewood blues', 'friend of the devil', 'music never stopped', 'bertha', ""good lovin'"", 'loser', 'estimated prophet', 'eyes of the world', 'samson and delilah', ""he's gone"", 'not fade away', ""truckin'"", 'terrapin station']",promised land,40.2973319,-74.3582041
281,Paramount Northeast,Seattle,USA,1977-09-28,1977,WA,"['new minglewood blues', 'they love each other', 'cassidy', 'loser', 'jack straw', 'tennessee jed', 'passenger', 'peggy-o', 'me and my uncle', 'friend of the devil', 'music never stopped', 'bertha', ""good lovin'"", 'dire wolf', 'estimated prophet', 'eyes of the world', 'drums', 'not fade away', 'wharf rat', 'around and around', 'u.s. blues']",new minglewood blues,47.6038321,-122.330062
282,Paramount Northwest,Seattle,USA,1977-09-29,1977,WA,"['mississippi half-step', 'mama tried', 'deal', 'looks like rain', 'ramble on rose', 'el paso', 'sugaree', 'let it grow', ""franklin's tower"", 'samson and delilah', 'ship of fools', 'estimated prophet', ""he's gone"", 'drums', ""truckin'"", 'stella blue', ""goin' down the road feelin' bad"", 'johnny b. goode', ""uncle john's band""]",mississippi half-step,47.6038321,-122.330062
283,Paramount Theater,Portland,USA,1977-10-01,1977,OR,"['promised land', 'they love each other', 'mexicali blues', 'dire wolf', 'cassidy', 'deal', 'passenger', 'tennessee jed', 'new minglewood blues', 'peggy-o', 'music never stopped', 'bertha', ""good lovin'"", 'it must have been the roses', 'estimated prophet', 'eyes of the world', ""dancin' in the streets"", 'drums', 'not fade away', 'black peter', 'around and around']",promised land,45.5202471,-122.674194
284,Paramount Theater,Portland,USA,1977-10-02,1977,OR,"['casey jones', 'jack straw', 'sunrise', 'brown eyed women', 'el paso', ""dupree's diamond blues"", 'let it grow', 'deal', 'samson and delilah', 'scarlet begonias', 'fire on the mountain', 'funiculi funicula', ""playin' in the band"", 'drums', 'the wheel', ""truckin'"", 'the other one', 'wharf rat', 'sugar magnolia', 'johnny b. goode']",casey jones,45.5202471,-122.674194
285,Arizona State University,Tempe,USA,1977-10-06,1977,AZ,"['promised land', 'tennessee jed', 'jack straw', 'dire wolf', 'looks like rain', 'loser', 'new minglewood blues', 'they love each other', 'music never stopped', 'bertha', ""good lovin'"", 'friend of the devil', 'estimated prophet', 'eyes of the world', 'drums', 'not fade away', 'black peter', 'not fade away', 'around and around', ""uncle john's band""]",promised land,33.4255117,-111.940016
286,University of New Mexico,Albuquerque,USA,1977-10-07,1977,NM,"['mississippi half-step', 'jack straw', 'peggy-o', 'el paso', 'they love each other', 'big river', ""dupree's diamond blues"", 'let it grow', 'deal', 'samson and delilah', 'sunrise', 'ramble on rose', 'passenger', 'terrapin station', ""playin' in the band"", 'drums', 'iko iko', 'the wheel', 'wharf rat', 'sugar magnolia', 'one more saturday night']",mississippi half-step,35.0841034,-106.650985
287,McNichols Sports Arena,Denver,USA,1977-10-09,1977,CO,"['promised land', 'they love each other', 'cassidy', 'dire wolf', 'looks like rain', 'brown eyed women', ""lazy lightnin'"", 'supplication', 'sugaree', 'music never stopped', 'samson and delilah', 'scarlet begonias', 'fire on the mountain', 'estimated prophet', ""he's gone"", ""truckin'"", 'drums', 'terrapin station', 'around and around', 'casey jones']",promised land,39.7392364,-104.984862
288,Lloyd Noble Center (U of Oklahoma),Norman,USA,1977-10-11,1977,OK,"['help on the way', 'slipknot!', ""franklin's tower"", 'jack straw', 'peggy-o', 'el paso', 'sunrise', 'deal', 'let it grow', ""dancin' in the streets"", 'dire wolf', 'estimated prophet', 'eyes of the world', 'not fade away', 'wharf rat', 'around and around']",help on the way,35.2225717,-97.4394816
289,Manor Downs,Austin,USA,1977-10-12,1977,TX,"['promised land', 'they love each other', 'me and my uncle', 'candyman', 'passenger', 'brown eyed women', 'el paso', 'friend of the devil', ""lazy lightnin'"", 'supplication', 'deal', 'samson and delilah', 'tennessee jed', 'estimated prophet', ""he's gone"", 'drums', 'the other one', 'black peter', ""truckin'"", ""nobody's fault but mine"", 'iko iko', 'sugar magnolia', 'johnny b. goode']",promised land,30.2711286,-97.7436995
290,Hofheinz Pavilion,Houston,USA,1977-10-14,1977,TX,"['jack straw', 'mississippi half-step', 'el paso', 'brown eyed women', 'new minglewood blues', 'loser', 'passenger', 'friend of the devil', 'me and my uncle', 'tennessee jed', 'music never stopped', 'bertha', ""good lovin'"", 'candyman', ""playin' in the band"", 'drums', 'the wheel', 'wharf rat', 'around and around', 'brokedown palace', ""playin' in the band""]",jack straw,29.7589382,-95.3676974
291,Moody Coliseum (SMU),Dallas,USA,1977-10-15,1977,TX,"['bertha', ""good lovin'"", 'they love each other', 'mama tried', 'big river', 'ramble on rose', 'looks like rain', 'peggy-o', 'let it grow', 'samson and delilah', 'sunrise', 'terrapin station', 'st. stephen', 'not fade away', 'stella blue', 'sugar magnolia', ""truckin'"", 'one more saturday night']",bertha,32.7762719,-96.7968559
292,Assembly Center (Lousiana State U),Baton Rouge,USA,1977-10-16,1977,LA,"['promised land', 'sugaree', 'cassidy', 'loser', 'new minglewood blues', 'friend of the devil', 'sunrise', 'dire wolf', 'music never stopped', 'scarlet begonias', 'fire on the mountain', 'estimated prophet', 'drums', 'the other one', ""good lovin'"", 'terrapin station', 'black peter', 'around and around', 'u.s. blues']",promised land,30.4494155,-91.1869659
293,Soldiers' and Sailors' Memorial Hall,Kansas City,USA,1977-10-28,1977,KS,"['promised land', 'they love each other', 'cassidy', 'tennessee jed', 'mexicali blues', 'big river', 'brown eyed women', ""lazy lightnin'"", 'supplication', 'deal', 'samson and delilah', 'candyman', 'sunrise', 'passenger', ""he's gone"", 'drums', 'not fade away', 'stella blue', ""goin' down the road feelin' bad"", 'around and around', 'casey jones']",promised land,39.1134562,-94.626497
294,Field House (Northern Illinois U),De Kalb,USA,1977-10-29,1977,IL,"['might as well', 'jack straw', 'dire wolf', 'looks like rain', 'loser', 'el paso', 'ramble on rose', 'new minglewood blues', 'it must have been the roses', 'let it grow', 'bertha', ""good lovin'"", 'friend of the devil', 'estimated prophet', 'eyes of the world', 'st. stephen', 'not fade away', 'black peter', 'sugar magnolia', 'drums', 'sunshine daydream', 'one more saturday night']",might as well,42.0047639,-89.1098991
295,Assembly Hall (Indiana U),Bloomington,USA,1977-10-30,1977,IN,"['new minglewood blues', 'they love each other', 'mama tried', 'me and my uncle', 'tennessee jed', 'passenger', 'candyman', ""lazy lightnin'"", 'supplication', 'deal', 'samson and delilah', 'peggy-o', ""playin' in the band"", 'the other one', 'drums', 'the wheel', 'wharf rat', ""playin' in the band"", 'johnny b. goode']",new minglewood blues,39.1670396,-86.5342881
296,COBO Arena,Detroit,USA,1977-11-01,1977,MI,"['might as well', 'jack straw', 'tennessee jed', 'el paso', 'friend of the devil', 'looks like rain', 'dire wolf', 'passenger', 'peggy-o', 'music never stopped', 'terrapin station', 'estimated prophet', 'the other one', 'drums', 'wharf rat', ""truckin'"", 'around and around', 'u.s. blues']",might as well,42.3315509,-83.0466403
297,Field House (Seneca College),Toronto,Canada,1977-11-02,1977,,"['promised land', 'they love each other', 'me and my uncle', 'big river', 'candyman', 'looks like rain', 'ramble on rose', ""lazy lightnin'"", 'supplication', 'might as well', 'samson and delilah', 'ship of fools', ""good lovin'"", 'sunrise', 'scarlet begonias', 'fire on the mountain', 'estimated prophet', 'st. stephen', ""truckin'"", 'around and around', 'terrapin station']",promised land,-21.2131807,-47.8074981
298,Cotterrell Gym (Colgate U),Hamilton,USA,1977-11-04,1977,NY,"['bertha', ""good lovin'"", 'brown eyed women', 'cassidy', 'it must have been the roses', 'sunrise', 'new minglewood blues', ""dupree's diamond blues"", 'let it grow', 'samson and delilah', 'cold rain and snow', ""playin' in the band"", 'eyes of the world', 'estimated prophet', 'the other one', 'drums', 'iko iko', 'stella blue', ""playin' in the band"", 'johnny b. goode']",bertha,43.6307863,-74.4659275
299,War Memorial Auditorium,Rochester,USA,1977-11-05,1977,NY,"['new minglewood blues', 'mississippi half-step', 'looks like rain', 'dire wolf', 'mama tried', 'big river', 'candyman', 'jack straw', 'deal', 'eyes of the world', 'samson and delilah', 'it must have been the roses', 'estimated prophet', ""he's gone"", 'drums', 'the other one', 'black peter', 'sugar magnolia', 'one more saturday night']",new minglewood blues,43.157285,-77.615214
300,Broome County Arena,Binghamton,USA,1977-11-06,1977,NY,"['mississippi half-step', 'jack straw', 'tennessee jed', 'mexicali blues', 'me and my uncle', 'friend of the devil', 'new minglewood blues', ""dupree's diamond blues"", 'passenger', 'dire wolf', 'music never stopped', 'samson and delilah', 'sunrise', 'scarlet begonias', 'fire on the mountain', ""good lovin'"", 'st. stephen', 'drums', 'not fade away', 'wharf rat', 'st. stephen', ""truckin'"", 'johnny b. goode']",mississippi half-step,42.098698,-75.9125187
301,Winterland Arena,San Francisco,USA,1977-12-27,1977,CA,"['bertha', ""good lovin'"", 'brown eyed women', 'cassidy', 'peggy-o', 'looks like rain', 'dire wolf', 'passenger', 'candyman', 'el paso', 'friend of the devil', 'music never stopped', 'cold rain and snow', ""lazy lightnin'"", 'supplication', 'scarlet begonias', 'fire on the mountain', 'estimated prophet', ""he's gone"", ""truckin'"", 'wharf rat', 'around and around', 'samson and delilah']",bertha,37.7879363,-122.4075201
302,Winterland Arena,San Francisco,USA,1977-12-29,1977,CA,"['jack straw', 'they love each other', 'mama tried', 'loser', 'looks like rain', 'tennessee jed', 'new minglewood blues', 'sugaree', 'promised land', 'bertha', ""good lovin'"", 'it must have been the roses', 'sunrise', ""playin' in the band"", 'china cat sunflower', 'i know you rider', 'china doll', ""playin' in the band"", 'drums', 'not fade away', ""playin' in the band"", 'terrapin station', 'johnny b. goode']",jack straw,37.7879363,-122.4075201
303,Winterland Arena,San Francisco,USA,1977-12-30,1977,CA,"['mississippi half-step', 'me and my uncle', 'dire wolf', 'looks like rain', 'row jimmy', 'big river', 'peggy-o', 'passenger', 'ramble on rose', 'let it grow', 'samson and delilah', 'ship of fools', 'estimated prophet', 'eyes of the world', 'st. stephen', 'sugar magnolia', 'u.s. blues', ""good lovin'""]",mississippi half-step,37.7879363,-122.4075201
304,Winterland Arena,San Francisco,USA,1977-12-31,1977,CA,"['music never stopped', 'tennessee jed', 'funiculi funicula', 'me and my uncle', 'loser', 'jack straw', 'friend of the devil', ""lazy lightnin'"", 'supplication', 'sugar magnolia', 'scarlet begonias', 'fire on the mountain', ""truckin'"", 'wharf rat', 'drums', 'not fade away', 'around and around', 'one more saturday night', 'casey jones']",music never stopped,37.7879363,-122.4075201
305,Swing Auditorium,San Bernardino,USA,1978-01-06,1978,CA,"['promised land', 'dire wolf', 'mama tried', 'big river', 'loser', 'looks like rain', 'tennessee jed', 'new minglewood blues', 'deal', ""lazy lightnin'"", 'supplication', ""playin' in the band"", 'estimated prophet', 'drums', 'the other one', ""truckin'"", 'johnny b. goode']",promised land,34.8253019,-116.0833144
306,Golden Hall,San Diego,USA,1978-01-07,1978,CA,"['new minglewood blues', 'cassidy', 'sunrise', 'passenger', 'mexicali blues', 'me and my uncle', 'looks like rain', 'el paso', 'let it grow', 'promised land', 'jack straw', ""dancin' in the streets"", 'samson and delilah', ""playin' in the band"", 'drums', 'not fade away', 'around and around', 'one more saturday night']",new minglewood blues,32.7174202,-117.162772
307,Golden Hall,San Diego,USA,1978-01-08,1978,CA,"['jack straw', 'mama tried', 'big river', 'sunrise', ""it's all over now"", 'looks like rain', ""lazy lightnin'"", 'supplication', 'samson and delilah', ""good lovin'"", 'estimated prophet', 'drums', 'the other one', ""truckin'"", 'sugar magnolia', 'johnny b. goode']",jack straw,32.7174202,-117.162772
308,Shrine Auditorium,Los Angeles,USA,1978-01-10,1978,CA,"['bertha', ""good lovin'"", 'brown eyed women', 'mexicali blues', 'me and my uncle', 'friend of the devil', 'cassidy', 'candyman', 'passenger', 'sunrise', 'deal', 'music never stopped', 'jack straw', 'it must have been the roses', 'estimated prophet', ""he's gone"", 'drums', 'the other one', 'wharf rat', ""franklin's tower"", 'around and around', 'u.s. blues']",bertha,34.0536909,-118.242766
309,Shrine Auditorium,Los Angeles,USA,1978-01-11,1978,CA,"['new minglewood blues', 'dire wolf', 'looks like rain', 'they love each other', 'big river', 'el paso', 'brown eyed women', 'let it grow', 'samson and delilah', 'sunrise', 'terrapin station', ""playin' in the band"", 'st. stephen', 'not fade away', ""playin' in the band"", 'passenger']",new minglewood blues,34.0536909,-118.242766
310,Arlington Theater,Santa Barbara,USA,1978-01-13,1978,CA,"['mississippi half-step', 'mexicali blues', 'big river', 'candyman', ""it's all over now"", 'brown eyed women', 'beat it on down the line', 'friend of the devil', ""lazy lightnin'"", 'supplication', 'bertha', ""good lovin'"", 'sunrise', ""dancin' in the streets"", 'drums', 'wharf rat', ""truckin'"", 'around and around', 'sugar magnolia']",mississippi half-step,34.4221319,-119.702667
311,Bakersfield Civic Auditorium,Bakersfield,USA,1978-01-14,1978,CA,"['jack straw', 'dire wolf', 'cassidy', 'they love each other', 'mama tried', 'me and my uncle', 'loser', 'looks like rain', 'deal', 'let it grow', 'samson and delilah', 'candyman', 'estimated prophet', 'eyes of the world', 'not fade away', 'one more saturday night']",jack straw,35.3738712,-119.019463
312,Selland Arena,Fresno,USA,1978-01-15,1978,CA,"['bertha', ""good lovin'"", 'dire wolf', 'mexicali blues', 'big river', 'it must have been the roses', 'passenger', 'brown eyed women', 'music never stopped', 'samson and delilah', 'friend of the devil', 'sunrise', 'terrapin station', ""playin' in the band"", 'wharf rat', 'sugar magnolia']",bertha,36.7394421,-119.78483
313,Sacramento Memorial Auditorium,Sacramento,USA,1978-01-17,1978,CA,"['promised land', 'dire wolf', 'cassidy', 'loser', 'looks like rain', 'row jimmy', 'new minglewood blues', 'it must have been the roses', 'music never stopped', 'bertha', ""good lovin'"", 'candyman', 'estimated prophet', ""he's gone"", 'drums', 'the other one', 'black peter', ""truckin'"", 'around and around', 'u.s. blues']",promised land,38.5810606,-121.493895
314,Stockton Civic Aud.,Stockton,USA,1978-01-18,1978,CA,"['mississippi half-step', 'mama tried', 'me and my uncle', 'peggy-o', 'jack straw', 'friend of the devil', ""it's all over now"", 'row jimmy', ""lazy lightnin'"", 'supplication', 'terrapin station', ""playin' in the band"", 'passenger', 'estimated prophet', 'stella blue', 'sugar magnolia', 'around and around']",mississippi half-step,37.9577016,-121.290779
315,McArthur Court (U of Oregon),Eugene,USA,1978-01-22,1978,OR,"['new minglewood blues', 'dire wolf', 'cassidy', 'peggy-o', 'el paso', 'tennessee jed', 'jack straw', 'row jimmy', 'music never stopped', 'bertha', ""good lovin'"", 'ship of fools', 'samson and delilah', 'terrapin station', 'drums', 'the other one', 'close encounters', 'st. stephen', 'not fade away', 'around and around', 'u.s. blues']",new minglewood blues,44.0505054,-123.0950506
316,Uptown Theater,Chicago,USA,1978-01-30,1978,IL,"['promised land', 'dire wolf', 'mexicali blues', 'big river', 'brown eyed women', 'looks like rain', 'peggy-o', ""it's all over now"", 'deal', ""lazy lightnin'"", 'supplication', 'bertha', ""good lovin'"", 'ship of fools', 'estimated prophet', 'eyes of the world', 'stella blue', ""franklin's tower"", 'around and around', 'johnny b. goode']",promised land,41.8755616,-87.6244212
317,Uptown Theater,Chicago,USA,1978-01-31,1978,IL,"['mississippi half-step', 'passenger', 'tennessee jed', 'el paso', 'candyman', 'new minglewood blues', 'they love each other', 'let it grow', 'scarlet begonias', 'fire on the mountain', 'samson and delilah', 'terrapin station', ""playin' in the band"", 'black peter', ""truckin'"", ""good lovin'""]",mississippi half-step,41.8755616,-87.6244212
318,Uptown Theater,Chicago,USA,1978-02-01,1978,IL,"['jack straw', 'friend of the devil', 'mama tried', 'me and my uncle', 'ramble on rose', 'cassidy', 'sunrise', 'sugaree', 'music never stopped', 'samson and delilah', 'it must have been the roses', 'estimated prophet', ""he's gone"", 'the other one', 'wharf rat', 'sugar magnolia']",jack straw,41.8755616,-87.6244212
319,Dane County Coliseum,Madison,USA,1978-02-03,1978,WI,"['cold rain and snow', 'mexicali blues', 'big river', 'they love each other', 'looks like rain', 'loser', 'passenger', 'brown eyed women', 'el paso', 'peggy-o', 'music never stopped', ""good lovin'"", 'ship of fools', 'estimated prophet', 'eyes of the world', ""playin' in the band"", 'the wheel', ""playin' in the band"", 'johnny b. goode']",cold rain and snow,43.07469,-89.3841663
320,Milwaukee Auditorium,Milwaukee,USA,1978-02-04,1978,WI,"['jack straw', 'tennessee jed', 'mama tried', 'me and my uncle', 'row jimmy', 'beat it on down the line', 'candyman', ""it's all over now"", 'deal', 'samson and delilah', ""dupree's diamond blues"", ""dancin' in the streets"", 'terrapin station', ""playin' in the band"", 'not fade away', 'black peter', 'around and around', 'one more saturday night']",jack straw,43.0386475,-87.9090751
321,Uni Dome (University of Northern Iowa),Cedar Falls,USA,1978-02-05,1978,IA,"['bertha', ""good lovin'"", 'jack straw', ""good lovin'"", 'el paso', 'tennessee jed', 'new minglewood blues', 'friend of the devil', 'passenger', 'deal', 'scarlet begonias', 'fire on the mountain', 'samson and delilah', 'ship of fools', ""truckin'"", 'drums', 'the other one', 'wharf rat', 'around and around', 'u.s. blues']",bertha,42.5361805,-92.447758
322,Curtis Hixon Convention Hall,Tampa,USA,1978-04-06,1978,FL,"['bertha', ""good lovin'"", 'dire wolf', 'me and my uncle', 'big river', 'friend of the devil', 'passenger', 'candyman', ""lazy lightnin'"", 'supplication', 'samson and delilah', 'it must have been the roses', 'estimated prophet', ""he's gone"", 'drums', 'the other one', 'wharf rat', 'around and around', 'u.s. blues']",bertha,27.9449854,-82.4583107
323,The Sportatorium,Hollywood,USA,1978-04-07,1978,FL,"['promised land', 'sugaree', 'cassidy', 'tennessee jed', 'mama tried', 'mexicali blues', 'peggy-o', 'new minglewood blues', 'loser', 'music never stopped', 'jack straw', 'ship of fools', ""good lovin'"", 'terrapin station', ""playin' in the band"", 'drums', 'not fade away', 'black peter', ""playin' in the band"", 'johnny b. goode']",promised land,26.0112014,-80.1494901
324,Auditorium Coliseum,Jacksonville,USA,1978-04-08,1978,FL,"['mississippi half-step', 'me and my uncle', 'big river', 'they love each other', 'looks like rain', 'deal', 'el paso', 'it must have been the roses', ""lazy lightnin'"", 'supplication', 'samson and delilah', 'scarlet begonias', 'fire on the mountain', 'estimated prophet', 'eyes of the world', 'drums', 'sugar magnolia', 'one more saturday night']",mississippi half-step,30.3262247,-81.6579179
325,Fox Theater,Atlanta,USA,1978-04-10,1978,GA,"['promised land', 'brown eyed women', ""it's all over now"", 'peggy-o', 'cassidy', 'dire wolf', 'el paso', 'row jimmy', 'passenger', 'candyman', 'music never stopped', 'jack straw', 'ship of fools', ""dancin' in the streets"", 'drums', ""franklin's tower"", 'black peter', 'around and around', 'u.s. blues']",promised land,33.7544657,-84.3898151
326,Fox Theater,Atlanta,USA,1978-04-11,1978,GA,"['bertha', ""good lovin'"", 'friend of the devil', 'me and my uncle', 'big river', 'tennessee jed', 'looks like rain', 'brown eyed women', 'new minglewood blues', 'deal', 'samson and delilah', 'scarlet begonias', 'fire on the mountain', 'sunrise', 'terrapin station', 'drums', 'iko iko', 'sugar magnolia', 'johnny b. goode']",bertha,33.7544657,-84.3898151
327,Cameron Indoor Stadium (Duke U),Durham,USA,1978-04-12,1978,NC,"['jack straw', 'dire wolf', 'beat it on down the line', 'peggy-o', 'mama tried', 'mexicali blues', 'funiculi funicula', 'row jimmy', 'new minglewood blues', 'loser', ""lazy lightnin'"", 'supplication', 'bertha', ""good lovin'"", 'it must have been the roses', 'estimated prophet', 'eyes of the world', 'drums', ""truckin'"", 'wharf rat', 'around and around', 'u.s. blues']",jack straw,35.996653,-78.9018053
328,Virginia Polytechnic University,Blacksburg,USA,1978-04-14,1978,VA,"['promised land', 'tennessee jed', 'me and my uncle', 'big river', 'peggy-o', 'looks like rain', 'dire wolf', ""it's all over now"", ""dupree's diamond blues"", 'music never stopped', 'samson and delilah', 'ship of fools', ""dancin' in the streets"", 'drums', 'the other one', 'black peter', 'sugar magnolia', 'johnny b. goode']",promised land,37.2296566,-80.4136767
329,William and Mary Hall,Williamsburg,USA,1978-04-15,1978,VA,"['mississippi half-step', 'passenger', 'friend of the devil', 'el paso', 'brown eyed women', 'let it grow', 'deal', 'bertha', ""good lovin'"", 'candyman', 'sunrise', ""playin' in the band"", 'drums', 'not fade away', 'morning dew', 'around and around', 'one more saturday night']",mississippi half-step,37.2712497,-76.700035
330,Huntington Civic Center,Huntington,USA,1978-04-16,1978,WV,"['jack straw', 'dire wolf', 'cassidy', 'peggy-o', 'mexicali blues', 'mama tried', 'they love each other', 'new minglewood blues', 'scarlet begonias', 'fire on the mountain', 'samson and delilah', 'ship of fools', 'estimated prophet', 'eyes of the world', 'drums', 'iko iko', 'sugar magnolia', 'u.s. blues']",jack straw,38.4192496,-82.445154
331,Pittsburgh Civic Arena,Pittsburgh,USA,1978-04-18,1978,PA,"['new minglewood blues', 'sugaree', 'looks like rain', 'dire wolf', 'beat it on down the line', 'loser', 'el paso', 'tennessee jed', ""lazy lightnin'"", 'supplication', 'scarlet begonias', ""dancin' in the streets"", 'drums', 'samson and delilah', 'terrapin station', 'around and around', 'u.s. blues']",new minglewood blues,40.4406968,-80.0025666
333,Rupp Arena (Lexington Center),Lexington,USA,1978-04-21,1978,KY,"['promised land', 'dire wolf', 'mama tried', 'mexicali blues', 'ramble on rose', 'funiculi funicula', 'passenger', 'row jimmy', ""it's all over now"", 'brown eyed women', 'music never stopped', 'samson and delilah', 'ship of fools', ""playin' in the band"", 'drums', 'stella blue', ""truckin'"", ""playin' in the band"", 'werewolves of london', 'u.s. blues']",promised land,38.0464066,-84.4970393
334,Nashville Municipal Auditorium,Nashville,USA,1978-04-22,1978,TN,"['bertha', ""good lovin'"", 'candyman', 'looks like rain', 'tennessee jed', 'jack straw', 'peggy-o', 'new minglewood blues', 'deal', ""lazy lightnin'"", 'supplication', 'it must have been the roses', 'estimated prophet', 'eyes of the world', 'drums', 'not fade away', 'wharf rat', 'sugar magnolia', 'one more saturday night']",bertha,36.1622767,-86.7742984
335,Horton Field House (Illinois State U),Normal,USA,1978-04-24,1978,IL,"['promised land', 'ramble on rose', 'me and my uncle', 'big river', 'friend of the devil', 'cassidy', 'brown eyed women', 'passenger', 'it must have been the roses', 'music never stopped', 'scarlet begonias', 'fire on the mountain', ""good lovin'"", 'terrapin station', 'drums', 'not fade away', 'black peter', 'around and around', 'werewolves of london']",promised land,40.5092961,-88.9843937
336,Thompson Arena (Dartmouth College),Hanover,USA,1978-05-05,1978,NH,"['promised land', 'dire wolf', 'cassidy', 'candyman', 'el paso', 'they love each other', 'passenger', 'brown eyed women', ""lazy lightnin'"", 'supplication', 'bertha', ""good lovin'"", 'ship of fools', 'estimated prophet', 'eyes of the world', 'drums', 'not fade away', 'stella blue', 'around and around', 'werewolves of london']",promised land,43.7023545,-72.2892164
337,Patrick Field House (U of Vermont),Burlington,USA,1978-05-06,1978,VT,"['sugaree', 'new minglewood blues', 'peggy-o', 'beat it on down the line', 'loser', 'looks like rain', 'it must have been the roses', 'me and my uncle', 'big river', 'deal', 'samson and delilah', 'sunrise', 'terrapin station', ""playin' in the band"", 'drums', 'wharf rat', 'sugar magnolia', 'one more saturday night']",sugaree,44.4761601,-73.212906
338,Field House (Rensselaer Polytechnic Institute),Troy,USA,1978-05-07,1978,NY,"['jack straw', 'dire wolf', 'funiculi funicula', 'mexicali blues', 'mama tried', 'tennessee jed', ""it's all over now"", 'friend of the devil', 'passenger', 'brown eyed women', 'music never stopped', 'scarlet begonias', 'fire on the mountain', 'estimated prophet', ""he's gone"", 'drums', 'iko iko', 'the other one', 'black peter', 'around and around', 'u.s. blues']",jack straw,42.7284117,-73.6917878
339,Onondaga War Memorial Auditorium,Syracuse,USA,1978-05-09,1978,NY,"[""franklin's tower"", 'new minglewood blues', 'row jimmy', 'looks like rain', 'friend of the devil', 'el paso', 'candyman', 'passenger', 'deal', 'samson and delilah', 'ship of fools', ""dancin' in the streets"", 'drums', 'not fade away', 'black peter', 'around and around', 'werewolves of london']",franklins tower,43.0481221,-76.1474244
340,Veterans' Memorial Coliseum,New Haven,USA,1978-05-10,1978,CT,"['jack straw', 'they love each other', 'cassidy', 'ramble on rose', 'me and my uncle', 'big river', 'peggy-o', 'let it grow', 'deal', 'bertha', ""good lovin'"", 'it must have been the roses', 'estimated prophet', 'eyes of the world', 'drums', 'the other one', 'wharf rat', 'sugar magnolia', 'u.s. blues']",jack straw,41.3082138,-72.9250518
341,Springfield Civic Center,Springfield,USA,1978-05-11,1978,MA,"['cold rain and snow', 'beat it on down the line', 'friend of the devil', 'looks like rain', 'loser', 'mexicali blues', 'mama tried', 'tennessee jed', 'new minglewood blues', 'peggy-o', ""lazy lightnin'"", 'supplication', 'scarlet begonias', 'fire on the mountain', ""dancin' in the streets"", 'drums', 'not fade away', 'stella blue', 'around and around', 'werewolves of london', 'johnny b. goode']",cold rain and snow,42.1018764,-72.5886727
342,The Spectrum,Philadelphia,USA,1978-05-13,1978,PA,"['jack straw', 'dire wolf', 'beat it on down the line', 'peggy-o', 'el paso', 'row jimmy', 'new minglewood blues', 'candyman', 'music never stopped', 'bertha', ""good lovin'"", 'terrapin station', ""playin' in the band"", 'drums', ""truckin'"", 'black peter', 'sugar magnolia', 'one more saturday night']",jack straw,39.9527237,-75.1635262
343,Providence Civic Center,Providence,USA,1978-05-14,1978,RI,"['mississippi half-step', 'cassidy', 'they love each other', 'looks like rain', 'it must have been the roses', 'me and my uncle', 'big river', 'brown eyed women', 'let it grow', 'samson and delilah', 'ship of fools', 'estimated prophet', 'eyes of the world', 'drums', 'not fade away', ""goin' down the road feelin' bad"", 'around and around', 'u.s. blues']",mississippi half-step,41.8239891,-71.4128343
344,Uptown Theater,Chicago,USA,1978-05-16,1978,IL,"['jack straw', 'dire wolf', 'mexicali blues', 'mama tried', 'peggy-o', 'cassidy', 'row jimmy', 'passenger', 'music never stopped', 'scarlet begonias', 'fire on the mountain', 'el paso', 'ship of fools', 'estimated prophet', ""he's gone"", 'drums', 'comes a time', 'sugar magnolia', 'johnny b. goode']",jack straw,41.8755616,-87.6244212
345,Uptown Theater,Chicago,USA,1978-05-17,1978,IL,"['mississippi half-step', ""franklin's tower"", 'me and my uncle', 'big river', 'it must have been the roses', 'looks like rain', 'tennessee jed', ""lazy lightnin'"", 'supplication', 'samson and delilah', 'friend of the devil', ""dancin' in the streets"", 'drums', 'terrapin station', 'not fade away', 'around and around', 'werewolves of london']",mississippi half-step,41.8755616,-87.6244212
346,Campus Stadium (UC Santa Barbara),Goleta,USA,1978-06-04,1978,CA,"['bertha', ""good lovin'"", 'dire wolf', 'me and my uncle', 'big river', 'brown eyed women', 'looks like rain', 'tennessee jed', 'jack straw', 'samson and delilah', 'ship of fools', 'estimated prophet', 'eyes of the world', 'drums', 'not fade away', ""nobody's jam"", 'not fade away', ""goin' down the road feelin' bad"", 'around and around', 'u.s. blues', 'sugar magnolia']",bertha,34.4358295,-119.8276389
347,Autzen Stadium (U of Oregon),Eugene,USA,1978-06-25,1978,OR,"['promised land', 'they love each other', 'me and my uncle', 'big river', 'candyman', 'passenger', 'peggy-o', 'new minglewood blues', 'samson and delilah', 'friend of the devil', 'estimated prophet', 'eyes of the world', 'drums', 'not fade away', ""goin' down the road feelin' bad"", 'around and around', 'u.s. blues']",promised land,44.0505054,-123.0950506
348,Arrowhead Stadium,Kansas City,USA,1978-07-01,1978,MO,"['bertha', ""good lovin'"", 'tennessee jed', 'jack straw', 'friend of the devil', 'me and my uncle', 'big river', 'deal', 'terrapin station', ""playin' in the band"", 'estimated prophet', 'drums', 'the other one', 'wharf rat', 'around and around', 'johnny b. goode']",bertha,39.100105,-94.5781416
349,St. Paul Civic Center,St. Paul,USA,1978-07-03,1978,MN,"['new minglewood blues', 'loser', 'looks like rain', 'ramble on rose', 'mexicali blues', 'mama tried', 'peggy-o', 'cassidy', 'deal', 'music never stopped', 'scarlet begonias', 'fire on the mountain', ""dancin' in the streets"", 'drums', 'not fade away', 'stella blue', 'sugar magnolia', 'werewolves of london']",new minglewood blues,44.9497487,-93.0931028
350,Omaha Auditorium,Omaha,USA,1978-07-05,1978,NE,"['sugaree', 'beat it on down the line', 'they love each other', 'looks like rain', 'dire wolf', ""it's all over now"", 'candyman', ""lazy lightnin'"", 'supplication', 'deal', 'samson and delilah', 'ship of fools', 'estimated prophet', 'eyes of the world', 'drums', 'wharf rat', ""truckin'"", 'iko iko', 'around and around']",sugaree,41.2587459,-95.9383758
351,Red Rocks Amphitheater,Morrison,USA,1978-07-07,1978,CO,"['jack straw', 'candyman', 'me and my uncle', 'big river', 'friend of the devil', 'cassidy', 'tennessee jed', 'passenger', 'peggy-o', 'music never stopped', 'cold rain and snow', 'beat it on down the line', 'scarlet begonias', 'fire on the mountain', ""dancin' in the streets"", 'drums', 'not fade away', ""nobody's jam"", 'not fade away', 'black peter', 'around and around', 'u.s. blues', 'johnny b. goode']",jack straw,39.6535988,-105.191099
352,Red Rocks Amphitheater,Morrison,USA,1978-07-08,1978,CO,"['bertha', ""good lovin'"", 'dire wolf', 'el paso', 'it must have been the roses', 'new minglewood blues', 'ramble on rose', 'promised land', 'deal', 'samson and delilah', 'ship of fools', 'estimated prophet', 'the other one', 'eyes of the world', 'drums', 'wharf rat', ""franklin's tower"", 'sugar magnolia', 'terrapin station', 'one more saturday night', 'werewolves of london']",bertha,39.6535988,-105.191099
353,Red Rocks Amphitheater,Morrison,USA,1978-08-30,1978,CO,"['promised land', 'sugaree', 'mexicali blues', 'mama tried', 'stagger lee', 'looks like rain', 'deal', 'i need a miracle', 'brown eyed women', 'estimated prophet', 'the other one', 'eyes of the world', 'drums', 'if i had the world to give', 'iko iko', 'around and around', 'u.s. blues']",promised land,39.6535988,-105.191099
354,Red Rocks Amphitheater,Morrison,USA,1978-08-31,1978,CO,"['mississippi half-step', 'el paso', 'peggy-o', 'new minglewood blues', 'candyman', '>from the heart of me', 'jack straw', 'shakedown street', ""good lovin'"", 'ship of fools', 'samson and delilah', 'terrapin station', ""playin' in the band"", 'drums', 'not fade away', ""nobody's jam"", 'not fade away', 'black peter', 'sugar magnolia', 'johnny b. goode']",mississippi half-step,39.6535988,-105.191099
355,Giants Stadium (Meadowlands Sports Complex),East Rutherford,USA,1978-09-02,1978,NJ,"['jack straw', 'friend of the devil', 'new minglewood blues', 'dire wolf', 'looks like rain', 'stagger lee', 'i need a miracle', 'peggy-o', ""lazy lightnin'"", 'supplication', ""good lovin'"", 'scarlet begonias', 'fire on the mountain', 'estimated prophet', 'eyes of the world', 'drums', 'sugar magnolia', 'one more saturday night']",jack straw,40.833989,-74.0970865
359,Winterland Arena,San Francisco,USA,1978-10-17,1978,CA,"['promised land', 'friend of the devil', 'mama tried', 'mexicali blues', 'tennessee jed', 'i need a miracle', 'stagger lee', 'jack straw', 'scarlet begonias', 'fire on the mountain', 'estimated prophet', 'eyes of the world', 'drums', 'if i had the world to give', 'around and around', 'u.s. blues']",promised land,37.7879363,-122.4075201
360,Winterland Arena,San Francisco,USA,1978-10-18,1978,CA,"['sugaree', 'me and my uncle', 'big river', 'peggy-o', 'looks like rain', 'stagger lee', 'new minglewood blues', 'candyman', 'music never stopped', 'bertha', ""good lovin'"", '>from the heart of me', 'ship of fools', 'samson and delilah', 'terrapin station', ""playin' in the band"", 'drums', 'wharf rat', ""truckin'"", 'i need a miracle']",sugaree,37.7879363,-122.4075201
361,Winterland Arena,San Francisco,USA,1978-10-20,1978,CA,"['new minglewood blues', 'they love each other', 'cassidy', 'dire wolf', 'el paso', 'tennessee jed', ""it's all over now"", 'loser', ""lazy lightnin'"", 'supplication', 'mississippi half-step', ""franklin's tower"", ""dancin' in the streets"", 'drums', 'not fade away', 'black peter', 'around and around', 'johnny b. goode', 'shakedown street']",new minglewood blues,37.7879363,-122.4075201
362,Winterland Arena,San Francisco,USA,1978-10-21,1978,CA,"['ollin arrageed', 'promised land', 'sugaree', 'passenger', 'ramble on rose', 'looks like rain', 'stagger lee', 'i need a miracle', 'bertha', ""good lovin'"", 'it must have been the roses', 'estimated prophet', ""he's gone"", 'drums', 'mojo', 'the other one', 'stella blue', 'sugar magnolia', 'u.s. blues']",ollin arrageed,37.7879363,-122.4075201
363,Winterland Arena,San Francisco,USA,1978-10-22,1978,CA,"['ollin arrageed', 'deal', 'me and my uncle', 'big river', 'friend of the devil', 'new minglewood blues', 'peggy-o', 'jack straw', 'scarlet begonias', 'fire on the mountain', 'samson and delilah', '>from the heart of me', 'i need a miracle', 'drums', 'not fade away', 'caution jam', 'mojo jam', ""goin' down the road feelin' bad"", 'johnny b. goode']",ollin arrageed,37.7879363,-122.4075201
364,"Saturday Night Live, NBC Studios",New York,USA,1978-11-11,1978,NY,"['casey jones', 'i need a miracle', ""good lovin'""]",casey jones,40.7127281,-74.0060152
365,Boston Music Hall,Boston,USA,1978-11-13,1978,MA,"['promised land', 'they love each other', 'mama tried', 'mexicali blues', 'peggy-o', 'cassidy', 'tennessee jed', 'new minglewood blues', 'stagger lee', 'jack straw', 'mississippi half-step', ""franklin's tower"", 'samson and delilah', 'friend of the devil', ""playin' in the band"", 'drums', 'black peter', ""playin' in the band"", 'around and around', 'u.s. blues']",promised land,42.3588336,-71.0578303
366,Boston Music Hall,Boston,USA,1978-11-14,1978,MA,"['sugaree', 'el paso', 'candyman', ""it's all over now"", 'loser', 'passenger', 'stagger lee', 'i need a miracle', 'bertha', ""good lovin'"", '>from the heart of me', 'ship of fools', 'estimated prophet', 'eyes of the world', 'drums', 'wharf rat', 'not fade away', ""goin' down the road feelin' bad"", 'johnny b. goode']",sugaree,42.3588336,-71.0578303
367,Uptown Theater,Chicago,USA,1978-11-16,1978,IL,"['new minglewood blues', 'dire wolf', 'me and my uncle', 'big river', 'they love each other', 'looks like rain', 'brown eyed women', 'beat it on down the line', 'stagger lee', ""dancin' in the streets"", 'deal', 'scarlet begonias', 'fire on the mountain', 'samson and delilah', ""he's gone"", 'drums', 'black peter', ""truckin'"", 'u.s. blues']",new minglewood blues,41.8755616,-87.6244212
368,Uptown Theater,Chicago,USA,1978-11-17,1978,IL,"['shakedown street', 'mama tried', 'mexicali blues', 'peggy-o', 'cassidy', 'tennessee jed', 'passenger', 'friend of the devil', 'i need a miracle', 'bertha', ""good lovin'"", 'ship of fools', 'estimated prophet', 'eyes of the world', 'drums', 'terrapin station', 'around and around', 'casey jones']",shakedown street,41.8755616,-87.6244212
369,Uptown Theater,Chicago,USA,1978-11-18,1978,IL,"['jack straw', 'candyman', 'me and my uncle', 'big river', 'sugaree', 'el paso', 'stagger lee', ""it's all over now"", '>from the heart of me', 'music never stopped', 'scarlet begonias', 'fire on the mountain', 'i need a miracle', ""he's gone"", 'drums', 'the other one', 'wharf rat', 'sugar magnolia', 'one more saturday night']",jack straw,41.8755616,-87.6244212
370,Cleveland Music Hall,Cleveland,USA,1978-11-20,1978,OH,"['mississippi half-step', ""franklin's tower"", 'mama tried', 'mexicali blues', 'it must have been the roses', 'looks like rain', 'stagger lee', 'passenger', 'peggy-o', ""lazy lightnin'"", 'supplication', 'jam', 'drums', 'jack-a-roe', ""playin' in the band"", 'shakedown street', 'drums', 'if i had the world to give', ""playin' in the band"", 'around and around']",mississippi half-step,41.4996574,-81.6936772
371,War Memorial Auditorium,Rochester,USA,1978-11-21,1978,NY,"['promised land', 'they love each other', 'cassidy', 'dire wolf', 'me and my uncle', 'big river', 'row jimmy', 'new minglewood blues', 'loser', 'jack straw', 'deal', 'bertha', ""good lovin'"", 'stagger lee', 'estimated prophet', 'eyes of the world', 'drums', 'not fade away', 'black peter', ""truckin'"", 'johnny b. goode']",promised land,43.157285,-77.615214
372,Capital Centre,Landover,USA,1978-11-23,1978,MD,"['mississippi half-step', ""franklin's tower"", 'new minglewood blues', 'stagger lee', 'looks like rain', 'tennessee jed', 'passenger', 'brown eyed women', 'music never stopped', 'samson and delilah', 'friend of the devil', ""dancin' in the streets"", 'terrapin station', ""playin' in the band"", 'drums', 'shakedown street', ""playin' in the band"", 'around and around', 'u.s. blues']",mississippi half-step,38.925313,-76.8815433
373,Capitol Theater,Passaic,USA,1978-11-24,1978,NJ,"['jack straw', 'sugaree', 'me and my uncle', 'big river', 'stagger lee', 'passenger', 'candyman', 'new minglewood blues', '>from the heart of me', 'loser', 'promised land', 'i need a miracle', ""good lovin'"", 'friend of the devil', 'estimated prophet', 'shakedown street', 'ollin arrageed', 'drums', 'fire on the mountain', 'sugar magnolia', 'johnny b. goode']",jack straw,41.0461864,-74.3177933
374,Jai-Alai Fronton,Miami,USA,1978-12-12,1978,FL,"['mississippi half-step', ""franklin's tower"", 'looks like rain', 'peggy-o', 'me and my uncle', 'big river', 'ramble on rose', 'new minglewood blues', 'stagger lee', 'music never stopped', 'bertha', ""good lovin'"", 'brown eyed women', 'estimated prophet', 'eyes of the world', 'drums', 'not fade away', ""goin' down the road feelin' bad"", 'around and around', 'u.s. blues']",mississippi half-step,25.7741566,-80.1935973
375,Curtis Hixon Convention Hall,Tampa,USA,1978-12-13,1978,FL,"['passenger', 'they love each other', 'mama tried', 'mexicali blues', 'candyman', 'el paso', 'tennessee jed', ""it's all over now"", 'loser', 'jack straw', 'deal', 'i need a miracle', 'ship of fools', ""playin' in the band"", 'drums', 'shakedown street', 'black peter', ""playin' in the band"", 'sugar magnolia', 'johnny b. goode']",passenger,27.9449854,-82.4583107
376,Boutwell Auditorium,Birmingham,USA,1978-12-15,1978,AL,"['promised land', 'shakedown street', 'new minglewood blues', 'friend of the devil', 'el paso', '>from the heart of me', 'brown eyed women', 'cassidy', 'deal', 'i need a miracle', 'bertha', ""good lovin'"", 'it must have been the roses', 'terrapin station', ""playin' in the band"", 'drums', 'stella blue', ""truckin'"", ""playin' in the band"", 'u.s. blues']",promised land,33.5206824,-86.8024326
377,Nashville Municipal Auditorium,Nashville,USA,1978-12-16,1978,TN,"['sugaree', 'beat it on down the line', 'candyman', 'me and my uncle', 'big river', 'stagger lee', 'looks like rain', 'tennessee jed', ""lazy lightnin'"", 'supplication', 'scarlet begonias', 'fire on the mountain', 'samson and delilah', '>from the heart of me', ""he's gone"", 'drums', 'the other one', 'wharf rat', 'around and around', 'one more saturday night']",sugaree,36.1622767,-86.7742984
378,Fox Theater,Atlanta,USA,1978-12-17,1978,GA,"['jack straw', 'they love each other', 'mama tried', 'mexicali blues', 'peggy-o', 'passenger', 'stagger lee', 'new minglewood blues', 'brown eyed women', 'music never stopped', 'i need a miracle', 'bertha', ""good lovin'"", 'ramble on rose', '>from the heart of me', 'estimated prophet', 'eyes of the world', 'drums', 'shakedown street', 'sugar magnolia', 'johnny b. goode']",jack straw,33.7544657,-84.3898151
379,Memorial Coliseum (State Fairgrounds),Jackson,USA,1978-12-19,1978,MS,"['mississippi half-step', ""franklin's tower"", 'new minglewood blues', 'they love each other', 'me and my uncle', 'big river', 'loser', 'el paso', 'row jimmy', ""lazy lightnin'"", 'supplication', 'scarlet begonias', 'fire on the mountain', 'promised land', 'stagger lee', ""truckin'"", 'drums', 'the other one', 'stella blue', 'not fade away', 'around and around', 'casey jones']",mississippi half-step,32.2998686,-90.1830408
380,The Summit,Houston,USA,1978-12-21,1978,TX,"['jack straw', 'dire wolf', 'cassidy', 'stagger lee', 'mama tried', 'mexicali blues', 'friend of the devil', ""it's all over now"", 'brown eyed women', 'passenger', 'peggy-o', 'music never stopped', 'i need a miracle', 'bertha', ""good lovin'"", '>from the heart of me', 'terrapin station', ""playin' in the band"", 'drums', 'black peter', ""playin' in the band"", 'sugar magnolia']",jack straw,29.7589382,-95.3676974
381,Dallas Convention Center,Dallas,USA,1978-12-22,1978,TX,"['shakedown street', 'me and my uncle', 'big river', 'tennessee jed', 'looks like rain', 'stagger lee', 'beat it on down the line', 'candyman', 'new minglewood blues', 'deal', 'scarlet begonias', 'fire on the mountain', '>from the heart of me', 'estimated prophet', 'eyes of the world', 'drums', 'not fade away', 'wharf rat']",shakedown street,32.7762719,-96.7968559
382,Golden Hall,San Diego,USA,1978-12-27,1978,CA,"['promised land', 'friend of the devil', 'cassidy', 'peggy-o', 'mama tried', 'mexicali blues', 'mississippi half-step', ""franklin's tower"", 'music never stopped', 'bertha', ""good lovin'"", 'ship of fools', 'samson and delilah', 'terrapin station', ""playin' in the band"", 'drums', 'not fade away', 'black peter', 'around and around', 'u.s. blues']",promised land,32.7174202,-117.162772
383,Golden Hall,San Diego,USA,1978-12-28,1978,CA,"['sugaree', 'funiculi funicula', 'beat it on down the line', 'dire wolf', 'looks like rain', 'stagger lee', 'me and my uncle', 'big river', 'candyman', 'new minglewood blues', 'tennessee jed', ""lazy lightnin'"", 'supplication', 'shakedown street', '>from the heart of me', 'estimated prophet', 'eyes of the world', 'drums', ""truckin'"", 'wharf rat', 'sugar magnolia', 'johnny b. goode']",sugaree,32.7174202,-117.162772
384,Pauley Pavilion (UCLA),Los Angeles,USA,1978-12-30,1978,CA,"['jack straw', 'they love each other', 'mama tried', 'mexicali blues', 'loser', 'looks like rain', 'stagger lee', 'passenger', 'tennessee jed', 'new minglewood blues', 'sugaree', 'promised land', 'i need a miracle', 'bertha', ""good lovin'"", 'scarlet begonias', 'fire on the mountain', ""playin' in the band"", 'shakedown street', 'drums', 'ollin arrageed', 'st. stephen', 'not fade away', ""goin' down the road feelin' bad"", 'around and around', 'one more saturday night']",jack straw,34.0536909,-118.242766
385,Winterland Arena,San Francisco,USA,1978-12-31,1978,CA,"['sugar magnolia', 'scarlet begonias', 'fire on the mountain', 'me and my uncle', 'big river', 'friend of the devil', ""it's all over now"", 'stagger lee', '>from the heart of me', 'sunshine daydream', 'samson and delilah', 'ramble on rose', 'i need a miracle', 'terrapin station', ""playin' in the band"", 'drums', 'not fade away', 'around and around', 'dark star', 'the other one', 'dark star', 'wharf rat', 'st. stephen', ""good lovin'"", 'casey jones', 'johnny b. goode', 'we bid you goodnight']",sugar magnolia,37.7879363,-122.4075201
386,The Spectrum,Philadelphia,USA,1979-01-05,1979,PA,"['sugaree', 'new minglewood blues', 'candyman', 'mama tried', 'mexicali blues', '>from the heart of me', 'brown eyed women', ""it's all over now"", 'stagger lee', 'music never stopped', 'bertha', ""good lovin'"", 'it must have been the roses', 'estimated prophet', 'eyes of the world', 'drums', ""truckin'"", ""nobody's fault but mine"", 'black peter', 'around and around', 'johnny b. goode']",sugaree,39.9527237,-75.1635262
387,Madison Square Garden,New York,USA,1979-01-07,1979,NY,"['jack straw', 'they love each other', 'cassidy', 'jack-a-roe', 'looks like rain', 'tennessee jed', 'el paso', 'stagger lee', 'passenger', 'i need a miracle', 'shakedown street', '>from the heart of me', 'estimated prophet', 'eyes of the world', 'drums', 'not fade away', 'black peter', 'around and around', ""good lovin'""]",jack straw,40.7127281,-74.0060152
388,Madison Square Garden,New York,USA,1979-01-08,1979,NY,"['mississippi half-step', ""franklin's tower"", 'new minglewood blues', 'candyman', 'me and my uncle', 'big river', 'friend of the devil', ""it's all over now"", 'brown eyed women', ""lazy lightnin'"", 'supplication', 'scarlet begonias', 'fire on the mountain', 'samson and delilah', 'terrapin station', ""playin' in the band"", 'drums', 'the other one', 'wharf rat', ""good lovin'"", 'u.s. blues']",mississippi half-step,40.7127281,-74.0060152
389,Nassau Coliseum,Uniondale,USA,1979-01-10,1979,NY,"['promised land', 'dire wolf', 'mama tried', 'mexicali blues', 'tennessee jed', 'looks like rain', 'stagger lee', 'el paso', 'row jimmy', 'passenger', 'loser', 'music never stopped', 'shakedown street', 'i need a miracle', 'bertha', ""good lovin'"", 'dark star', 'drums', 'wharf rat', 'st. stephen', 'around and around', 'johnny b. goode']",promised land,40.7157545,-73.5898872
390,Nassau Coliseum,Uniondale,USA,1979-01-11,1979,NY,"['sugaree', 'me and my uncle', 'big river', 'peggy-o', 'cassidy', 'friend of the devil', 'new minglewood blues', '>from the heart of me', 'ramble on rose', 'jack straw', 'deal', 'i need a miracle', 'ship of fools', 'estimated prophet', ""he's gone"", 'drums', ""truckin'"", 'the other one', 'stella blue', ""good lovin'"", 'casey jones']",sugaree,40.7157545,-73.5898872
391,The Spectrum,Philadelphia,USA,1979-01-12,1979,PA,"['jack straw', 'candyman', 'el paso', 'tennessee jed', 'beat it on down the line', 'peggy-o', 'passenger', 'deal', 'samson and delilah', 'it must have been the roses', ""dancin' in the streets"", 'drums', 'not fade away', ""goin' down the road feelin' bad"", 'sugar magnolia', 'u.s. blues']",jack straw,39.9527237,-75.1635262
392,Utica Memorial Coliseum,Utica,USA,1979-01-14,1979,NY,"['cold rain and snow', 'new minglewood blues', 'dire wolf', 'me and my uncle', 'big river', 'they love each other', 'looks like rain', 'brown eyed women', ""it's all over now"", 'jack-a-roe', ""lazy lightnin'"", 'supplication', 'i need a miracle', 'bertha', ""good lovin'"", 'stagger lee', 'estimated prophet', 'eyes of the world', 'drums', 'iko iko', 'the other one', 'black peter', 'around and around']",cold rain and snow,43.1009031,-75.2326641
393,Springfield Civic Center,Springfield,USA,1979-01-15,1979,MA,"['jack straw', 'jack-a-roe', 'cassidy', 'row jimmy', 'mama tried', 'mexicali blues', 'stagger lee', 'passenger', 'deal', 'i need a miracle', 'shakedown street', '>from the heart of me', 'terrapin station', ""playin' in the band"", 'drums', ""playin' in the band"", 'casey jones', 'johnny b. goode']",jack straw,42.1018764,-72.5886727
394,Veterans' Memorial Coliseum,New Haven,USA,1979-01-17,1979,CT,"['shakedown street', 'me and my uncle', 'big river', 'peggy-o', 'beat it on down the line', 'stagger lee', 'new minglewood blues', 'brown eyed women', '>from the heart of me', 'i need a miracle', 'scarlet begonias', 'fire on the mountain', 'estimated prophet', 'eyes of the world', 'drums', 'not fade away', 'black peter', 'around and around', 'casey jones']",shakedown street,41.3082138,-72.9250518
395,Providence Civic Center,Providence,USA,1979-01-18,1979,RI,"['promised land', 'they love each other', 'mama tried', 'mexicali blues', 'friend of the devil', 'cassidy', 'jack-a-roe', 'looks like rain', 'ramble on rose', 'new minglewood blues', 'deal', 'i need a miracle', 'bertha', ""good lovin'"", '>from the heart of me', 'ship of fools', ""he's gone"", ""truckin'"", 'the other one', 'wharf rat', 'around and around', 'u.s. blues']",promised land,41.8239891,-71.4128343
396,Shea's Theater,Buffalo,USA,1979-01-20,1979,NY,"['promised land', 'sugaree', 'el paso', 'peggy-o', ""it's all over now"", 'jack-a-roe', 'new minglewood blues', 'stagger lee', 'jack straw', 'i need a miracle', 'bertha', ""good lovin'"", 'loser', 'estimated prophet', 'the other one', 'drums', 'the other one', 'dark star', 'not fade away', 'sugar magnolia', 'one more saturday night']",promised land,42.8864163,-78.8781493
397,Masonic Temple,Detroit,USA,1979-01-21,1979,MI,"['sugaree', 'me and my uncle', 'big river', 'they love each other', 'beat it on down the line', 'dire wolf', 'looks like rain', 'brown eyed women', 'new minglewood blues', 'friend of the devil', 'jack straw', 'deal', 'samson and delilah', 'terrapin station', ""playin' in the band"", 'drums', ""truckin'"", 'stella blue', ""good lovin'"", 'u.s. blues']",sugaree,42.3315509,-83.0466403
398,Market Square Arena,Indianapolis,USA,1979-02-03,1979,IN,"['promised land', 'candyman', 'mama tried', 'mexicali blues', 'china cat sunflower', 'i know you rider', 'new minglewood blues', 'stagger lee', '>from the heart of me', 'music never stopped', 'scarlet begonias', 'fire on the mountain', 'estimated prophet', 'eyes of the world', 'drums', 'the other one', 'wharf rat', 'i need a miracle', 'casey jones', 'one more saturday night']",promised land,39.7683331,-86.1583502
399,Dane County Coliseum,Madison,USA,1979-02-04,1979,WI,"['mississippi half-step', ""franklin's tower"", 'me and my uncle', 'big river', 'peggy-o', 'cassidy', 'friend of the devil', 'el paso', 'tennessee jed', ""lazy lightnin'"", 'supplication', 'shakedown street', 'samson and delilah', '>from the heart of me', 'terrapin station', ""playin' in the band"", 'drums', 'iko iko', 'black peter', 'around and around', 'u.s. blues']",mississippi half-step,43.07469,-89.3841663
400,Tulsa Fairgrounds Pavilion,Tulsa,USA,1979-02-06,1979,OK,"['jack straw', 'loser', 'beat it on down the line', 'peggy-o', ""it's all over now"", 'china cat sunflower', 'i know you rider', '>from the heart of me', 'new minglewood blues', 'deal', 'i need a miracle', 'bertha', ""good lovin'"", 'ship of fools', 'estimated prophet', 'eyes of the world', 'drums', 'not fade away', 'black peter', 'around and around', 'johnny b. goode']",jack straw,36.1563122,-95.9927516
401,Arena (U of Southern Illinois),Carbondale,USA,1979-02-07,1979,IL,"[""don't ease me in"", 'mama tried', 'mexicali blues', 'jack-a-roe', 'looks like rain', 'they love each other', 'new minglewood blues', 'stagger lee', 'cassidy', 'peggy-o', 'music never stopped', 'scarlet begonias', 'fire on the mountain', ""dancin' in the streets"", 'drums', 'black peter', 'i need a miracle', 'bertha', ""good lovin'"", 'u.s. blues']",dont ease me in,37.7274692,-89.216655
402,Soldiers' and Sailors' Memorial Hall,Kansas City,USA,1979-02-09,1979,KS,"['promised land', 'candyman', 'cassidy', 'tennessee jed', 'el paso', 'jack-a-roe', 'looks like rain', 'stagger lee', 'passenger', 'china cat sunflower', 'i know you rider', 'not fade away', 'i need a miracle', 'bertha', ""good lovin'"", '>from the heart of me', ""he's gone"", 'drums', ""truckin'"", 'comes a time', 'around and around', 'shakedown street']",promised land,39.1134562,-94.626497
403,Soldiers' and Sailors' Memorial Hall,Kansas City,USA,1979-02-10,1979,KS,"[""don't ease me in"", 'me and my uncle', 'big river', 'they love each other', 'new minglewood blues', 'brown eyed women', ""it's all over now"", 'deal', 'jack straw', 'scarlet begonias', 'fire on the mountain', '>from the heart of me', 'estimated prophet', 'eyes of the world', 'drums', 'the other one', 'wharf rat', 'sugar magnolia', 'one more saturday night']",dont ease me in,39.1134562,-94.626497
404,Kiel Auditorium,St. Louis,USA,1979-02-11,1979,MO,"['promised land', 'sugaree', 'mama tried', 'mexicali blues', 'friend of the devil', ""lazy lightnin'"", 'supplication', 'might as well', 'music never stopped', 'samson and delilah', 'china cat sunflower', 'i know you rider', '>from the heart of me', 'terrapin station', ""playin' in the band"", 'drums', 'not fade away', 'stella blue', 'i need a miracle', ""good lovin'"", 'u.s. blues']",promised land,38.6254063,-90.190009
405,Oakland Coliseum,Oakland,USA,1979-02-17,1979,CA,"['greatest story ever told', ""don't ease me in"", 'mama tried', 'mexicali blues', 'friend of the devil', 'passenger', 'high time', 'looks like rain', 'jack-a-roe', ""lazy lightnin'"", 'supplication', 'might as well', 'i need a miracle', 'bertha', ""good lovin'"", '>from the heart of me', 'big railroad blues', 'terrapin station', ""playin' in the band"", 'drums', 'the wheel', 'shakedown street', ""playin' in the band"", 'sugar magnolia', 'one more saturday night']",greatest story ever told,37.8044557,-122.271356
407,Spartan Stadium,San Jose,USA,1979-04-22,1979,CA,"[""comments: brent mydland's first show"", 'jack straw', 'tennessee jed', 'mama tried', 'mexicali blues', 'sugaree', 'looks like rain', 'brown eyed women', 'new minglewood blues', 'stagger lee', 'passenger', 'deal', 'i need a miracle', 'bertha', ""good lovin'"", 'scarlet begonias', 'fire on the mountain', 'estimated prophet', ""he's gone"", 'drums', 'the other one', 'wharf rat', 'around and around', 'u.s. blues', 'shakedown street']",comments: brent mydlands first show,37.3361663,-121.890591
408,Charlotte Coliseum,Charlotte,USA,1979-05-03,1979,NC,"['promised land', 'brown eyed women', 'me and my uncle', 'big river', 'stagger lee', 'looks like rain', 'row jimmy', ""it's all over now"", 'deal', 'samson and delilah', 'tennessee jed', 'terrapin station', ""playin' in the band"", 'drums', 'black peter', 'not fade away', ""playin' in the band"", 'u.s. blues']",promised land,35.2272086,-80.8430827
409,Hampton Roads Coliseum,Hampton,USA,1979-05-04,1979,VA,"['mississippi half-step', ""franklin's tower"", 'mama tried', 'mexicali blues', 'candyman', ""lazy lightnin'"", 'supplication', 'loser', 'new minglewood blues', ""don't ease me in"", 'passenger', 'i need a miracle', 'bertha', ""good lovin'"", 'ship of fools', 'estimated prophet', 'eyes of the world', 'drums', ""truckin'"", 'stella blue', 'around and around']",mississippi half-step,37.0264414,-76.3442846
410,Baltimore Civic Center,Baltimore,USA,1979-05-05,1979,MD,"['jack straw', 'sugaree', 'el paso', 'friend of the devil', ""it's all over now"", 'tennessee jed', ""dancin' in the streets"", 'scarlet begonias', 'fire on the mountain', 'samson and delilah', ""he's gone"", 'drums', 'the other one', 'wharf rat', 'sugar magnolia', 'one more saturday night']",jack straw,39.2908816,-76.610759
411,Allan Kirby Field House (Lafayette College),Easton,USA,1979-05-07,1979,PA,"[""don't ease me in"", 'me and my uncle', 'big river', 'candyman', 'looks like rain', 'tennessee jed', 'new minglewood blues', 'peggy-o', 'passenger', 'shakedown street', 'jack straw', 'stagger lee', 'estimated prophet', 'eyes of the world', 'drums', 'not fade away', 'black peter', 'around and around', 'u.s. blues']",dont ease me in,40.6916081,-75.2099866
412,Rec Hall (Penn State U),State College,USA,1979-05-08,1979,PA,"['promised land', 'they love each other', 'mama tried', 'mexicali blues', 'brown eyed women', ""it's all over now"", 'row jimmy', 'el paso', 'stagger lee', ""lazy lightnin'"", 'supplication', 'deal', 'scarlet begonias', 'fire on the mountain', 'samson and delilah', 'terrapin station', ""playin' in the band"", 'drums', 'the other one', 'china doll', ""playin' in the band"", ""good lovin'"", 'shakedown street']",promised land,40.7944504,-77.8616386
413,Broome County Arena,Binghamton,USA,1979-05-09,1979,NY,"['sugaree', 'me and my uncle', 'loser', 'new minglewood blues', 'friend of the devil', 'looks like rain', 'stagger lee', 'jack straw', 'china cat sunflower', 'i know you rider', ""he's gone"", ""truckin'"", 'drums', 'wharf rat', 'sugar magnolia', 'johnny b. goode']",sugaree,42.098698,-75.9125187
414,Billerica Forum,Billerica,USA,1979-05-11,1979,MA,"['mississippi half-step', ""franklin's tower"", 'mama tried', 'mexicali blues', 'peggy-o', ""it's all over now"", 'brown eyed women', ""lazy lightnin'"", 'supplication', 'shakedown street', 'passenger', 'ship of fools', 'estimated prophet', 'eyes of the world', 'drums', 'black peter', 'i need a miracle', 'bertha', ""good lovin'""]",mississippi half-step,42.5584264,-71.268947
415,Alumni Stadium (U of Mass),Amherst,USA,1979-05-12,1979,MA,"['jack straw', 'they love each other', 'me and my uncle', 'big river', 'tennessee jed', 'new minglewood blues', 'stagger lee', 'looks like rain', 'deal', ""don't ease me in"", 'samson and delilah', 'friend of the devil', 'terrapin station', ""playin' in the band"", 'drums', 'not fade away', 'stella blue', ""good lovin'"", 'shakedown street', 'one more saturday night']",jack straw,42.3731948,-72.5198761
416,Cumberland County Civic Center,Portland,USA,1979-05-13,1979,ME,"['sugaree', 'mama tried', 'mexicali blues', 'jack-a-roe', ""it's all over now"", 'candyman', 'el paso', 'row jimmy', 'jack straw', 'scarlet begonias', 'fire on the mountain', 'estimated prophet', ""he's gone"", ""truckin'"", 'drums', 'wharf rat', 'around and around', 'u.s. blues']",sugaree,43.6573605,-70.2586618
417,Sacramento Memorial Auditorium,Sacramento,USA,1979-06-28,1979,CA,"[""don't ease me in"", 'new minglewood blues', 'they love each other', 'mama tried', 'mexicali blues', 'peggy-o', ""it's all over now"", 'stagger lee', 'passenger', 'loser', 'music never stopped', 'scarlet begonias', 'fire on the mountain', 'samson and delilah', 'ship of fools', ""playin' in the band"", 'eyes of the world', 'drums', 'not fade away', 'black peter', 'around and around', 'u.s. blues']",dont ease me in,38.5810606,-121.493895
418,Portland International Speedway,Portland,USA,1979-06-30,1979,OR,"['jack straw', 'candyman', 'me and my uncle', 'big river', 'tennessee jed', 'looks like rain', 'deal', 'i need a miracle', 'bertha', ""good lovin'"", 'friend of the devil', 'estimated prophet', ""he's gone"", 'drums', 'the other one', 'wharf rat', 'sugar magnolia', 'one more saturday night']",jack straw,45.5202471,-122.674194
419,Seattle Center Coliseum,Seattle,USA,1979-07-01,1979,WA,"['mississippi half-step', ""franklin's tower"", 'mama tried', 'mexicali blues', 'peggy-o', 'new minglewood blues', 'stagger lee', 'el paso', 'brown eyed women', 'passenger', ""don't ease me in"", 'samson and delilah', 'sugaree', 'terrapin station', ""playin' in the band"", 'drums', 'stella blue', ""truckin'"", 'around and around', 'shakedown street']",mississippi half-step,47.6038321,-122.330062
420,Oakland Auditorium Arena,Oakland,USA,1979-08-04,1979,CA,"['jack straw', 'they love each other', 'mama tried', 'mexicali blues', 'peggy-o', 'new minglewood blues', 'tennessee jed', 'el paso', 'althea', 'lost sailor', 'deal', 'passenger', 'friend of the devil', 'samson and delilah', 'shakedown street', ""playin' in the band"", 'drums', 'stella blue', 'sugar magnolia', 'u.s. blues']",jack straw,37.8044557,-122.271356
421,Oakland Auditorium Arena,Oakland,USA,1979-08-05,1979,CA,"['mississippi half-step', ""franklin's tower"", 'me and my uncle', 'big river', 'candyman', ""it's all over now"", 'brown eyed women', 'lost sailor', 'althea', 'promised land', 'scarlet begonias', 'fire on the mountain', 'estimated prophet', 'eyes of the world', 'drums', 'ollin arrageed', 'not fade away', 'wharf rat', 'around and around', 'bertha', ""good lovin'"", 'johnny b. goode']",mississippi half-step,37.8044557,-122.271356
422,Red Rocks Amphitheater,Morrison,USA,1979-08-12,1979,CO,"['promised land', 'they love each other', 'mama tried', 'mexicali blues', 'peggy-o', ""lazy lightnin'"", 'supplication', 'brown eyed women', 'looks like rain', 'althea', 'passenger', 'china cat sunflower', 'i know you rider', 'lost sailor', ""don't ease me in"", 'estimated prophet', 'eyes of the world', 'drums', 'not fade away', 'black peter', 'around and around', 'u.s. blues']",promised land,39.6535988,-105.191099
423,McNichols Sports Arena,Denver,USA,1979-08-13,1979,CO,"['shakedown street', 'me and my uncle', 'big river', 'candyman', 'el paso', 'friend of the devil', 'new minglewood blues', 'althea', 'lost sailor', 'deal', 'i need a miracle', 'bertha', ""good lovin'"", ""he's gone"", 'the other one', 'drums', 'wharf rat', ""truckin'"", 'sugar magnolia']",shakedown street,39.7392364,-104.984862
424,McNichols Sports Arena,Denver,USA,1979-08-14,1979,CO,"['jack straw', 'jack-a-roe', 'mama tried', 'mexicali blues', 'tennessee jed', 'easy to love you', 'passenger', 'stagger lee', 'music never stopped', 'promised land', 'ship of fools', 'samson and delilah', 'terrapin station', ""playin' in the band"", 'drums', 'not fade away', 'stella blue', ""good lovin'"", 'u.s. blues', 'johnny b. goode']",jack straw,39.7392364,-104.984862
425,Glenns Falls Civic Center,Glenns Falls,USA,1979-08-31,1979,NY,"['promised land', 'dire wolf', 'cassidy', 'loser', 'el paso', 'peggy-o', 'new minglewood blues', 'easy to love you', 'althea', 'lost sailor', 'saint of circumstance', 'deal', 'shakedown street', 'greatest story ever told', 'ship of fools', 'estimated prophet', 'eyes of the world', 'drums', 'not fade away', 'black peter', 'around and around']",promised land,42.635822,-114.9796436
426,Holleder Stadium,Rochester,USA,1979-09-01,1979,NY,"['mississippi half-step', ""franklin's tower"", 'me and my uncle', 'big river', 'friend of the devil', 'looks like rain', ""don't ease me in"", 'lost sailor', 'saint of circumstance', 'scarlet begonias', 'fire on the mountain', 'drums', 'wharf rat', 'i need a miracle', 'bertha', ""good lovin'"", 'one more saturday night']",mississippi half-step,43.157285,-77.615214
427,Augusta Civic Center,Augusta,USA,1979-09-02,1979,ME,"['jack straw', 'they love each other', 'mama tried', 'mexicali blues', 'stagger lee', 'cassidy', 'row jimmy', 'new minglewood blues', 'jack-a-roe', 'music never stopped', 'samson and delilah', 'ramble on rose', 'terrapin station', 'let it grow', 'drums', 'stella blue', ""truckin'"", 'around and around', 'u.s. blues']",jack straw,44.3148027,-69.7743945
428,Madison Square Garden,New York,USA,1979-09-04,1979,NY,"['jack straw', 'sugaree', 'me and my uncle', 'big river', 'candyman', 'new minglewood blues', 'tennessee jed', 'lost sailor', 'saint of circumstance', 'deal', 'china cat sunflower', 'i know you rider', 'looks like rain', ""he's gone"", 'drums', 'wharf rat', 'around and around', 'shakedown street']",jack straw,40.7127281,-74.0060152
429,Madison Square Garden,New York,USA,1979-09-05,1979,NY,"['mississippi half-step', ""franklin's tower"", 'mama tried', 'mexicali blues', 'peggy-o', 'cassidy', 'loser', 'promised land', 'scarlet begonias', 'fire on the mountain', 'estimated prophet', 'eyes of the world', 'drums', 'black peter', 'i need a miracle', 'bertha', ""good lovin'"", 'u.s. blues']",mississippi half-step,40.7127281,-74.0060152
430,Madison Square Garden,New York,USA,1979-09-06,1979,NY,"['new minglewood blues', 'dire wolf', 'el paso', 'brown eyed women', ""it's all over now"", ""don't ease me in"", 'looks like rain', 'althea', 'lost sailor', 'saint of circumstance', 'china cat sunflower', 'i know you rider', 'easy to love you', 'ramble on rose', 'terrapin station', ""playin' in the band"", 'drums', 'not fade away', 'stella blue', 'sugar magnolia', 'johnny b. goode']",new minglewood blues,40.7127281,-74.0060152
431,Springfield Civic Center,Springfield,USA,1979-10-24,1979,MA,"['promised land', 'loser', 'mama tried', 'mexicali blues', 'they love each other', 'new minglewood blues', 'dire wolf', 'easy to love you', 'lost sailor', 'saint of circumstance', 'scarlet begonias', 'fire on the mountain', 'samson and delilah', 'terrapin station', ""playin' in the band"", 'drums', 'wharf rat', ""playin' in the band"", 'johnny b. goode']",promised land,42.1018764,-72.5886727
432,Veterans' Memorial Coliseum,New Haven,USA,1979-10-25,1979,CT,"[""don't ease me in"", 'cassidy', 'peggy-o', 'el paso', 'brown eyed women', ""it's all over now"", 'tennessee jed', 'looks like rain', 'deal', 'shakedown street', 'passenger', 'friend of the devil', 'estimated prophet', 'eyes of the world', 'drums', 'stella blue', ""good lovin'"", 'u.s. blues']",dont ease me in,41.3082138,-72.9250518
433,Cape Cod Coliseum,South Yarmouth,USA,1979-10-27,1979,MA,"['jack straw', 'candyman', 'me and my uncle', 'big river', 'brown eyed women', 'easy to love you', 'new minglewood blues', 'stagger lee', 'lost sailor', 'saint of circumstance', 'deal', ""dancin' in the streets"", ""franklin's tower"", ""he's gone"", 'caution jam', 'the other one', 'drums', 'not fade away', 'black peter', 'around and around', 'one more saturday night']",jack straw,41.6669123,-70.1852228
434,Cape Cod Coliseum,South Yarmouth,USA,1979-10-28,1979,MA,"['mississippi half-step', ""franklin's tower"", 'mama tried', 'mexicali blues', 'althea', 'passenger', 'ramble on rose', 'music never stopped', 'china cat sunflower', 'i know you rider', 'samson and delilah', 'ship of fools', ""playin' in the band"", 'drums', 'stella blue', 'sugar magnolia', 'u.s. blues']",mississippi half-step,41.6669123,-70.1852228
435,Nassau Coliseum,Uniondale,USA,1979-10-31,1979,NY,"['china cat sunflower', 'i know you rider', 'cassidy', 'loser', 'me and my uncle', 'big river', 'althea', 'lost sailor', 'saint of circumstance', 'shakedown street', 'passenger', 'ramble on rose', 'estimated prophet', 'eyes of the world', 'drums', 'wharf rat', ""truckin'"", 'johnny b. goode']",china cat sunflower,40.7157545,-73.5898872
436,Nassau Coliseum,Uniondale,USA,1979-11-01,1979,NY,"['jack straw', 'they love each other', 'mama tried', 'mexicali blues', 'peggy-o', 'new minglewood blues', 'candyman', 'looks like rain', ""don't ease me in"", 'easy to love you', 'promised land', 'scarlet begonias', 'fire on the mountain', 'samson and delilah', 'terrapin station', ""playin' in the band"", 'drums', 'black peter', ""good lovin'"", 'u.s. blues']",jack straw,40.7157545,-73.5898872
437,Nassau Coliseum,Uniondale,USA,1979-11-02,1979,NY,"['mississippi half-step', ""franklin's tower"", 'el paso', 'mexicali blues', 'tennessee jed', ""lazy lightnin'"", 'supplication', 'deal', 'i need a miracle', 'bertha', 'lost sailor', 'saint of circumstance', 'drums', 'not fade away', 'stella blue', 'sugar magnolia', 'casey jones']",mississippi half-step,40.7157545,-73.5898872
438,Providence Civic Center,Providence,USA,1979-11-04,1979,RI,"['new minglewood blues', 'they love each other', 'me and my uncle', 'big river', 'althea', 'easy to love you', 'brown eyed women', 'lost sailor', 'saint of circumstance', 'deal', 'alabama getaway', 'greatest story ever told', 'ship of fools', 'estimated prophet', ""he's gone"", 'drums', 'the other one', 'wharf rat', 'around and around', 'u.s. blues']",new minglewood blues,41.8239891,-71.4128343
439,The Spectrum,Philadelphia,USA,1979-11-05,1979,PA,"['china cat sunflower', 'i know you rider', 'cassidy', 'friend of the devil', 'el paso', 'stagger lee', 'passenger', 'peggy-o', 'music never stopped', 'althea', 'easy to love you', 'eyes of the world', 'estimated prophet', ""franklin's tower"", 'drums', 'lost sailor', 'saint of circumstance', 'sugar magnolia', 'casey jones']",china cat sunflower,39.9527237,-75.1635262
440,The Spectrum,Philadelphia,USA,1979-11-06,1979,PA,"['alabama getaway', 'promised land', 'tennessee jed', 'me and my uncle', 'mexicali blues', 'candyman', 'easy to love you', 'looks like rain', 'jack-a-roe', 'jack straw', 'deal', 'terrapin station', ""playin' in the band"", 'drums', 'black peter', ""good lovin'"", 'u.s. blues']",alabama getaway,39.9527237,-75.1635262
441,Capital Centre,Landover,USA,1979-11-08,1979,MD,"['new minglewood blues', 'stagger lee', 'mama tried', 'mexicali blues', 'china cat sunflower', 'i know you rider', ""it's all over now"", ""don't ease me in"", 'looks like rain', 'deal', 'scarlet begonias', 'fire on the mountain', 'lost sailor', 'saint of circumstance', 'drums', 'not fade away', 'morning dew', 'johnny b. goode']",new minglewood blues,38.925313,-76.8815433
442,War Memorial Auditorium,Buffalo,USA,1979-11-09,1979,NY,"['alabama getaway', 'promised land', 'they love each other', 'cassidy', 'loser', ""lazy lightnin'"", 'supplication', 'althea', 'easy to love you', 'jack straw', ""dancin' in the streets"", ""franklin's tower"", 'estimated prophet', ""he's gone"", 'drums', 'wharf rat', 'i need a miracle', 'bertha', ""good lovin'"", 'u.s. blues']",alabama getaway,42.8864163,-78.8781493
443,Chrysler Arena (U of Michigan),Ann Arbor,USA,1979-11-10,1979,MI,"['cold rain and snow', 'new minglewood blues', 'peggy-o', 'el paso', 'high time', 'me and my uncle', 'big river', 'ramble on rose', 'looks like rain', 'dire wolf', 'passenger', 'deal', 'alabama getaway', 'promised land', 'ship of fools', 'samson and delilah', 'terrapin station', ""playin' in the band"", 'drums', 'not fade away', 'black peter', 'sugar magnolia', 'one more saturday night']",cold rain and snow,42.2813722,-83.7484616
444,Golden Hall,San Diego,USA,1979-11-23,1979,CA,"['alabama getaway', 'promised land', 'they love each other', 'me and my uncle', 'big river', 'high time', 'new minglewood blues', 'stagger lee', 'easy to love you', 'looks like rain', 'deal', 'music never stopped', 'sugaree', 'estimated prophet', 'eyes of the world', 'drums', 'not fade away', 'black peter', ""good lovin'"", 'u.s. blues']",alabama getaway,32.7174202,-117.162772
445,Golden Hall,San Diego,USA,1979-11-24,1979,CA,"['china cat sunflower', 'i know you rider', 'mama tried', 'mexicali blues', 'peggy-o', 'cassidy', 'easy to love you', 'althea', 'passenger', 'alabama getaway', 'greatest story ever told', 'ship of fools', 'terrapin station', ""playin' in the band"", 'drums', 'lost sailor', 'saint of circumstance', 'wharf rat', 'sugar magnolia', 'one more saturday night']",china cat sunflower,32.7174202,-117.162772
446,Pauley Pavilion (UCLA),Los Angeles,USA,1979-11-25,1979,CA,"['jack straw', 'tennessee jed', 'me and my uncle', 'big river', 'loser', 'new minglewood blues', 'easy to love you', 'althea', 'lost sailor', 'saint of circumstance', 'deal', 'shakedown street', 'bertha', 'looks like rain', ""he's gone"", 'the other one', 'drums', ""truckin'"", 'stella blue', ""good lovin'"", 'johnny b. goode']",jack straw,34.0536909,-118.242766
447,Cleveland Public Hall,Cleveland,USA,1979-11-29,1979,OH,"['alabama getaway', 'promised land', 'they love each other', 'mama tried', 'mexicali blues', 'althea', 'easy to love you', 'new minglewood blues', 'brown eyed women', 'looks like rain', ""don't ease me in"", 'shakedown street', 'samson and delilah', 'high time', 'estimated prophet', 'eyes of the world', 'drums', 'not fade away', 'black peter', 'around and around', 'johnny b. goode', 'u.s. blues']",alabama getaway,41.4996574,-81.6936772
448,Stanley Theater,Pittsburgh,USA,1979-11-30,1979,PA,"['alabama getaway', 'greatest story ever told', 'peggy-o', 'cassidy', 'friend of the devil', 'easy to love you', 'el paso', 'tennessee jed', ""dancin' in the streets"", 'deal', 'scarlet begonias', 'fire on the mountain', 'passenger', 'terrapin station', ""playin' in the band"", 'drums', 'lost sailor', 'saint of circumstance', 'wharf rat', ""good lovin'"", ""don't ease me in""]",alabama getaway,40.4406968,-80.0025666
449,Stanley Theater,Pittsburgh,USA,1979-12-01,1979,PA,"['jack straw', 'sugaree', 'me and my uncle', 'big river', 'loser', 'easy to love you', 'new minglewood blues', 'althea', 'music never stopped', 'china cat sunflower', 'i know you rider', 'looks like rain', ""he's gone"", 'gloria jam', 'c.c. rider', 'drums', 'not fade away', 'black peter', 'sugar magnolia', 'one more saturday night']",jack straw,40.4406968,-80.0025666
450,Uptown Theater,Chicago,USA,1979-12-03,1979,IL,"['alabama getaway', 'promised land', 'brown eyed women', 'el paso', 'ramble on rose', ""it's all over now"", 'jack-a-roe', ""lazy lightnin'"", 'supplication', 'althea', 'music never stopped', 'scarlet begonias', 'fire on the mountain', 'samson and delilah', 'terrapin station', ""playin' in the band"", 'drums', 'lost sailor', 'saint of circumstance', 'wharf rat', ""truckin'"", 'johnny b. goode']",alabama getaway,41.8755616,-87.6244212
451,Uptown Theater,Chicago,USA,1979-12-04,1979,IL,"['jack straw', 'peggy-o', 'mama tried', 'mexicali blues', 'they love each other', 'new minglewood blues', 'stagger lee', 'passenger', 'deal', 'china cat sunflower', 'i know you rider', 'looks like rain', 'estimated prophet', ""franklin's tower"", 'drums', 'not fade away', 'stella blue', 'sugar magnolia', 'u.s. blues']",jack straw,41.8755616,-87.6244212
452,Uptown Theater,Chicago,USA,1979-12-05,1979,IL,"['alabama getaway', 'greatest story ever told', 'dire wolf', 'me and my uncle', 'big river', 'cold rain and snow', 'easy to love you', 'althea', 'lost sailor', 'saint of circumstance', 'shakedown street', 'samson and delilah', 'ship of fools', ""he's gone"", 'the other one', 'drums', 'black peter', 'i need a miracle', 'bertha', ""good lovin'"", 'johnny b. goode', ""don't ease me in""]",alabama getaway,41.8755616,-87.6244212
453,Indianapolis Convention Center,Indianapolis,USA,1979-12-07,1979,IN,"['new minglewood blues', 'tennessee jed', 'me and my uncle', 'big river', ""don't ease me in"", 'el paso', 'big railroad blues', 'easy to love you', ""it's all over now"", 'althea', 'music never stopped', 'china cat sunflower', 'i know you rider', 'eyes of the world', 'lost sailor', 'saint of circumstance', 'drums', 'wharf rat', 'around and around', 'johnny b. goode', 'u.s. blues']",new minglewood blues,39.7683331,-86.1583502
454,Kiel Auditorium,St. Louis,USA,1979-12-09,1979,MO,"['alabama getaway', 'promised land', 'brown eyed women', 'cassidy', 'row jimmy', 'new minglewood blues', 'candyman', ""lazy lightnin'"", 'supplication', 'deal', 'shakedown street', 'samson and delilah', 'high time', 'easy to love you', 'terrapin station', 'lost sailor', 'saint of circumstance', 'drums', 'black peter', 'i need a miracle', 'bertha', ""good lovin'"", ""don't ease me in""]",alabama getaway,38.6254063,-90.190009
455,Soldiers' and Sailors' Memorial Hall,Kansas City,USA,1979-12-10,1979,KS,"['cold rain and snow', 'greatest story ever told', 'peggy-o', 'mama tried', 'mexicali blues', 'tennessee jed', ""dancin' in the streets"", ""franklin's tower"", 'looks like rain', 'deal', 'scarlet begonias', 'fire on the mountain', 'easy to love you', 'let it grow', ""he's gone"", ""truckin'"", 'drums', 'wharf rat', 'johnny b. goode', 'u.s. blues']",cold rain and snow,39.1134562,-94.626497
456,Soldiers' and Sailors' Memorial Hall,Kansas City,USA,1979-12-11,1979,KS,"['jack straw', 'loser', 'me and my uncle', 'big river', 'althea', 'easy to love you', 'new minglewood blues', 'china cat sunflower', 'i know you rider', 'shakedown street', 'samson and delilah', 'ship of fools', 'terrapin station', 'lost sailor', 'saint of circumstance', 'drums', 'not fade away', 'black peter', 'sugar magnolia', 'alabama getaway', 'promised land']",jack straw,39.1134562,-94.626497
457,Oakland Auditorium Arena,Oakland,USA,1979-12-26,1979,CA,"['cold rain and snow', 'c.c. rider', 'dire wolf', 'me and my uncle', 'big river', 'brown eyed women', 'new minglewood blues', 'friend of the devil', 'looks like rain', 'alabama getaway', 'promised land', ""uncle john's band"", 'estimated prophet', ""he's gone"", 'the other one', 'drums', 'not fade away', 'brokedown palace', 'around and around', 'johnny b. goode', 'shakedown street', ""uncle john's band""]",cold rain and snow,37.8044557,-122.271356
458,Oakland Auditorium Arena,Oakland,USA,1979-12-27,1979,CA,"['jack straw', 'they love each other', 'cassidy', 'peggy-o', 'el paso', ""don't ease me in"", 'beat it on down the line', 'deal', 'china cat sunflower', 'i know you rider', 'samson and delilah', 'eyes of the world', 'lost sailor', 'saint of circumstance', 'drums', 'black peter', 'sugar magnolia', 'u.s. blues', 'brokedown palace']",jack straw,37.8044557,-122.271356
459,Oakland Auditorium Arena,Oakland,USA,1979-12-28,1979,CA,"['sugaree', 'mama tried', 'mexicali blues', 'row jimmy', ""it's all over now"", 'high time', 'music never stopped', 'alabama getaway', 'greatest story ever told', 'terrapin station', ""playin' in the band"", 'drums', ""uncle john's band"", 'i need a miracle', 'bertha', ""good lovin'"", 'casey jones', 'one more saturday night']",sugaree,37.8044557,-122.271356
460,Oakland Auditorium Arena,Oakland,USA,1979-12-30,1979,CA,"['new minglewood blues', 'candyman', 'me and my uncle', 'big river', 'ramble on rose', ""lazy lightnin'"", 'supplication', 'deal', 'scarlet begonias', 'fire on the mountain', 'let it grow', 'drums', ""truckin'"", 'wharf rat', 'around and around', 'johnny b. goode', ""don't ease me in"", 'brokedown palace']",new minglewood blues,37.8044557,-122.271356
461,Oakland Auditorium Arena,Oakland,USA,1979-12-31,1979,CA,"['jack straw', ""franklin's tower"", 'mama tried', 'mexicali blues', 'tennessee jed', 'looks like rain', 'alabama getaway', 'promised land', 'sugar magnolia', 'china cat sunflower', 'i know you rider', 'samson and delilah', 'ship of fools', 'lost sailor', 'saint of circumstance', 'deal', 'althea', 'new minglewood blues', ""uncle john's band"", 'drums', 'not fade away', 'stella blue', 'sunshine daydream', ""good lovin'""]",jack straw,37.8044557,-122.271356
462,Oakland Coliseum,Oakland,USA,1980-01-13,1980,CA,"['jack straw', ""franklin's tower"", 'new minglewood blues', 'tennessee jed', 'looks like rain', ""don't ease me in"", ""playin' in the band"", 'drums', 'not fade away', 'sugar magnolia', 'u.s. blues']",jack straw,37.8044557,-122.271356
463,Capitol Theater,Passaic,USA,1980-03-30,1980,NJ,"['alabama getaway', 'promised land', 'peggy-o', 'cassidy', 'loser', 'el paso', 'far from me', 'tennessee jed', 'new minglewood blues', 'althea', 'lost sailor', 'saint of circumstance', 'scarlet begonias', 'fire on the mountain', 'estimated prophet', 'eyes of the world', 'drums', 'black peter', 'sugar magnolia', 'u.s. blues']",alabama getaway,41.0461864,-74.3177933
464,Capitol Theater,Passaic,USA,1980-03-31,1980,NJ,"['jack straw', 'they love each other', 'mama tried', 'mexicali blues', 'althea', 'feel like a stranger', 'far from me', 'brown eyed women', 'lost sailor', 'saint of circumstance', ""don't ease me in"", 'samson and delilah', 'terrapin station', ""playin' in the band"", 'drums', 'wharf rat', ""good lovin'"", 'johnny b. goode']",jack straw,41.0461864,-74.3177933
465,Capitol Theater,Passaic,USA,1980-04-01,1980,NJ,"['promised land', 'candyman', 'me and my uncle', 'big river', 'friend of the devil', ""it's all over now"", ""don't ease me in"", 'looks like rain', 'deal', 'feel like a stranger', 'china cat sunflower', 'i know you rider', 'estimated prophet', ""he's gone"", 'the other one', 'drums', 'stella blue', 'around and around', 'shakedown street']",promised land,41.0461864,-74.3177933
466,NBC Studios,New York,USA,1980-04-05,1980,NY,"['alabama getaway', 'saint of circumstance']",alabama getaway,40.7127281,-74.0060152
467,Boutwell Auditorium,Birmingham,USA,1980-04-28,1980,AL,"['alabama getaway', 'promised land', 'they love each other', 'el paso', 'althea', 'looks like rain', 'tennessee jed', 'far from me', 'feel like a stranger', 'deal', 'china cat sunflower', 'i know you rider', 'samson and delilah', ""he's gone"", 'the other one', 'drums', 'black peter', 'sugar magnolia', ""goin' down the road feelin' bad""]",alabama getaway,33.5206824,-86.8024326
468,Fox Theater,Atlanta,USA,1980-04-29,1980,GA,"['jack straw', 'friend of the devil', 'mama tried', 'mexicali blues', 'peggy-o', 'passenger', 'brown eyed women', 'far from me', 'music never stopped', ""don't ease me in"", 'new minglewood blues', 'ramble on rose', 'lost sailor', 'saint of circumstance', 'terrapin station', 'drums', 'i need a miracle', 'bertha', ""good lovin'"", 'u.s. blues']",jack straw,33.7544657,-84.3898151
469,Greensboro Coliseum,Greensboro,USA,1980-05-01,1980,NC,"['alabama getaway', 'promised land', 'candyman', 'me and my uncle', 'big river', 'althea', 'easy to love you', 'new minglewood blues', 'sugaree', 'lost sailor', 'saint of circumstance', 'deal', 'feel like a stranger', ""don't ease me in"", 'estimated prophet', ""uncle john's band"", 'drums', 'wharf rat', 'around and around', 'johnny b. goode', 'brokedown palace']",alabama getaway,36.0726355,-79.7919754
470,Hampton Roads Coliseum,Hampton,USA,1980-05-02,1980,VA,"['new minglewood blues', 'loser', 'mama tried', 'mexicali blues', 'friend of the devil', 'far from me', 'looks like rain', 'althea', 'music never stopped', 'alabama getaway', 'feel like a stranger', 'eyes of the world', 'drums', 'not fade away', 'stella blue', 'i need a miracle', 'bertha', ""good lovin'"", 'johnny b. goode']",new minglewood blues,37.0264414,-76.3442846
471,Baltimore Civic Center,Baltimore,USA,1980-05-04,1980,MD,"['mississippi half-step', ""franklin's tower"", 'feel like a stranger', 'althea', 'el paso', 'easy to love you', 'brown eyed women', ""it's all over now"", ""don't ease me in"", 'promised land', 'scarlet begonias', 'fire on the mountain', 'samson and delilah', 'ship of fools', ""playin' in the band"", 'drums', 'black peter', 'sugar magnolia', 'u.s. blues']",mississippi half-step,39.2908816,-76.610759
472,Rec Hall (Penn State U),State College,USA,1980-05-06,1980,PA,"['alabama getaway', 'greatest story ever told', 'peggy-o', 'me and my uncle', 'big river', 'loser', 'far from me', ""lazy lightnin'"", 'supplication', 'althea', 'lost sailor', 'saint of circumstance', 'china cat sunflower', 'i know you rider', 'feel like a stranger', ""he's gone"", 'the other one', 'drums', 'wharf rat', 'around and around', 'johnny b. goode', 'brokedown palace']",alabama getaway,40.7944504,-77.8616386
473,Barton Hall (Cornell U),Ithica,USA,1980-05-07,1980,NY,"['jack straw', 'tennessee jed', 'cassidy', 'row jimmy', 'el paso', 'easy to love you', 'althea', 'feel like a stranger', ""don't ease me in"", 'shakedown street', 'bertha', ""playin' in the band"", 'terrapin station', 'drums', 'saint of circumstance', 'black peter', ""playin' in the band"", ""good lovin'"", 'alabama getaway']",jack straw,41.4779794,-73.5332652
474,Glenns Falls Civic Center,Glenns Falls,USA,1980-05-08,1980,NY,"['alabama getaway', 'promised land', 'friend of the devil', 'mama tried', 'mexicali blues', 'high time', ""lazy lightnin'"", 'supplication', 'ramble on rose', 'lost sailor', 'saint of circumstance', ""uncle john's band"", 'estimated prophet', 'eyes of the world', 'drums', ""truckin'"", 'stella blue', 'around and around', 'johnny b. goode', 'u.s. blues']",alabama getaway,42.635822,-114.9796436
475,Hartford Civic Center,Hartford,USA,1980-05-10,1980,CT,"['new minglewood blues', 'peggy-o', 'mexicali blues', 'el paso', 'althea', 'passenger', 'far from me', 'lost sailor', 'saint of circumstance', 'deal', 'china cat sunflower', 'i know you rider', 'feel like a stranger', 'comes a time', 'estimated prophet', ""he's gone"", ""uncle john's band"", 'drums', 'not fade away', 'sugar magnolia', 'alabama getaway', 'one more saturday night']",new minglewood blues,41.764582,-72.6908547
476,Cumberland County Civic Center,Portland,USA,1980-05-11,1980,ME,"['alabama getaway', 'promised land', 'they love each other', 'cassidy', 'loser', ""it's all over now"", 'easy to love you', 'big railroad blues', 'looks like rain', ""don't ease me in"", 'music never stopped', 'scarlet begonias', 'fire on the mountain', 'feel like a stranger', 'terrapin station', ""playin' in the band"", 'drums', 'black peter', ""goin' down the road feelin' bad"", 'around and around', 'johnny b. goode', 'brokedown palace']",alabama getaway,43.6573605,-70.2586618
477,Boston Garden,Boston,USA,1980-05-12,1980,MA,"['jack straw', 'alabama getaway', 'el paso', 'althea', ""lazy lightnin'"", 'supplication', 'far from me', 'new minglewood blues', 'china cat sunflower', 'i know you rider', 'feel like a stranger', 'ship of fools', 'estimated prophet', ""he's gone"", 'drums', 'saint of circumstance', 'wharf rat', 'sugar magnolia', 'u.s. blues']",jack straw,42.3588336,-71.0578303
478,Nassau Coliseum,Uniondale,USA,1980-05-14,1980,NY,"['alabama getaway', 'promised land', 'candyman', 'mexicali blues', 'el paso', 'tennessee jed', 'let it grow', 'althea', 'easy to love you', 'music never stopped', 'feel like a stranger', 'sugaree', 'lost sailor', 'saint of circumstance', 'comes a time', 'the other one', 'drums', 'black peter', 'around and around', 'johnny b. goode', ""don't ease me in""]",alabama getaway,40.7157545,-73.5898872
479,Nassau Coliseum,Uniondale,USA,1980-05-15,1980,NY,"['jack straw', ""franklin's tower"", 'cassidy', 'they love each other', ""lazy lightnin'"", 'supplication', 'peggy-o', 'far from me', 'feel like a stranger', 'deal', 'althea', 'lost sailor', 'saint of circumstance', 'terrapin station', ""playin' in the band"", ""uncle john's band"", 'drums', 'not fade away', ""goin' down the road feelin' bad"", ""good lovin'"", 'alabama getaway']",jack straw,40.7157545,-73.5898872
480,Nassau Coliseum,Uniondale,USA,1980-05-16,1980,NY,"['alabama getaway', 'promised land', 'high time', 'me and my uncle', 'big river', 'row jimmy', 'new minglewood blues', 'ramble on rose', 'looks like rain', 'china cat sunflower', 'i know you rider', 'feel like a stranger', 'althea', 'lost sailor', 'saint of circumstance', 'eyes of the world', 'drums', ""truckin'"", 'morning dew', 'around and around', 'johnny b. goode', 'brokedown palace']",alabama getaway,40.7157545,-73.5898872
481,Des Moines Civic Center,Des Moines,USA,1980-05-29,1980,IA,"['alabama getaway', 'promised land', 'they love each other', 'el paso', 'mexicali blues', 'candyman', 'new minglewood blues', 'althea', 'far from me', 'let it grow', 'deal', 'feel like a stranger', 'ship of fools', 'estimated prophet', 'eyes of the world', 'drums', 'lost sailor', 'saint of circumstance', 'comes a time', 'around and around', 'johnny b. goode', 'u.s. blues']",alabama getaway,41.5868654,-93.6249494
482,Milwaukee Auditorium,Milwaukee,USA,1980-05-30,1980,WI,"['jack straw', ""franklin's tower"", 'me and my uncle', 'big river', 'friend of the devil', 'passenger', 'easy to love you', 'althea', 'music never stopped', 'scarlet begonias', 'fire on the mountain', ""playin' in the band"", 'drums', 'not fade away', 'black peter', ""goin' down the road feelin' bad"", ""good lovin'"", 'alabama getaway']",jack straw,43.0386475,-87.9090751
483,Metropolitan Center,Minneapolis,USA,1980-05-31,1980,MN,"['alabama getaway', 'promised land', 'peggy-o', 'cassidy', 'loser', 'new minglewood blues', 'far from me', 'althea', 'looks like rain', 'deal', 'feel like a stranger', 'ship of fools', 'lost sailor', 'saint of circumstance', 'wharf rat', 'the other one', 'drums', 'i need a miracle', 'bertha', 'sugar magnolia', 'u.s. blues', 'brokedown palace']",alabama getaway,44.9772995,-93.2654692
484,Compton Terrace Amphitheater,Tempe,USA,1980-06-05,1980,AZ,"['alabama getaway', 'promised land', 'they love each other', 'mexicali blues', 'el paso', 'tennessee jed', 'new minglewood blues', ""don't ease me in"", 'looks like rain', 'easy to love you', 'althea', 'feel like a stranger', 'china cat sunflower', 'i know you rider', 'lost sailor', 'saint of circumstance', 'terrapin station', 'drums', ""truckin'"", 'black peter', 'around and around', 'johnny b. goode', 'u.s. blues']",alabama getaway,33.4255117,-111.940016
485,Folsom Field (U of Colorado),Boulder,USA,1980-06-07,1980,CO,"['jack straw', 'friend of the devil', 'el paso', 'mama tried', 'ramble on rose', 'passenger', 'far from me', 'new minglewood blues', 'loser', 'feel like a stranger', 'deal', 'bertha', 'greatest story ever told', 'althea', 'lost sailor', 'saint of circumstance', 'drums', 'not fade away', 'wharf rat', ""good lovin'"", 'alabama getaway', 'one more saturday night', 'u.s. blues']",jack straw,40.0149856,-105.270545
486,Folsom Field (U of Colorado),Boulder,USA,1980-06-08,1980,CO,"[""uncle john's band"", ""playin' in the band"", ""uncle john's band"", 'me and my uncle', 'mexicali blues', 'tennessee jed', 'samson and delilah', 'easy to love you', 'althea', 'looks like rain', 'deal', 'feel like a stranger', 'ship of fools', 'estimated prophet', 'eyes of the world', 'drums', 'saint of circumstance', 'black peter', 'sugar magnolia', 'alabama getaway', 'brokedown palace']",uncle johns band,40.0149856,-105.270545
487,Portland Memorial Coliseum,Portland,USA,1980-06-12,1980,OR,"['alabama getaway', 'promised land', 'peggy-o', 'el paso', 'brown eyed women', 'cassidy', 'far from me', 'althea', 'lost sailor', 'saint of circumstance', 'deal', 'drums', 'scarlet begonias', 'fire on the mountain', 'estimated prophet', 'drums', 'not fade away', 'black peter', 'around and around', ""good lovin'"", 'johnny b. goode']",alabama getaway,45.5202471,-122.674194
488,Seattle Center Coliseum,Seattle,USA,1980-06-13,1980,WA,"['new minglewood blues', 'sugaree', 'mama tried', 'mexicali blues', 'candyman', 'passenger', 'althea', 'lost sailor', 'saint of circumstance', 'deal', ""don't ease me in"", 'let it grow', 'china cat sunflower', 'i know you rider', 'c.c. rider', 'terrapin station', 'drums', 'the other one', 'wharf rat', 'sugar magnolia', 'alabama getaway']",new minglewood blues,47.6038321,-122.330062
489,Spokane Coliseum,Spokane,USA,1980-06-14,1980,WA,"['alabama getaway', 'promised land', 'friend of the devil', 'el paso', 'brown eyed women', 'me and my uncle', 'big river', 'far from me', 'big railroad blues', 'looks like rain', ""don't ease me in"", 'feel like a stranger', 'ship of fools', 'estimated prophet', 'eyes of the world', 'drums', 'lost sailor', 'saint of circumstance', 'stella blue', ""goin' down the road feelin' bad"", ""good lovin'"", 'one more saturday night']",alabama getaway,47.6571934,-117.42351
490,West High Auditorium,Anchorage,USA,1980-06-19,1980,AK,"['alabama getaway', 'promised land', 'they love each other', 'el paso', 'tennessee jed', 'cassidy', 'althea', 'looks like rain', 'far from me', 'music never stopped', 'china cat sunflower', 'i know you rider', 'c.c. rider', 'peggy-o', 'lost sailor', 'saint of circumstance', 'drums', 'wharf rat', 'i need a miracle', 'bertha', ""good lovin'"", 'u.s. blues']",alabama getaway,61.2163129,-149.894852
491,West High Auditorium,Anchorage,USA,1980-06-20,1980,AK,"['jack straw', ""franklin's tower"", 'mama tried', 'mexicali blues', 'friend of the devil', 'let it grow', 'althea', 'easy to love you', 'lost sailor', 'saint of circumstance', 'deal', 'alabama getaway', 'greatest story ever told', 'ship of fools', 'estimated prophet', 'the other one', 'drums', 'not fade away', 'black peter', 'around and around', 'johnny b. goode', ""don't ease me in""]",jack straw,61.2163129,-149.894852
492,West High Auditorium,Anchorage,USA,1980-06-21,1980,AK,"['sugaree', 'new minglewood blues', 'candyman', 'me and my uncle', 'big river', 'loser', ""lazy lightnin'"", 'supplication', 'far from me', 'ramble on rose', 'feel like a stranger', 'big railroad blues', 'samson and delilah', 'terrapin station', ""playin' in the band"", 'drums', ""truckin'"", 'stella blue', 'sugar magnolia', 'one more saturday night', 'brokedown palace']",sugaree,61.2163129,-149.894852
493,Pauley Pavilion (UCLA),Los Angeles,USA,1980-06-29,1980,CA,"['alabama getaway', 'promised land', 'loser', 'new minglewood blues', 'althea', 'looks like rain', 'easy to love you', 'big railroad blues', 'lost sailor', 'saint of circumstance', 'deal', 'feel like a stranger', ""don't ease me in"", 'estimated prophet', 'scarlet begonias', 'fire on the mountain', 'drums', 'the other one', 'black peter', 'sugar magnolia', 'u.s. blues']",alabama getaway,34.0536909,-118.242766
494,San Diego Sports Arena,San Diego,USA,1980-07-01,1980,CA,"['jack straw', ""franklin's tower"", 'el paso', 'tennessee jed', ""lazy lightnin'"", 'supplication', 'althea', 'lost sailor', 'saint of circumstance', 'china cat sunflower', 'i know you rider', 'c.c. rider', 'peggy-o', 'far from me', ""uncle john's band"", ""playin' in the band"", 'drums', ""truckin'"", 'wharf rat', 'around and around', ""good lovin'"", 'alabama getaway', 'johnny b. goode']",jack straw,32.7174202,-117.162772
495,Mississippi River Festival,Edwardsville,USA,1980-08-16,1980,IL,"['alabama getaway', 'promised land', 'they love each other', 'me and my uncle', 'el paso', 'althea', 'looks like rain', 'tennessee jed', 'easy to love you', 'new minglewood blues', 'deal', 'china cat sunflower', 'i know you rider', 'c.c. rider', 'ship of fools', 'estimated prophet', ""he's gone"", 'drums', 'the other one', 'black peter', 'sugar magnolia', 'iko iko', 'one more saturday night']",alabama getaway,38.8114364,-89.953157
496,Kansas City Municipal Auditorium,Kansas City,USA,1980-08-17,1980,MO,"['jack straw', 'sugaree', 'mama tried', 'mexicali blues', 'peggy-o', 'new minglewood blues', 'friend of the devil', 'far from me', 'lost sailor', 'saint of circumstance', ""don't ease me in"", 'samson and delilah', 'scarlet begonias', 'fire on the mountain', 'drums', 'the wheel', ""truckin'"", 'wharf rat', ""good lovin'"", 'u.s. blues']",jack straw,39.100105,-94.5781416
497,Uptown Theater,Chicago,USA,1980-08-19,1980,IL,"['mississippi half-step', ""franklin's tower"", 'new minglewood blues', 'dire wolf', 'cassidy', 'row jimmy', 'me and my uncle', 'big river', 'althea', 'easy to love you', 'feel like a stranger', 'little red rooster', 'china cat sunflower', 'i know you rider', 'estimated prophet', 'eyes of the world', 'drums', ""playin' in the band"", 'comes a time', ""playin' in the band"", 'around and around', 'alabama getaway', 'johnny b. goode']",mississippi half-step,41.8755616,-87.6244212
498,Uptown Theater,Chicago,USA,1980-08-20,1980,IL,"['jack straw', 'loser', 'beat it on down the line', 'ramble on rose', 'el paso', 'big railroad blues', 'looks like rain', 'far from me', 'let it grow', 'deal', 'greatest story ever told', 'althea', 'lost sailor', 'saint of circumstance', 'terrapin station', 'drums', 'not fade away', 'morning dew', ""good lovin'"", 'u.s. blues']",jack straw,41.8755616,-87.6244212
499,Uptown Theater,Chicago,USA,1980-08-21,1980,IL,"['cold rain and snow', 'new minglewood blues', 'high time', 'mama tried', 'mexicali blues', 'peggy-o', ""it's all over now"", 'easy to love you', 'shakedown street', 'promised land', 'drums', ""uncle john's band"", ""truckin'"", 'the other one', 'drums', 'the wheel', ""uncle john's band"", 'sugar magnolia', 'alabama getaway']",cold rain and snow,41.8755616,-87.6244212
500,Alpine Valley Music Theater,East Troy,USA,1980-08-23,1980,WI,"['alabama getaway', 'promised land', 'candyman', 'me and my uncle', 'big river', 'tennessee jed', ""lazy lightnin'"", 'supplication', 'althea', 'music never stopped', ""don't ease me in"", 'lost sailor', 'saint of circumstance', ""he's gone"", 'drums', 'wharf rat', 'around and around', ""good lovin'"", 'one more saturday night']",alabama getaway,42.7851871,-88.4054374
501,Grand Center,Grand Rapids,USA,1980-08-24,1980,MI,"['jack straw', 'they love each other', 'cassidy', 'brown eyed women', 'passenger', 'peggy-o', 'looks like rain', 'althea', 'let it grow', 'deal', 'samson and delilah', 'ship of fools', 'feel like a stranger', 'china cat sunflower', 'i know you rider', 'drums', 'not fade away', 'black peter', 'sugar magnolia', ""don't ease me in""]",jack straw,42.9632425,-85.6678639
502,Cleveland Public Hall,Cleveland,USA,1980-08-26,1980,OH,"['sugaree', 'el paso', 'loser', 'beat it on down the line', 'althea', ""lazy lightnin'"", 'supplication', 'deal', ""don't ease me in"", 'little red rooster', 'far from me', ""uncle john's band"", ""playin' in the band"", 'drums', 'comes a time', 'lost sailor', 'saint of circumstance', 'casey jones', 'johnny b. goode']",sugaree,41.4996574,-81.6936772
504,The Spectrum,Philadelphia,USA,1980-08-29,1980,PA,"['alabama getaway', 'promised land', 'candyman', 'me and my uncle', 'big river', 'row jimmy', 'little red rooster', 'brown eyed women', 'far from me', 'lost sailor', 'saint of circumstance', 'deal', 'greatest story ever told', 'althea', 'let it grow', ""he's gone"", 'the other one', 'drums', 'wharf rat', ""goin' down the road feelin' bad"", 'around and around', 'johnny b. goode', 'u.s. blues']",alabama getaway,39.9527237,-75.1635262
505,The Spectrum,Philadelphia,USA,1980-08-30,1980,PA,"['feel like a stranger', 'peggy-o', 'cassidy', 'friend of the devil', 'new minglewood blues', 'cold rain and snow', 'looks like rain', 'easy to love you', 'althea', 'jack straw', 'scarlet begonias', 'fire on the mountain', 'c.c. rider', 'ramble on rose', 'estimated prophet', 'eyes of the world', 'drums', 'not fade away', 'black peter', 'sugar magnolia', 'one more saturday night']",feel like a stranger,39.9527237,-75.1635262
506,Capital Centre,Landover,USA,1980-08-31,1980,MD,"['alabama getaway', 'promised land', 'they love each other', 'mama tried', 'mexicali blues', 'althea', 'little red rooster', 'tennessee jed', 'far from me', ""lazy lightnin'"", 'supplication', 'deal', 'greatest story ever told', ""uncle john's band"", 'lost sailor', 'saint of circumstance', 'comes a time', ""truckin'"", 'drums', 'the other one', 'stella blue', 'i need a miracle', ""good lovin'"", 'brokedown palace']",alabama getaway,38.925313,-76.8815433
507,War Memorial Auditorium,Rochester,USA,1980-09-02,1980,NY,"['new minglewood blues', 'sugaree', 'el paso', 'friend of the devil', ""it's all over now"", 'china cat sunflower', 'i know you rider', 'lost sailor', 'saint of circumstance', ""don't ease me in"", 'althea', 'c.c. rider', 'ship of fools', 'estimated prophet', 'terrapin station', ""playin' in the band"", 'drums', 'iko iko', 'morning dew', 'sugar magnolia', 'alabama getaway']",new minglewood blues,43.157285,-77.615214
508,Springfield Civic Center,Springfield,USA,1980-09-03,1980,MA,"['mississippi half-step', ""franklin's tower"", 'mama tried', 'mexicali blues', 'althea', 'little red rooster', 'candyman', 'easy to love you', 'let it grow', 'deal', 'feel like a stranger', 'high time', 'lost sailor', 'saint of circumstance', 'drums', ""he's gone"", ""truckin'"", 'black peter', 'around and around', 'johnny b. goode', 'brokedown palace']",mississippi half-step,42.1018764,-72.5886727
509,Providence Civic Center,Providence,USA,1980-09-04,1980,RI,"['feel like a stranger', 'peggy-o', 'cassidy', 'dire wolf', 'new minglewood blues', 'althea', 'looks like rain', 'far from me', 'china cat sunflower', 'i know you rider', 'samson and delilah', 'ramble on rose', 'supplication', 'estimated prophet', 'eyes of the world', 'drums', 'the other one', 'wharf rat', ""goin' down the road feelin' bad"", ""good lovin'"", 'u.s. blues']",feel like a stranger,41.8239891,-71.4128343
510,State Fairgrounds,Lewiston,USA,1980-09-06,1980,ME,"['alabama getaway', 'greatest story ever told', 'sugaree', 'me and my uncle', 'mexicali blues', 'tennessee jed', 'feel like a stranger', 'friend of the devil', 'far from me', 'little red rooster', 'china cat sunflower', 'i know you rider', 'promised land', 'shakedown street', 'lost sailor', 'saint of circumstance', 'althea', ""playin' in the band"", ""uncle john's band"", 'drums', 'not fade away', 'the wheel', ""uncle john's band"", ""playin' in the band"", 'sugar magnolia', 'one more saturday night', 'brokedown palace']",alabama getaway,44.0990717,-70.2177099
511,Warfield Theater,San Francisco,USA,1980-09-25,1980,CA,"['bird song', 'been all around this world', 'dark hollow', 'rosalie mcfall', 'monkey and the engineer', 'it must have been the roses', 'jack-a-roe', ""oh babe it ain't no lie"", 'ripple', 'alabama getaway', 'greatest story ever told', 'friend of the devil', 'mama tried', 'mexicali blues', 'loser', 'little red rooster', 'althea', 'jack straw', 'deal', 'china cat sunflower', 'i know you rider', 'samson and delilah', 'ship of fools', ""playin' in the band"", 'drums', 'wharf rat', 'around and around', ""good lovin'"", 'u.s. blues']",bird song,37.7879363,-122.4075201
512,Warfield Theater,San Francisco,USA,1980-09-26,1980,CA,"['to lay me down', 'on the road again', 'been all around this world', 'dark hollow', 'rosalie mcfall', 'bird song', 'cassidy', 'china doll', 'ripple', 'feel like a stranger', 'sugaree', 'me and my uncle', 'big river', 'peggy-o', 'new minglewood blues', 'candyman', 'looks like rain', 'tennessee jed', 'lost sailor', 'saint of circumstance', 'scarlet begonias', 'fire on the mountain', 'estimated prophet', 'eyes of the world', 'drums', 'not fade away', 'black peter', 'sugar magnolia', 'brokedown palace']",to lay me down,37.7879363,-122.4075201
513,Warfield Theater,San Francisco,USA,1980-09-27,1980,CA,"['dire wolf', 'the race is on', 'jack-a-roe', 'monkey and the engineer', 'it must have been the roses', 'dark hollow', 'bird song', 'to lay me down', 'on the road again', ""oh babe it ain't no lie"", 'ripple', 'mississippi half-step', ""franklin's tower"", 'mama tried', 'mexicali blues', 'row jimmy', 'little red rooster', 'althea', 'let it grow', 'deal', 'cold rain and snow', 'c.c. rider', 'ramble on rose', ""he's gone"", 'the other one', 'drums', 'stella blue', 'i need a miracle', ""goin' down the road feelin' bad"", 'johnny b. goode', 'one more saturday night']",dire wolf,37.7879363,-122.4075201
514,Warfield Theater,San Francisco,USA,1980-09-29,1980,CA,"['dire wolf', 'on the road again', 'bird song', 'cassidy', 'been all around this world', 'heaven help the fool', 'to lay me down', 'dark hollow', ""oh babe it ain't no lie"", 'ripple', 'jack straw', 'they love each other', 'el paso', 'brown eyed women', ""it's all over now"", 'candyman', 'new minglewood blues', 'china cat sunflower', 'i know you rider', 'althea', 'lost sailor', 'saint of circumstance', 'terrapin station', 'drums', ""truckin'"", 'wharf rat', 'around and around', 'johnny b. goode', 'u.s. blues']",dire wolf,37.7879363,-122.4075201
515,Warfield Theater,San Francisco,USA,1980-09-30,1980,CA,"['on the road again', 'jack-a-roe', 'monkey and the engineer', 'bird song', 'dark hollow', 'rosalie mcfall', 'heaven help the fool', 'china doll', ""oh babe it ain't no lie"", 'ripple', 'alabama getaway', 'promised land', 'peggy-o', 'beat it on down the line', 'friend of the devil', ""lazy lightnin'"", 'supplication', 'loser', 'little red rooster', 'big railroad blues', 'feel like a stranger', ""franklin's tower"", 'samson and delilah', ""he's gone"", 'estimated prophet', 'drums', 'the other one', 'black peter', ""good lovin'"", 'brokedown palace']",on the road again,37.7879363,-122.4075201
516,Warfield Theater,San Francisco,USA,1980-10-02,1980,CA,"['dark hollow', 'iko iko', 'the race is on', 'to lay me down', 'cassidy', 'jack-a-roe', 'on the road again', 'bird song', 'ripple', 'bertha', 'greatest story ever told', 'peggy-o', 'mama tried', 'mexicali blues', 'it must have been the roses', ""it's all over now"", 'loser', 'looks like rain', 'china cat sunflower', 'i know you rider', 'drums', 'comes a time', 'lost sailor', 'saint of circumstance', 'terrapin station', ""playin' in the band"", 'drums', 'stella blue', 'sugar magnolia', 'alabama getaway']",dark hollow,37.7879363,-122.4075201
517,Warfield Theater,San Francisco,USA,1980-10-03,1980,CA,"['dire wolf', 'monkey and the engineer', 'been all around this world', 'dark hollow', 'jack-a-roe', 'heaven help the fool', 'china doll', 'on the road again', 'bird song', 'ripple', 'jack straw', 'sugaree', 'me and my uncle', 'big river', 'row jimmy', 'new minglewood blues', 'tennessee jed', 'music never stopped', 'scarlet begonias', 'fire on the mountain', 'samson and delilah', 'ship of fools', ""playin' in the band"", 'drums', 'the wheel', ""playin' in the band"", 'black peter', ""good lovin'"", 'brokedown palace']",dire wolf,37.7879363,-122.4075201
518,Warfield Theater,San Francisco,USA,1980-10-04,1980,CA,"['deep elem blues', 'the race is on', 'it must have been the roses', 'monkey and the engineer', 'rosalie mcfall', 'dark hollow', 'to lay me down', 'on the road again', ""oh babe it ain't no lie"", 'ripple', 'alabama getaway', 'greatest story ever told', 'candyman', 'mama tried', 'mexicali blues', 'high time', 'passenger', 'althea', 'little red rooster', 'ramble on rose', 'let it grow', 'deal', 'feel like a stranger', ""franklin's tower"", 'estimated prophet', 'eyes of the world', 'drums', 'not fade away', 'wharf rat', 'i need a miracle', 'johnny b. goode', ""uncle john's band"", 'one more saturday night']",deep elem blues,37.7879363,-122.4075201
519,Warfield Theater,San Francisco,USA,1980-10-06,1980,CA,"['dire wolf', 'cassidy', 'jack-a-roe', 'monkey and the engineer', 'been all around this world', 'heaven help the fool', 'china doll', 'on the road again', 'bird song', 'ripple', 'china cat sunflower', 'i know you rider', 'new minglewood blues', 'they love each other', 'beat it on down the line', 'peggy-o', ""lazy lightnin'"", 'supplication', 'brown eyed women', 'looks like rain', 'deal', 'samson and delilah', 'it must have been the roses', 'lost sailor', 'saint of circumstance', 'terrapin station', 'drums', ""truckin'"", 'the other one', 'black peter', 'sugar magnolia', 'johnny b. goode', 'u.s. blues']",dire wolf,37.7879363,-122.4075201
520,Warfield Theater,San Francisco,USA,1980-10-07,1980,CA,"['iko iko', 'dark hollow', 'rosalie mcfall', 'monkey and the engineer', 'to lay me down', 'heaven help the fool', 'deep elem blues', 'el paso', 'ripple', 'cold rain and snow', 'new minglewood blues', 'loser', 'me and my uncle', 'big river', 'althea', 'little red rooster', ""don't ease me in"", 'let it grow', 'deal', 'shakedown street', 'estimated prophet', ""he's gone"", 'drums', 'the wheel', 'stella blue', 'i need a miracle', ""good lovin'"", 'alabama getaway']",iko iko,37.7879363,-122.4075201
521,Warfield Theater,San Francisco,USA,1980-10-09,1980,CA,"['dire wolf', 'dark hollow', 'been all around this world', 'cassidy', 'china doll', 'on the road again', 'bird song', 'the race is on', ""oh babe it ain't no lie"", 'ripple', 'feel like a stranger', 'friend of the devil', 'mama tried', 'mexicali blues', 'peggy-o', 'little red rooster', 'brown eyed women', 'tennessee jed', 'music never stopped', 'alabama getaway', 'greatest story ever told', 'high time', 'lost sailor', 'saint of circumstance', 'terrapin station', 'drums', 'not fade away', 'wharf rat', 'sugar magnolia', 'casey jones']",dire wolf,37.7879363,-122.4075201
522,Warfield Theater,San Francisco,USA,1980-10-10,1980,CA,"['on the road again', 'it must have been the roses', 'monkey and the engineer', 'jack-a-roe', 'dark hollow', 'to lay me down', 'heaven help the fool', 'bird song', 'ripple', 'mississippi half-step', ""franklin's tower"", 'me and my uncle', 'big river', 'candyman', 'beat it on down the line', 'row jimmy', 'new minglewood blues', 'althea', 'jack straw', 'scarlet begonias', 'fire on the mountain', 'samson and delilah', 'big railroad blues', 'estimated prophet', 'eyes of the world', 'drums', ""truckin'"", ""nobody's jam"", 'black peter', 'around and around', 'promised land', 'u.s. blues']",on the road again,37.7879363,-122.4075201
523,Warfield Theater,San Francisco,USA,1980-10-11,1980,CA,"['dire wolf', 'dark hollow', 'rosalie mcfall', 'cassidy', 'deep elem blues', 'monkey and the engineer', 'china doll', 'heaven help the fool', ""oh babe it ain't no lie"", 'ripple', 'feel like a stranger', 'they love each other', 'mama tried', 'mexicali blues', 'loser', 'passenger', 'ramble on rose', 'looks like rain', 'althea', 'lost sailor', 'saint of circumstance', 'china cat sunflower', 'i know you rider', 'let it grow', 'drums', 'not fade away', 'wharf rat', ""goin' down the road feelin' bad"", 'one more saturday night', 'brokedown palace']",dire wolf,37.7879363,-122.4075201
524,Warfield Theater,San Francisco,USA,1980-10-13,1980,CA,"['on the road again', 'bird song', 'el paso', 'to lay me down', 'heaven help the fool', 'jack-a-roe', 'the race is on', 'deep elem blues', 'ripple', 'sugaree', 'new minglewood blues', 'peggy-o', 'c.c. rider', 'big railroad blues', ""lazy lightnin'"", 'supplication', 'deal', 'cold rain and snow', 'samson and delilah', 'ship of fools', 'lost sailor', 'saint of circumstance', 'drums', ""he's gone"", 'the other one', 'stella blue', 'around and around', 'johnny b. goode', 'casey jones']",on the road again,37.7879363,-122.4075201
525,Warfield Theater,San Francisco,USA,1980-10-14,1980,CA,"['dire wolf', 'dark hollow', 'it must have been the roses', 'cassidy', 'been all around this world', 'monkey and the engineer', 'china doll', 'heaven help the fool', 'bird song', 'ripple', 'alabama getaway', 'greatest story ever told', 'friend of the devil', 'me and my uncle', 'mexicali blues', 'candyman', 'little red rooster', 'tennessee jed', 'let it grow', 'the wheel', 'music never stopped', 'scarlet begonias', 'fire on the mountain', 'estimated prophet', 'terrapin station', ""playin' in the band"", 'drums', 'i need a miracle', ""uncle john's band"", 'morning dew', ""playin' in the band"", ""good lovin'"", 'u.s. blues', 'brokedown palace']",dire wolf,37.7879363,-122.4075201
526,Saenger Performing Arts Center,New Orleans,USA,1980-10-18,1980,LA,"['dire wolf', 'on the road again', 'it must have been the roses', 'monkey and the engineer', 'been all around this world', 'heaven help the fool', 'to lay me down', 'ripple', 'alabama getaway', 'greatest story ever told', 'friend of the devil', 'me and my uncle', 'big river', 'loser', 'new minglewood blues', 'althea', 'lost sailor', 'saint of circumstance', 'deal', 'china cat sunflower', 'i know you rider', 'feel like a stranger', 'ship of fools', 'estimated prophet', 'eyes of the world', 'drums', 'not fade away', 'black peter', 'around and around', 'johnny b. goode', 'one more saturday night']",dire wolf,29.9561422,-90.0733934
527,Saenger Performing Arts Center,New Orleans,USA,1980-10-19,1980,LA,"['on the road again', 'jack-a-roe', 'dark hollow', 'rosalie mcfall', 'cassidy', 'bird song', 'heaven help the fool', ""oh babe it ain't no lie"", 'ripple', 'jack straw', 'they love each other', 'mama tried', 'mexicali blues', 'candyman', 'passenger', 'row jimmy', 'looks like rain', 'tennessee jed', 'promised land', 'scarlet begonias', 'fire on the mountain', 'samson and delilah', 'terrapin station', 'drums', ""truckin'"", 'wharf rat', 'sugar magnolia', ""good lovin'"", 'brokedown palace']",on the road again,29.9561422,-90.0733934
528,Radio City Music Hall,New York,USA,1980-10-22,1980,NY,"['dire wolf', 'on the road again', 'been all around this world', 'monkey and the engineer', 'to lay me down', 'heaven help the fool', 'bird song', 'ripple', 'alabama getaway', 'greatest story ever told', 'friend of the devil', 'me and my uncle', 'big river', 'peggy-o', 'new minglewood blues', 'china cat sunflower', 'i know you rider', 'scarlet begonias', 'fire on the mountain', 'lost sailor', 'saint of circumstance', 'drums', 'not fade away', ""goin' down the road feelin' bad"", ""good lovin'"", 'u.s. blues']",dire wolf,40.7127281,-74.0060152
529,Radio City Music Hall,New York,USA,1980-10-23,1980,NY,"['on the road again', 'it must have been the roses', 'dark hollow', 'jack-a-roe', 'cassidy', 'china doll', 'monkey and the engineer', ""oh babe it ain't no lie"", 'ripple', 'feel like a stranger', 'tennessee jed', 'mama tried', 'mexicali blues', 'althea', 'little red rooster', 'big railroad blues', 'music never stopped', 'samson and delilah', 'ship of fools', 'estimated prophet', 'terrapin station', 'drums', 'the wheel', ""truckin'"", 'wharf rat', 'sugar magnolia', 'casey jones']",on the road again,40.7127281,-74.0060152
530,Radio City Music Hall,New York,USA,1980-10-25,1980,NY,"['deep elem blues', 'the race is on', 'been all around this world', 'el paso', 'to lay me down', 'monkey and the engineer', 'bird song', 'heaven help the fool', 'dire wolf', 'ripple', 'mississippi half-step', ""franklin's tower"", 'me and my uncle', 'big river', 'high time', 'new minglewood blues', 'ramble on rose', 'looks like rain', 'deal', 'cold rain and snow', 'lost sailor', 'saint of circumstance', ""uncle john's band"", ""playin' in the band"", 'drums', 'the other one', 'black peter', 'around and around', 'one more saturday night', 'u.s. blues']",deep elem blues,40.7127281,-74.0060152
531,Radio City Music Hall,New York,USA,1980-10-26,1980,NY,"['iko iko', 'dark hollow', 'it must have been the roses', 'on the road again', 'jack-a-roe', 'cassidy', 'china doll', 'ripple', 'jack straw', 'sugaree', 'little red rooster', 'brown eyed women', 'let it grow', ""don't ease me in"", 'jam', 'samson and delilah', 'althea', 'estimated prophet', ""he's gone"", 'drums', 'not fade away', 'stella blue', ""good lovin'"", 'brokedown palace']",iko iko,40.7127281,-74.0060152
532,Radio City Music Hall,New York,USA,1980-10-27,1980,NY,"['the race is on', 'been all around this world', 'monkey and the engineer', 'to lay me down', 'heaven help the fool', 'rosalie mcfall', 'on the road again', 'bird song', 'ripple', 'alabama getaway', 'greatest story ever told', 'friend of the devil', 'new minglewood blues', 'peggy-o', 'passenger', 'row jimmy', 'lost sailor', 'saint of circumstance', 'deal', ""truckin'"", 'scarlet begonias', 'fire on the mountain', 'drums', 'wharf rat', 'i need a miracle', 'bertha', 'johnny b. goode', 'casey jones']",the race is on,40.7127281,-74.0060152
533,Radio City Music Hall,New York,USA,1980-10-29,1980,NY,"['dire wolf', 'on the road again', 'it must have been the roses', 'the race is on', 'bird song', 'heaven help the fool', ""oh babe it ain't no lie"", 'ripple', 'feel like a stranger', ""franklin's tower"", 'me and my uncle', 'big river', 'candyman', 'little red rooster', 'tennessee jed', 'looks like rain', 'althea', 'music never stopped', 'china cat sunflower', 'i know you rider', 'estimated prophet', 'terrapin station', 'drums', 'the wheel', 'saint of circumstance', 'black peter', 'sugar magnolia', 'u.s. blues']",dire wolf,40.7127281,-74.0060152
534,Radio City Music Hall,New York,USA,1980-10-30,1980,NY,"['deep elem blues', 'dark hollow', 'been all around this world', 'on the road again', 'to lay me down', 'heaven help the fool', 'ripple', 'alabama getaway', 'promised land', 'peggy-o', 'mama tried', 'mexicali blues', 'loser', 'new minglewood blues', 'althea', 'lost sailor', 'saint of circumstance', 'shakedown street', 'samson and delilah', ""he's gone"", ""truckin'"", 'drums', 'the other one', 'wharf rat', ""good lovin'"", 'johnny b. goode']",deep elem blues,40.7127281,-74.0060152
535,Radio City Music Hall,New York,USA,1980-10-31,1980,NY,"['heaven help the fool', 'sage and spirit', 'little sadie', 'monkey and the engineer', 'it must have been the roses', 'cassidy', 'bird song', 'ripple', 'jack straw', 'cold rain and snow', 'me and my uncle', 'mexicali blues', 'ramble on rose', 'little red rooster', 'brown eyed women', 'looks like rain', 'deal', ""don't ease me in"", 'lost sailor', 'saint of circumstance', ""franklin's tower"", 'drums', 'fire on the mountain', 'not fade away', 'stella blue', ""goin' down the road feelin' bad"", ""good lovin'"", ""uncle john's band""]",heaven help the fool,40.7127281,-74.0060152
536,The Sportatorium,Hollywood,USA,1980-11-26,1980,FL,"['alabama getaway', 'greatest story ever told', 'friend of the devil', 'on the road again', 'jack-a-roe', 'new minglewood blues', 'it must have been the roses', 'the race is on', 'althea', 'lost sailor', 'saint of circumstance', 'deal', 'cold rain and snow', 'samson and delilah', 'china cat sunflower', 'i know you rider', 'estimated prophet', 'eyes of the world', 'drums', 'wharf rat', 'around and around', ""good lovin'"", 'satisfaction']",alabama getaway,26.0112014,-80.1494901
537,Lakeland Civic Center,Lakeland,USA,1980-11-28,1980,FL,"['jack straw', 'peggy-o', 'little red rooster', 'tennessee jed', 'passenger', 'deep elem blues', 'looks like rain', 'deal', 'feel like a stranger', 'to lay me down', 'let it grow', 'terrapin station', 'drums', 'not fade away', 'black peter', 'sugar magnolia', 'u.s. blues']",jack straw,28.0394654,-81.9498042
538,Alligator Alley Gum (U of Florida),Gainesville,USA,1980-11-29,1980,FL,"['alabama getaway', 'promised land', 'candyman', 'new minglewood blues', 'row jimmy', 'mama tried', 'mexicali blues', 'althea', 'lost sailor', 'saint of circumstance', ""don't ease me in"", 'shakedown street', ""franklin's tower"", 'estimated prophet', ""he's gone"", ""truckin'"", 'drums', 'the other one', 'stella blue', ""good lovin'"", 'casey jones']",alabama getaway,29.6519684,-82.3249846
539,Fox Theater,Atlanta,USA,1980-11-30,1980,GA,"['feel like a stranger', 'loser', 'cassidy', 'ramble on rose', 'little red rooster', 'bird song', 'me and my uncle', 'big river', 'it must have been the roses', 'lost sailor', 'saint of circumstance', 'deal', 'scarlet begonias', 'fire on the mountain', 'samson and delilah', 'ship of fools', ""playin' in the band"", 'drums', 'the wheel', 'china doll', 'around and around', 'johnny b. goode', ""uncle john's band""]",feel like a stranger,33.7544657,-84.3898151
540,Mill Valley Recreation Center,Mill Valley,USA,1980-12-06,1980,CA,"['dire wolf', 'on the road again', 'been all around this world', 'monkey and the engineer', 'bird song', 'cassidy', 'china doll', 'ripple']",dire wolf,37.9060368,-122.5449763
541,Swing Auditorium,San Bernardino,USA,1980-12-12,1980,CA,"['alabama getaway', 'greatest story ever told', 'friend of the devil', 'mama tried', 'mexicali blues', 'althea', 'little red rooster', 'peggy-o', 'looks like rain', 'tennessee jed', 'promised land', 'china cat sunflower', 'i know you rider', 'estimated prophet', ""he's gone"", 'eyes of the world', 'drums', ""truckin'"", 'wharf rat', 'around and around', ""good lovin'"", ""don't ease me in""]",alabama getaway,34.8253019,-116.0833144
542,Long Beach Arena,Long Beach,USA,1980-12-13,1980,CA,"['feel like a stranger', 'sugaree', 'c.c. rider', 'to lay me down', 'new minglewood blues', 'ramble on rose', 'lost sailor', 'saint of circumstance', 'deal', 'scarlet begonias', 'fire on the mountain', ""playin' in the band"", 'drums', 'not fade away', 'black peter', 'sugar magnolia', 'one more saturday night']",feel like a stranger,33.7690164,-118.191604
543,Long Beach Arena,Long Beach,USA,1980-12-14,1980,CA,"['bertha', 'greatest story ever told', 'althea', 'little red rooster', 'loser', 'me and my uncle', 'big river', 'bird song', 'passenger', 'candyman', 'looks like rain', ""don't ease me in"", 'cold rain and snow', 'samson and delilah', 'it must have been the roses', 'estimated prophet', 'the wheel', 'drums', 'the other one', 'stella blue', 'around and around', ""good lovin'"", 'brokedown palace']",bertha,33.7690164,-118.191604
544,Oakland Auditorium Arena,Oakland,USA,1980-12-26,1980,CA,"['alabama getaway', 'promised land', 'they love each other', 'c.c. rider', 'althea', 'cassidy', 'peggy-o', 'lost sailor', 'saint of circumstance', 'deal', 'scarlet begonias', 'fire on the mountain', 'samson and delilah', 'ship of fools', ""playin' in the band"", 'drums', 'not fade away', 'black peter', 'around and around', ""good lovin'"", 'u.s. blues']",alabama getaway,37.8044557,-122.271356
545,Oakland Auditorium Arena,Oakland,USA,1980-12-27,1980,CA,"['feel like a stranger', 'sugaree', 'new minglewood blues', 'loser', 'looks like rain', 'tennessee jed', 'passenger', 'it must have been the roses', 'music never stopped', 'china cat sunflower', 'i know you rider', 'estimated prophet', 'eyes of the world', 'drums', 'the wheel', ""truckin'"", 'wharf rat', ""goin' down the road feelin' bad"", 'one more saturday night', 'johnny b. goode']",feel like a stranger,37.8044557,-122.271356
546,Oakland Auditorium Arena,Oakland,USA,1980-12-28,1980,CA,"['mississippi half-step', ""franklin's tower"", 'me and my uncle', 'big river', 'bird song', 'little red rooster', 'althea', 'jack straw', ""don't ease me in"", 'lost sailor', 'saint of circumstance', 'terrapin station', 'drums', 'the other one', 'stella blue', 'sugar magnolia', 'casey jones']",mississippi half-step,37.8044557,-122.271356
547,Oakland Auditorium Arena,Oakland,USA,1980-12-30,1980,CA,"['new minglewood blues', 'friend of the devil', 'mama tried', 'mexicali blues', 'brown eyed women', 'beat it on down the line', 'althea', 'let it grow', 'deal', 'shakedown street', 'samson and delilah', ""he's gone"", ""truckin'"", 'drums', 'not fade away', 'china doll', 'around and around', ""good lovin'"", 'u.s. blues']",new minglewood blues,37.8044557,-122.271356
548,Oakland Auditorium Arena,Oakland,USA,1980-12-31,1980,CA,"['dire wolf', 'on the road again', 'to lay me down', 'monkey and the engineer', 'jack-a-roe', 'cassidy', 'been all around this world', 'the race is on', 'bird song', 'ripple', 'alabama getaway', 'greatest story ever told', 'they love each other', 'little red rooster', 'china cat sunflower', 'i know you rider', 'looks like rain', 'althea', 'lost sailor', 'saint of circumstance', 'deal', 'sugar magnolia', 'scarlet begonias', 'fire on the mountain', 'estimated prophet', 'drums', 'the other one', 'wharf rat', 'around and around', 'sunshine daydream', 'satisfaction', 'brokedown palace']",dire wolf,37.8044557,-122.271356
549,Uptown Theater,Chicago,USA,1981-02-26,1981,IL,"['feel like a stranger', 'althea', 'little red rooster', 'bird song', 'me and my uncle', 'big river', 'tennessee jed', 'passenger', 'peggy-o', 'music never stopped', 'china cat sunflower', 'i know you rider', 'samson and delilah', ""he's gone"", 'drums', ""truckin'"", 'black peter', ""goin' down the road feelin' bad"", 'johnny b. goode', 'u.s. blues']",feel like a stranger,41.8755616,-87.6244212
550,Uptown Theater,Chicago,USA,1981-02-27,1981,IL,"['alabama getaway', 'promised land', 'friend of the devil', 'cassidy', 'loser', 'c.c. rider', 'it must have been the roses', 'new minglewood blues', 'scarlet begonias', 'fire on the mountain', 'estimated prophet', 'eyes of the world', 'drums', 'not fade away', 'wharf rat', 'sugar magnolia', ""don't ease me in""]",alabama getaway,41.8755616,-87.6244212
551,Uptown Theater,Chicago,USA,1981-02-28,1981,IL,"['jack straw', 'they love each other', 'mama tried', 'mexicali blues', 'candyman', 'little red rooster', 'big railroad blues', 'althea', 'let it grow', 'deal', 'cold rain and snow', 'greatest story ever told', 'ship of fools', 'lost sailor', 'saint of circumstance', 'terrapin station', 'drums', 'the other one', 'stella blue', 'around and around', ""good lovin'"", 'one more saturday night']",jack straw,41.8755616,-87.6244212
552,Cleveland Music Hall,Cleveland,USA,1981-03-02,1981,OH,"['shakedown street', 'new minglewood blues', 'dire wolf', 'cassidy', 'althea', 'el paso', 'jack-a-roe', ""lazy lightnin'"", 'supplication', ""don't ease me in"", 'promised land', 'ramble on rose', ""playin' in the band"", 'china doll', 'drums', ""playin' in the band"", 'the wheel', 'around and around', 'johnny b. goode', 'u.s. blues']",shakedown street,41.4996574,-81.6936772
553,Cleveland Music Hall,Cleveland,USA,1981-03-03,1981,OH,"['feel like a stranger', 'peggy-o', 'me and my uncle', 'big river', 'bird song', 'looks like rain', 'big railroad blues', 'little red rooster', 'deal', 'china cat sunflower', 'i know you rider', 'samson and delilah', ""he's gone"", 'drums', 'lost sailor', 'saint of circumstance', 'black peter', ""good lovin'"", 'casey jones']",feel like a stranger,41.4996574,-81.6936772
554,Stanley Theater,Pittsburgh,USA,1981-03-05,1981,PA,"['alabama getaway', 'greatest story ever told', 'friend of the devil', 'c.c. rider', 'althea', 'mama tried', 'mexicali blues', 'to lay me down', 'new minglewood blues', 'tennessee jed', 'music never stopped', 'jam', 'passenger', 'scarlet begonias', 'fire on the mountain', ""playin' in the band"", 'drums', 'not fade away', 'wharf rat', 'around and around', 'johnny b. goode', 'u.s. blues']",alabama getaway,40.4406968,-80.0025666
555,Stanley Theater,Pittsburgh,USA,1981-03-06,1981,PA,"['jack straw', 'peggy-o', 'cassidy', 'they love each other', 'el paso', 'row jimmy', 'little red rooster', 'brown eyed women', 'let it grow', 'deal', 'samson and delilah', 'it must have been the roses', 'estimated prophet', ""franklin's tower"", 'drums', 'the other one', 'stella blue', 'sugar magnolia', ""don't ease me in""]",jack straw,40.4406968,-80.0025666
556,Cole Field House (U of Maryland),College Park,USA,1981-03-07,1981,MD,"['alabama getaway', 'greatest story ever told', 'dire wolf', 'me and my uncle', 'big river', 'candyman', 'c.c. rider', 'jack-a-roe', 'passenger', 'bird song', 'looks like rain', 'deal', 'iko iko', 'lost sailor', 'saint of circumstance', 'drums', ""truckin'"", 'black peter', 'around and around', 'johnny b. goode', 'one more saturday night']",alabama getaway,38.980666,-76.9369189
557,Madison Square Garden,New York,USA,1981-03-09,1981,NY,"['feel like a stranger', 'althea', 'c.c. rider', 'ramble on rose', 'el paso', 'deep elem blues', 'beat it on down the line', 'bird song', 'new minglewood blues', 'china cat sunflower', 'i know you rider', 'samson and delilah', 'ship of fools', 'estimated prophet', ""uncle john's band"", 'drums', 'the other one', 'stella blue', ""good lovin'"", 'u.s. blues']",feel like a stranger,40.7127281,-74.0060152
558,Madison Square Garden,New York,USA,1981-03-10,1981,NY,"['mississippi half-step', ""franklin's tower"", 'me and my uncle', 'it must have been the roses', 'little red rooster', ""don't ease me in"", ""lazy lightnin'"", 'supplication', 'brown eyed women', 'looks like rain', 'deal', 'scarlet begonias', 'fire on the mountain', 'lost sailor', 'saint of circumstance', 'drums', 'the wheel', 'china doll', ""truckin'"", 'sugar magnolia', 'satisfaction', 'brokedown palace']",mississippi half-step,40.7127281,-74.0060152
559,Boston Garden,Boston,USA,1981-03-12,1981,MA,"['jack straw', 'tennessee jed', 'mama tried', 'mexicali blues', 'bird song', 'c.c. rider', 'althea', 'let it grow', ""franklin's tower"", 'terrapin station', ""playin' in the band"", ""he's gone"", 'drums', 'not fade away', 'black peter', 'around and around', 'johnny b. goode', 'u.s. blues']",jack straw,42.3588336,-71.0578303
560,Utica Memorial Auditorium,Utica,USA,1981-03-13,1981,NY,"['shakedown street', 'new minglewood blues', 'they love each other', 'el paso', 'jack-a-roe', 'cassidy', 'high time', 'little red rooster', 'althea', 'music never stopped', 'cold rain and snow', 'samson and delilah', 'it must have been the roses', 'estimated prophet', 'eyes of the world', 'drums', 'lost sailor', 'saint of circumstance', 'wharf rat', 'sugar magnolia', ""don't ease me in""]",shakedown street,43.1009031,-75.2326641
561,Veterans' Memorial Coliseum (CT03?),Hartford,USA,1981-03-14,1981,CT,"['feel like a stranger', 'sugaree', 'me and my uncle', 'big river', 'peggy-o', 'c.c. rider', 'althea', 'passenger', 'china cat sunflower', 'i know you rider', 'alabama getaway', 'greatest story ever told', 'ship of fools', 'lost sailor', 'saint of circumstance', 'drums', 'the other one', 'stella blue', 'i need a miracle', 'bertha', ""good lovin'"", 'one more saturday night']",feel like a stranger,41.764582,-72.6908547
562,Rainbow Theater,London,England,1981-03-20,1981,,"['feel like a stranger', 'friend of the devil', 'c.c. rider', 'althea', 'mama tried', 'mexicali blues', 'loser', 'new minglewood blues', 'candyman', 'looks like rain', 'deal', 'scarlet begonias', 'fire on the mountain', 'lost sailor', 'saint of circumstance', ""he's gone"", 'drums', ""truckin'"", 'wharf rat', 'around and around', 'johnny b. goode', 'u.s. blues']",feel like a stranger,52.1117555,0.1712189
563,Rainbow Theater,London,England,1981-03-21,1981,,"['alabama getaway', 'promised land', 'peggy-o', 'me and my uncle', 'big river', 'tennessee jed', 'little red rooster', 'althea', 'let it grow', 'china cat sunflower', 'i know you rider', 'jack straw', 'ship of fools', 'estimated prophet', 'eyes of the world', 'drums', 'not fade away', 'black peter', 'one more saturday night', ""don't ease me in""]",alabama getaway,52.1117555,0.1712189
564,Rainbow Theater,London,England,1981-03-23,1981,,"['jack straw', 'they love each other', 'cassidy', 'it must have been the roses', 'el paso', 'ramble on rose', 'new minglewood blues', 'sugaree', ""lazy lightnin'"", 'supplication', 'bird song', 'samson and delilah', 'to lay me down', 'terrapin station', ""playin' in the band"", 'drums', 'the other one', 'stella blue', 'sugar magnolia', 'casey jones']",jack straw,52.1117555,0.1712189
565,Rainbow Theater,London,England,1981-03-24,1981,,"['mississippi half-step', ""franklin's tower"", 'beat it on down the line', 'greatest story ever told', 'row jimmy', 'me and my uncle', 'big river', 'high time', 'little red rooster', 'china cat sunflower', 'i know you rider', 'shakedown street', 'lost sailor', 'saint of circumstance', ""he's gone"", 'drums', 'the wheel', ""truckin'"", 'wharf rat', 'around and around', ""good lovin'"", 'brokedown palace']",mississippi half-step,52.1117555,0.1712189
567,Berkeley Community Theater,Berkeley,USA,1981-04-25,1981,CA,"['comments: sing out for sight', 'jg, bw, bk, mh, jkahn', 'deep elem blues', 'dark hollow', 'jack-a-roe', 'monkey and the engineer', 'friend of the devil', 'el paso', ""oh babe it ain't no lie"", 'on the road again', 'oh boy', 'drums']",comments: sing out for sight,37.8708393,-122.272863
568,Greensboro Coliseum,Greensboro,USA,1981-04-30,1981,NC,"['jack straw', 'peggy-o', 'c.c. rider', 'alabama getaway', 'greatest story ever told', 'loser', 'looks like rain', 'china cat sunflower', 'i know you rider', 'shakedown street', 'samson and delilah', 'it must have been the roses', 'estimated prophet', 'eyes of the world', 'drums', ""truckin'"", 'black peter', 'around and around', 'johnny b. goode', 'casey jones']",jack straw,36.0726355,-79.7919754
569,Hampton Roads Coliseum,Hampton,USA,1981-05-01,1981,VA,"['alabama getaway', 'promised land', 'friend of the devil', 'me and my uncle', 'big river', 'althea', 'little red rooster', 'tennessee jed', 'let it grow', 'deal', 'feel like a stranger', ""franklin's tower"", 'lost sailor', 'saint of circumstance', ""he's gone"", 'the other one', 'drums', 'the wheel', 'wharf rat', 'sugar magnolia', 'u.s. blues']",alabama getaway,37.0264414,-76.3442846
570,The Spectrum,Philadelphia,USA,1981-05-02,1981,PA,"['jack straw', 'sugaree', 'el paso', 'bird song', 'cassidy', 'candyman', 'new minglewood blues', 'althea', 'promised land', 'scarlet begonias', 'fire on the mountain', 'estimated prophet', 'terrapin station', 'drums', 'not fade away', 'stella blue', 'around and around', ""good lovin'"", 'one more saturday night']",jack straw,39.9527237,-75.1635262
571,The Spectrum,Philadelphia,USA,1981-05-04,1981,PA,"[""don't ease me in"", 'beat it on down the line', 'jack-a-roe', 'little red rooster', 'cold rain and snow', 'mama tried', 'mexicali blues', 'althea', 'looks like rain', 'bertha', 'greatest story ever told', 'china cat sunflower', 'i know you rider', 'samson and delilah', 'to lay me down', ""playin' in the band"", 'drums', ""nobody's fault but mine"", 'lost sailor', 'saint of circumstance', 'black peter', 'sugar magnolia', 'brokedown palace']",dont ease me in,39.9527237,-75.1635262
572,Glenns Falls Civic Center,Glenns Falls,USA,1981-05-05,1981,NY,"['feel like a stranger', 'peggy-o', 'el paso', 'ramble on rose', 'c.c. rider', 'althea', 'passenger', 'brown eyed women', 'music never stopped', ""don't ease me in"", 'scarlet begonias', 'fire on the mountain', 'estimated prophet', 'eyes of the world', 'drums', ""uncle john's band"", ""truckin'"", 'alabama getaway', 'johnny b. goode', 'u.s. blues']",feel like a stranger,42.635822,-114.9796436
573,Nassau Coliseum,Uniondale,USA,1981-05-06,1981,NY,"['alabama getaway', 'greatest story ever told', 'they love each other', 'cassidy', 'jack-a-roe', 'little red rooster', 'dire wolf', 'looks like rain', 'big railroad blues', 'let it grow', 'deal', 'new minglewood blues', 'high time', 'lost sailor', 'saint of circumstance', ""he's gone"", 'caution jam', 'spanish jam', 'drums', 'the other one', ""goin' down the road feelin' bad"", 'wharf rat', ""good lovin'"", ""don't ease me in""]",alabama getaway,40.7157545,-73.5898872
574,NBC Studios,New York,USA,1981-05-07,1981,NY,"['comments: the tomorrow show', 'on the road again', 'dire wolf', 'deep elem blues', 'cassidy']",comments: the tomorrow show,40.7127281,-74.0060152
575,Nassau Coliseum,Uniondale,USA,1981-05-08,1981,NY,"['jack straw', 'peggy-o', 'me and my uncle', 'big river', 'loser', 'c.c. rider', 'althea', 'let it grow', ""don't ease me in"", 'shakedown street', 'samson and delilah', 'terrapin station', ""playin' in the band"", 'drums', ""nobody's jam"", 'not fade away', 'stella blue', 'sugar magnolia', 'u.s. blues']",jack straw,40.7157545,-73.5898872
576,Nassau Coliseum,Uniondale,USA,1981-05-09,1981,NY,"['mississippi half-step', ""franklin's tower"", 'feel like a stranger', 'bird song', 'little red rooster', 'candyman', 'mama tried', 'mexicali blues', 'looks like rain', 'china cat sunflower', 'i know you rider', 'lost sailor', 'saint of circumstance', 'ship of fools', 'estimated prophet', 'eyes of the world', 'drums', ""nobody's jam"", ""truckin'"", 'black peter', 'around and around', 'one more saturday night', 'brokedown palace']",mississippi half-step,40.7157545,-73.5898872
577,Veterans' Memorial Coliseum,New Haven,USA,1981-05-11,1981,CT,"['new minglewood blues', 'sugaree', 'el paso', 'jack-a-roe', 'beat it on down the line', 'row jimmy', ""it's all over now"", 'althea', ""lazy lightnin'"", 'supplication', ""don't ease me in"", 'scarlet begonias', 'fire on the mountain', 'c.c. rider', 'to lay me down', ""playin' in the band"", 'drums', 'the wheel', ""playin' in the band"", 'china doll', 'around and around', ""good lovin'"", 'satisfaction']",new minglewood blues,41.3082138,-72.9250518
578,Veterans' Memorial Coliseum,New Haven,USA,1981-05-12,1981,CT,"['alabama getaway', 'greatest story ever told', 'peggy-o', 'cassidy', 'it must have been the roses', 'me and my uncle', 'big river', 'althea', 'little red rooster', 'china cat sunflower', 'i know you rider', 'shakedown street', 'looks like rain', 'ship of fools', 'estimated prophet', ""he's gone"", 'drums', 'the other one', 'wharf rat', 'sugar magnolia', ""don't ease me in""]",alabama getaway,41.3082138,-72.9250518
579,Providence Civic Center,Providence,USA,1981-05-13,1981,RI,"['jack straw', 'tennessee jed', 'c.c. rider', 'friend of the devil', 'mama tried', 'mexicali blues', 'bird song', 'let it grow', 'deal', 'samson and delilah', 'terrapin station', 'lost sailor', 'saint of circumstance', 'drums', 'iko iko', 'i need a miracle', 'stella blue', ""good lovin'"", 'brokedown palace']",jack straw,41.8239891,-71.4128343
580,Athletic Center (Rutgers U),New Brunswick,USA,1981-05-15,1981,NJ,"['mississippi half-step', ""franklin's tower"", 'new minglewood blues', 'dire wolf', 'cassidy', 'candyman', 'little red rooster', 'jack-a-roe', 'el paso', 'ramble on rose', 'looks like rain', ""don't ease me in"", 'scarlet begonias', 'fire on the mountain', 'estimated prophet', 'eyes of the world', 'drums', 'not fade away', 'black peter', 'sugar magnolia', 'u.s. blues']",mississippi half-step,40.4936119,-74.4436416
581,Barton Hall (Cornell U),Ithica,USA,1981-05-16,1981,NY,"['feel like a stranger', 'friend of the devil', 'me and my uncle', 'big river', 'althea', 'c.c. rider', 'brown eyed women', 'passenger', 'high time', 'let it grow', ""don't ease me in"", 'shakedown street', 'bertha', 'lost sailor', 'saint of circumstance', 'spanish jam', 'drums', ""truckin'"", ""nobody's jam"", 'stella blue', ""goin' down the road feelin' bad"", 'one more saturday night', ""uncle john's band""]",feel like a stranger,41.4779794,-73.5332652
582,Onondaga War Memorial Auditorium,Syracuse,USA,1981-05-17,1981,NY,"['alabama getaway', 'promised land', 'peggy-o', 'mama tried', 'mexicali blues', 'candyman', 'new minglewood blues', 'they love each other', 'looks like rain', 'big railroad blues', 'little red rooster', 'china cat sunflower', 'i know you rider', 'cold rain and snow', 'samson and delilah', 'ship of fools', 'estimated prophet', ""he's gone"", 'the other one', 'drums', 'saint of circumstance', 'wharf rat', 'sugar magnolia', 'satisfaction']",alabama getaway,43.0481221,-76.1474244
583,Warfield Theater,San Francisco,USA,1981-05-22,1981,CA,"['comments: nuclear disarmament benefit', 'jg, bw, mh, bk, bm, jkahn', 'deep elem blues', 'the race is on', 'friend of the devil', 'cassidy', 'to lay me down', 'monkey and the engineer', ""oh babe it ain't no lie"", 'on the road again', 'bird song', 'ripple', 'drums', 'oh boy']",comments: nuclear disarmament benefit,37.7879363,-122.4075201
584,The Summit,Houston,USA,1981-07-02,1981,TX,"['alabama getaway', 'greatest story ever told', 'friend of the devil', 'c.c. rider', 'althea', 'el paso', 'jack-a-roe', 'looks like rain', 'dire wolf', 'lost sailor', 'saint of circumstance', 'scarlet begonias', 'fire on the mountain', 'man smart/woman smarter', 'it must have been the roses', 'estimated prophet', 'eyes of the world', 'drums', 'the wheel', ""truckin'"", 'black peter', 'around and around', ""good lovin'"", 'u.s. blues']",alabama getaway,29.7589382,-95.3676974
585,Manor Downs,Austin,USA,1981-07-04,1981,TX,"['jack straw', 'peggy-o', 'me and my uncle', 'big river', 'loser', 'little red rooster', 'tennessee jed', 'new minglewood blues', 'china cat sunflower', 'i know you rider', 'feel like a stranger', 'bird song', ""playin' in the band"", 'drums', 'not fade away', 'wharf rat', 'sugar magnolia', 'one more saturday night']",jack straw,30.2711286,-97.7436995
586,Zoo Amphitheater,Oklahoma City,USA,1981-07-05,1981,OK,"['shakedown street', 'promised land', 'candyman', 'cassidy', 'brown eyed women', 'c.c. rider', 'they love each other', 'mama tried', 'mexicali blues', 'althea', 'let it grow', 'samson and delilah', ""don't ease me in"", 'music never stopped', 'ship of fools', 'lost sailor', 'saint of circumstance', ""he's gone"", 'drums', 'the other one', 'stella blue', 'around and around', 'johnny b. goode', 'u.s. blues']",shakedown street,35.4729886,-97.5170536
587,Kansas City Municipal Auditorium,Kansas City,USA,1981-07-07,1981,MO,"['new minglewood blues', 'bertha', ""dancin' in the streets"", 'big railroad blues', 'el paso', 'to lay me down', ""lazy lightnin'"", 'supplication', 'bird song', 'looks like rain', 'deal', 'man smart/woman smarter', 'candyman', 'estimated prophet', 'eyes of the world', 'drums', ""truckin'"", ""goin' down the road feelin' bad"", 'black peter', 'i need a miracle', ""good lovin'"", ""don't ease me in""]",new minglewood blues,39.100105,-94.5781416
588,Kiel Auditorium,St. Louis,USA,1981-07-08,1981,MO,"['mississippi half-step', 'feel like a stranger', 'peggy-o', 'little red rooster', 'althea', 'me and my uncle', 'big river', ""don't ease me in"", 'new minglewood blues', 'china cat sunflower', 'i know you rider', 'scarlet begonias', 'fire on the mountain', 'lost sailor', 'saint of circumstance', ""franklin's tower"", 'drums', 'not fade away', 'wharf rat', 'sugar magnolia', 'u.s. blues']",mississippi half-step,38.6254063,-90.190009
589,St. Paul Civic Center,St. Paul,USA,1981-07-10,1981,MN,"['jack straw', 'sugaree', 'mama tried', 'mexicali blues', 'loser', 'cassidy', 'brown eyed women', 'c.c. rider', 'ramble on rose', 'let it grow', ""don't ease me in"", 'samson and delilah', 'althea', 'estimated prophet', 'eyes of the world', 'drums', ""uncle john's band"", ""playin' in the band"", 'china doll', ""uncle john's band"", ""playin' in the band"", 'around and around', ""good lovin'"", 'casey jones']",jack straw,44.9497487,-93.0931028
590,Alpine Valley Music Theater,East Troy,USA,1981-07-11,1981,WI,"['alabama getaway', 'greatest story ever told', 'peggy-o', 'little red rooster', 'bird song', 'me and my uncle', 'big river', 'tennessee jed', 'new minglewood blues', 'china cat sunflower', 'i know you rider', 'lost sailor', 'saint of circumstance', 'ship of fools', ""he's gone"", ""truckin'"", 'drums', 'the other one', 'stella blue', 'i need a miracle', ""goin' down the road feelin' bad"", 'one more saturday night', 'brokedown palace']",alabama getaway,42.7851871,-88.4054374
591,McNichols Sports Arena,Denver,USA,1981-07-13,1981,CO,"['feel like a stranger', 'they love each other', 'el paso', 'jack-a-roe', 'beat it on down the line', 'it must have been the roses', 'c.c. rider', 'althea', 'looks like rain', 'deal', 'man smart/woman smarter', 'scarlet begonias', 'fire on the mountain', 'estimated prophet', 'terrapin station', 'drums', 'not fade away', 'black peter', 'sugar magnolia', 'satisfaction']",feel like a stranger,39.7392364,-104.984862
592,McNichols Sports Arena,Denver,USA,1981-07-14,1981,CO,"['cold rain and snow', 'new minglewood blues', 'friend of the devil', 'cassidy', 'to lay me down', 'me and my uncle', 'mexicali blues', 'big railroad blues', 'little red rooster', 'bird song', 'lost sailor', 'saint of circumstance', ""don't ease me in"", 'shakedown street', 'samson and delilah', 'high time', ""truckin'"", 'eyes of the world', 'drums', 'the other one', 'wharf rat', ""good lovin'"", 'u.s. blues']",cold rain and snow,39.7392364,-104.984862
593,Salt Palace,Salt Lake City,USA,1981-08-12,1981,UT,"['alabama getaway', 'greatest story ever told', 'friend of the devil', 'mama tried', 'mexicali blues', 'jack-a-roe', 'c.c. rider', 'althea', 'lost sailor', 'saint of circumstance', 'might as well', 'man smart/woman smarter', 'scarlet begonias', 'fire on the mountain', 'estimated prophet', 'eyes of the world', 'drums', 'spanish jam', ""truckin'"", 'morning dew', 'around and around', ""good lovin'"", 'u.s. blues']",alabama getaway,40.7596198,-111.886797
594,Seattle Center Coliseum,Seattle,USA,1981-08-14,1981,WA,"['new minglewood blues', 'sugaree', 'on the road again', 'peggy-o', 'beat it on down the line', 'brown eyed women', 'little red rooster', ""don't ease me in"", 'looks like rain', 'bertha', 'promised land', 'might as well', 'samson and delilah', 'ship of fools', ""playin' in the band"", 'china cat sunflower', 'i know you rider', 'drums', ""playin' in the band"", 'wharf rat', ""goin' down the road feelin' bad"", 'i need a miracle', 'johnny b. goode', 'baby blue']",new minglewood blues,47.6038321,-122.330062
595,Portland Memorial Coliseum,Portland,USA,1981-08-15,1981,OR,"['shakedown street', 'me and my uncle', 'big river', 'tennessee jed', 'cassidy', 'candyman', 'c.c. rider', 'althea', 'let it grow', 'might as well', 'man smart/woman smarter', 'to lay me down', 'lost sailor', 'saint of circumstance', 'terrapin station', 'drums', 'not fade away', 'black peter', 'sugar magnolia', 'one more saturday night']",shakedown street,45.5202471,-122.674194
596,McArthur Court (U of Oregon),Eugene,USA,1981-08-16,1981,OR,"['jack straw', 'friend of the devil', 'el paso', 'loser', 'new minglewood blues', 'peggy-o', 'little red rooster', 'deal', 'feel like a stranger', 'scarlet begonias', 'fire on the mountain', 'estimated prophet', 'eyes of the world', 'drums', 'the other one', 'stella blue', 'around and around', ""good lovin'"", 'baby blue']",jack straw,44.0505054,-123.0950506
597,Long Beach Arena,Long Beach,USA,1981-08-27,1981,CA,"['alabama getaway', 'promised land', 'friend of the devil', 'c.c. rider', 'peggy-o', 'el paso', 'bird song', 'passenger', 'cumberland blues', 'looks like rain', 'might as well', 'samson and delilah', 'scarlet begonias', 'fire on the mountain', 'estimated prophet', 'eyes of the world', 'drums', 'not fade away', 'black peter', ""good lovin'"", ""don't ease me in""]",alabama getaway,33.7690164,-118.191604
598,Long Beach Arena,Long Beach,USA,1981-08-28,1981,CA,"['jack straw', 'they love each other', 'me and my uncle', 'big river', 'althea', 'little red rooster', 'brown eyed women', 'let it grow', 'china cat sunflower', 'i know you rider', 'shakedown street', 'lost sailor', 'saint of circumstance', 'the wheel', 'good time blues', 'drums', 'spanish jam', ""truckin'"", 'wharf rat', 'sugar magnolia', 'u.s. blues']",jack straw,33.7690164,-118.191604
599,Compton Terrace Amphitheater,Tempe,USA,1981-08-30,1981,AZ,"['mississippi half-step', ""franklin's tower"", 'new minglewood blues', 'tennessee jed', 'mama tried', 'mexicali blues', 'it must have been the roses', 'beat it on down the line', 'cumberland blues', 'looks like rain', 'might as well', 'samson and delilah', 'ship of fools', 'estimated prophet', ""he's gone"", 'drums', 'the other one', 'stella blue', ""goin' down the road feelin' bad"", ""good lovin'"", ""don't ease me in""]",mississippi half-step,33.4255117,-111.940016
600,Aladdin Theater,Las Vegas,USA,1981-08-31,1981,NV,"['feel like a stranger', 'jack-a-roe', 'el paso', 'candyman', 'little red rooster', 'loser', 'cassidy', 'althea', 'let it grow', 'deal', 'lost sailor', 'saint of circumstance', 'scarlet begonias', 'fire on the mountain', ""playin' in the band"", 'drums', 'good time blues', 'morning dew', ""playin' in the band"", 'around and around', 'johnny b. goode', 'u.s. blues']",feel like a stranger,36.1674263,-115.1484131
601,Greek Theater (U of California),Berkeley,USA,1981-09-11,1981,CA,"['new minglewood blues', 'they love each other', 'mama tried', 'mexicali blues', 'candyman', 'little red rooster', 'cumberland blues', 'beat it on down the line', 'althea', 'lost sailor', 'saint of circumstance', 'deal', 'feel like a stranger', ""franklin's tower"", 'man smart/woman smarter', ""he's gone"", ""truckin'"", 'drums', 'the other one', 'morning dew', 'johnny b. goode', ""don't ease me in""]",new minglewood blues,37.8708393,-122.272863
602,Greek Theater (U of California),Berkeley,USA,1981-09-12,1981,CA,"['shakedown street', 'greatest story ever told', 'friend of the devil', 'el paso', 'bird song', 'cassidy', 'tennessee jed', 'looks like rain', 'china cat sunflower', 'i know you rider', 'scarlet begonias', 'fire on the mountain', 'c.c. rider', 'estimated prophet', 'eyes of the world', 'drums', 'not fade away', 'wharf rat', 'around and around', 'one more saturday night', 'baby blue', ""good lovin'""]",shakedown street,37.8708393,-122.272863
603,Greek Theater (U of California),Berkeley,USA,1981-09-13,1981,CA,"['jack straw', 'bertha', 'me and my uncle', 'big river', 'to lay me down', 'little red rooster', 'loser', 'passenger', 'ramble on rose', 'let it grow', 'might as well', 'cold rain and snow', 'samson and delilah', 'it must have been the roses', 'lost sailor', 'saint of circumstance', 'terrapin station', 'good time blues', 'drums', 'the wheel', 'i need a miracle', ""goin' down the road feelin' bad"", 'sugar magnolia', 'satisfaction', 'brokedown palace']",jack straw,37.8708393,-122.272863
604,Stabler Arena (Lehigh U),Bethlehem,USA,1981-09-25,1981,PA,"['new minglewood blues', 'friend of the devil', 'el paso', 'peggy-o', 'little red rooster', 'bird song', 'beat it on down the line', 'cumberland blues', 'passenger', 'althea', 'music never stopped', 'might as well', 'samson and delilah', 'scarlet begonias', 'fire on the mountain', 'good time blues', 'lost sailor', 'saint of circumstance', 'drums', 'the wheel', 'sugar magnolia', 'black peter', 'around and around', 'sunshine daydream', 'u.s. blues']",new minglewood blues,40.6178915,-75.3786521
605,War Memorial Auditorium,Buffalo,USA,1981-09-26,1981,NY,"['shakedown street', 'c.c. rider', 'they love each other', 'cassidy', 'jack-a-roe', 'on the road again', 'ramble on rose', 'looks like rain', 'brown eyed women', 'let it grow', ""don't ease me in"", ""playin' in the band"", 'bertha', 'estimated prophet', ""goin' down the road feelin' bad"", 'drums', 'not fade away', 'morning dew', ""playin' in the band"", 'one more saturday night', 'johnny b. goode']",shakedown street,42.8864163,-78.8781493
606,Capital Centre,Landover,USA,1981-09-27,1981,MD,"['jack straw', 'alabama getaway', 'promised land', 'candyman', 'little red rooster', 'althea', 'me and my uncle', 'mexicali blues', 'it must have been the roses', 'lost sailor', 'saint of circumstance', 'china cat sunflower', 'i know you rider', 'man smart/woman smarter', ""he's gone"", ""truckin'"", 'drums', 'spanish jam', 'wharf rat', 'i need a miracle', ""good lovin'"", 'baby blue']",jack straw,38.925313,-76.8815433
607,Playhouse Theater,Edinburgh,Scotland,1981-09-30,1981,,"['alabama getaway', 'greatest story ever told', 'they love each other', 'little red rooster', 'candyman', 'me and my uncle', 'big river', 'loser', 'new minglewood blues', 'althea', 'let it grow', ""don't ease me in"", 'feel like a stranger', 'ship of fools', 'samson and delilah', 'good time blues', 'estimated prophet', 'eyes of the world', 'drums', 'the other one', 'stella blue', ""good lovin'"", 'u.s. blues']",alabama getaway,55.9537934,-3.1893505
608,Rainbow Theater,London,England,1981-10-02,1981,,"['new minglewood blues', 'sugaree', 'c.c. rider', 'cumberland blues', 'cassidy', 'dire wolf', 'mama tried', 'mexicali blues', 'althea', 'lost sailor', 'saint of circumstance', ""playin' in the band"", 'shakedown street', 'bertha', 'drums', 'spanish jam', ""truckin'"", 'black peter', 'sugar magnolia', 'u.s. blues']",new minglewood blues,52.1117555,0.1712189
609,Rainbow Theater,London,England,1981-10-03,1981,,"['alabama getaway', 'promised land', 'peggy-o', 'me and my uncle', 'big river', 'tennessee jed', 'little red rooster', 'bird song', 'looks like rain', 'china cat sunflower', 'i know you rider', 'feel like a stranger', ""franklin's tower"", 'estimated prophet', 'terrapin station', 'drums', 'not fade away', 'morning dew', 'around and around', 'one more saturday night', 'brokedown palace']",alabama getaway,52.1117555,0.1712189
610,Rainbow Theater,London,England,1981-10-04,1981,,"['jam', 'jack straw', 'friend of the devil', 'el paso', 'jack-a-roe', 'beat it on down the line', 'brown eyed women', 'new minglewood blues', 'row jimmy', 'let it grow', 'deal', 'cold rain and snow', 'samson and delilah', 'scarlet begonias', 'fire on the mountain', 'lost sailor', 'saint of circumstance', 'drums', 'the other one', 'wharf rat', 'sugar magnolia', ""don't ease me in""]",jam,52.1117555,0.1712189
611,Rainbow Theater,London,England,1981-10-06,1981,,"['shakedown street', 'new minglewood blues', 'it must have been the roses', 'little red rooster', 'althea', 'me and my uncle', 'mexicali blues', 'good time blues', 'cumberland blues', 'looks like rain', 'might as well', 'man smart/woman smarter', 'high time', 'estimated prophet', ""he's gone"", 'drums', 'blues for allah jam', 'the wheel', 'sugar magnolia', 'stella blue', ""good lovin'"", 'sunshine daydream', 'brokedown palace']",shakedown street,52.1117555,0.1712189
612,Forum Theater,Copenhagen,Denmark,1981-10-08,1981,,"['feel like a stranger', 'they love each other', 'c.c. rider', 'cumberland blues', 'mama tried', 'mexicali blues', 'althea', 'cassidy', 'loser', 'music never stopped', 'scarlet begonias', 'fire on the mountain', ""playin' in the band"", 'terrapin station', 'drums', 'not fade away', 'black peter', 'around and around', 'johnny b. goode', 'u.s. blues']",feel like a stranger,55.7350891,9.1288507
614,Club Melk Weg,Amsterdam,Amsterdam,1981-10-11,1981,,"['comments: bob and jerry acoustic', 'monkey and the engineer', 'been all around this world', 'cassidy', 'on the road again', 'bird song', ""oh babe it ain't no lie""]",comments: bob and jerry acoustic,-37.8364908,77.554173
617,Club Melk Weg,Amsterdam,Amsterdam,1981-10-15,1981,,"['new minglewood blues', 'they love each other', 'el paso', 'friend of the devil', 'little red rooster', 'althea', 'beat it on down the line', 'far from me', 'alabama getaway', 'promised land', 'man smart/woman smarter', ""he's gone"", 'spoonful', 'drums', 'the other one', 'wharf rat', 'around and around', 'johnny b. goode', 'baby blue']",new minglewood blues,-37.8364908,77.554173
618,Club Melk Weg,Amsterdam,Amsterdam,1981-10-16,1981,,"['on the road again', 'dire wolf', 'monkey and the engineer', 'bird song', 'cassidy', ""oh babe it ain't no lie"", 'the race is on', 'ripple', ""playin' in the band"", 'hully gully', 'the wheel', 'samson and delilah', 'gloria', 'turn on your love light', ""goin' down the road feelin' bad"", ""playin' in the band"", 'black peter', 'sugar magnolia']",on the road again,-37.8364908,77.554173
619,The Hippodrome,Paris,France,1981-10-17,1981,,"['shakedown street', 'new minglewood blues', 'candyman', 'me and my uncle', 'big river', 'althea', 'little red rooster', 'brown eyed women', 'looks like rain', ""don't ease me in"", ""truckin'"", 'bird song', 'good time blues', 'estimated prophet', 'eyes of the world', 'drums', 'not fade away', 'morning dew', 'around and around', 'one more saturday night', 'u.s. blues']",shakedown street,47.2490799,-1.5210393
620,Sports Palace,Barcelona,Portugal,1981-10-19,1981,,"['jack straw', ""franklin's tower"", 'mama tried', 'mexicali blues', 'loser', 'c.c. rider', 'tennessee jed', 'passenger', 'althea', 'let it grow', 'scarlet begonias', 'fire on the mountain', 'lost sailor', 'saint of circumstance', 'drums', 'spanish jam', 'the other one', 'stella blue', 'sugar magnolia', ""don't ease me in""]",jack straw,-22.2055526,-54.8086389
621,Pittsburgh Civic Arena,Pittsburgh,USA,1981-11-29,1981,PA,"['shakedown street', 'greatest story ever told', 'friend of the devil', 'c.c. rider', 'candyman', 'me and my uncle', 'big river', 'althea', 'looks like rain', 'might as well', 'samson and delilah', 'ship of fools', 'lost sailor', 'saint of circumstance', ""he's gone"", 'drums', ""truckin'"", 'black peter', 'satisfaction', 'u.s. blues']",shakedown street,40.4406968,-80.0025666
622,Hara Arena,Dayton,USA,1981-11-30,1981,OH,"['new minglewood blues', 'mack the knife', 'bird song', 'little red rooster', 'they love each other', 'cassidy', 'tennessee jed', 'let it grow', ""don't ease me in"", 'man smart/woman smarter', 'it must have been the roses', 'estimated prophet', 'eyes of the world', 'drums', 'the other one', 'wharf rat', 'sugar magnolia', 'might as well']",new minglewood blues,39.7589478,-84.1916069
623,Assembly Hall (University of Illinois),Champlain,USA,1981-12-02,1981,IL,"['bertha', 'greatest story ever told', 'peggy-o', 'mama tried', 'mexicali blues', 'brown eyed women', 'passenger', 'good time blues', 'cumberland blues', 'looks like rain', 'china cat sunflower', 'i know you rider', 'feel like a stranger', ""franklin's tower"", 'lost sailor', 'saint of circumstance', 'terrapin station', 'drums', 'not fade away', 'stella blue', 'around and around', ""good lovin'"", ""don't ease me in""]",bertha,41.7776266,-87.6095256
624,Dane County Coliseum,Madison,USA,1981-12-03,1981,WI,"['jack straw', 'they love each other', 'me and my uncle', 'big river', 'loser', 'c.c. rider', 'althea', 'beat it on down the line', 'cassidy', 'deep elem blues', 'i need a miracle', 'bertha', 'scarlet begonias', 'fire on the mountain', 'estimated prophet', ""he's gone"", 'drums', ""truckin'"", 'black peter', 'around and around', 'johnny b. goode', 'baby blue']",jack straw,43.07469,-89.3841663
625,Market Square Arena,Indianapolis,USA,1981-12-05,1981,IN,"['alabama getaway', 'promised land', 'friend of the devil', 'c.c. rider', 'cumberland blues', 'el paso', 'ramble on rose', 'passenger', 'bird song', 'let it grow', 'shakedown street', 'lost sailor', 'saint of circumstance', 'big railroad blues', ""playin' in the band"", 'drums', 'the wheel', ""playin' in the band"", 'stella blue', 'sugar magnolia', 'one more saturday night']",alabama getaway,39.7683331,-86.1583502
626,Rosemont Horizon,Chicago,USA,1981-12-06,1981,IL,"['new minglewood blues', 'sugaree', 'mama tried', 'mexicali blues', 'candyman', 'little red rooster', 'tennessee jed', 'looks like rain', 'jack-a-roe', 'beat it on down the line', 'china cat sunflower', 'i know you rider', 'samson and delilah', 'to lay me down', 'estimated prophet', 'eyes of the world', 'drums', 'not fade away', 'wharf rat', ""good lovin'"", 'brokedown palace']",new minglewood blues,41.8755616,-87.6244212
627,Des Moines Civic Center,Des Moines,USA,1981-12-07,1981,IA,"['bertha', 'greatest story ever told', 'friend of the devil', 'c.c. rider', 'dire wolf', 'me and my uncle', 'big river', 'deep elem blues', 'cassidy', 'althea', 'music never stopped', 'mississippi half-step', ""franklin's tower"", 'lost sailor', 'saint of circumstance', 'drums', ""truckin'"", ""nobody's jam"", 'black peter', 'sugar magnolia', ""don't ease me in""]",bertha,41.5868654,-93.6249494
628,Events Center (U of Colorado),Boulder,USA,1981-12-09,1981,CO,"['cold rain and snow', 'jack straw', 'friend of the devil', 'little red rooster', 'bird song', 'mama tried', 'mexicali blues', 'candyman', 'cassidy', 'looks like rain', 'china cat sunflower', 'i know you rider', 'scarlet begonias', 'fire on the mountain', 'estimated prophet', ""he's gone"", 'drums', 'the other one', 'stella blue', 'around and around', ""good lovin'"", 'u.s. blues', 'satisfaction']",cold rain and snow,40.0149856,-105.270545
629,Fiesta Hall (County Fairgrounds),San Mateo,USA,1981-12-12,1981,CA,"['me and bobby mcgee', 'children of the eighties', ""lucifer's eyes"", 'warriors of the sun', 'bye bye love', 'barbry allen', ""you won't find me"", 'where have the heroes gone', 'oh boy', 'lady di', 'the boxer', 'new minglewood blues', 'little red rooster', 'deep elem blues', 'me and my uncle', 'mexicali blues', 'dire wolf', 'cold rain and snow', 'around and around', 'one more saturday night', 'baby blue']",me and bobby mcgee,37.496904,-122.3330573
630,Oakland Auditorium Arena,Oakland,USA,1981-12-26,1981,CA,"['alabama getaway', 'promised land', 'candyman', 'little red rooster', 'big boss man', 'me and my uncle', 'big river', 'bird song', ""it's all over now"", 'big railroad blues', 'let it grow', 'scarlet begonias', 'fire on the mountain', 'estimated prophet', ""he's gone"", 'drums', 'the eleven jam', ""truckin'"", 'black peter', 'around and around', 'one more saturday night', ""don't ease me in""]",alabama getaway,37.8044557,-122.271356
631,Oakland Auditorium Arena,Oakland,USA,1981-12-27,1981,CA,"['new minglewood blues', 'sugaree', 'cassidy', 'deep elem blues', 'c.c. rider', 'friend of the devil', 'passenger', 'althea', 'looks like rain', 'deal', 'samson and delilah', 'to lay me down', ""playin' in the band"", 'drums', 'the wheel', ""playin' in the band"", 'wharf rat', 'sugar magnolia', 'baby blue']",new minglewood blues,37.8044557,-122.271356
632,Oakland Auditorium Arena,Oakland,USA,1981-12-28,1981,CA,"['bertha', 'greatest story ever told', 'peggy-o', 'el paso', 'loser', 'mama tried', 'mexicali blues', 'tennessee jed', 'beat it on down the line', 'good time blues', 'lost sailor', 'saint of circumstance', 'china cat sunflower', 'i know you rider', 'man smart/woman smarter', 'ship of fools', 'eyes of the world', 'drums', 'the other one', 'stella blue', 'around and around', ""good lovin'"", 'u.s. blues']",bertha,37.8044557,-122.271356
633,Oakland Auditorium Arena,Oakland,USA,1981-12-30,1981,CA,"['jack straw', 'they love each other', 'on the road again', 'dire wolf', 'little red rooster', 'cumberland blues', ""it's all over now"", 'althea', ""lazy lightnin'"", 'supplication', 'might as well', 'me and bobby mcgee', 'lady di', 'barbry allen', 'feel like a stranger', 'ramble on rose', 'estimated prophet', 'drums', 'not fade away', 'black peter', 'johnny b. goode', 'casey jones']",jack straw,37.8044557,-122.271356
634,Oakland Auditorium Arena,Oakland,USA,1981-12-31,1981,CA,"['me and bobby mcgee', 'bye bye love', ""lucifer's eyes"", 'children of the eighties', 'banks of ohio', 'shakedown street', 'me and my uncle', 'mexicali blues', 'cold rain and snow', 'c.c. rider', 'it must have been the roses', 'beat it on down the line', 'big boss man', 'new minglewood blues', ""don't ease me in"", 'iko iko', ""playin' in the band"", 'terrapin station', ""playin' in the band"", 'drums', 'the other one', 'not fade away', ""goin' down the road feelin' bad"", 'morning dew', 'dark star', 'bertha', ""good lovin'"", 'baby blue']",me and bobby mcgee,37.8044557,-122.271356
635,Warfield Theater,San Francisco,USA,1982-02-16,1982,CA,"['shakedown street', 'greatest story ever told', 'friend of the devil', 'little red rooster', 'peggy-o', 'me and my uncle', 'big river', 'althea', 'looks like rain', 'might as well', 'china cat sunflower', 'i know you rider', ""playin' in the band"", 'terrapin station', 'drums', ""truckin'"", ""nobody's jam"", 'black peter', ""playin' in the band"", 'around and around', ""good lovin'"", ""don't ease me in""]",shakedown street,37.7879363,-122.4075201
636,Warfield Theater,San Francisco,USA,1982-02-17,1982,CA,"['new minglewood blues', 'sugaree', 'on the road again', 'bird song', 'c.c. rider', 'tennessee jed', ""it's all over now"", 'loser', 'man smart/woman smarter', 'scarlet begonias', 'fire on the mountain', 'estimated prophet', 'eyes of the world', 'drums', 'the wheel', 'not fade away', 'wharf rat', 'sugar magnolia', 'satisfaction']",new minglewood blues,37.7879363,-122.4075201
637,Golden Hall,San Diego,USA,1982-02-19,1982,CA,"['bertha', 'greatest story ever told', 'dire wolf', 'little red rooster', 'brown eyed women', 'cassidy', 'candyman', 'el paso', 'althea', 'new minglewood blues', 'alabama getaway', 'promised land', 'ship of fools', 'lost sailor', 'saint of circumstance', 'drums', 'the other one', 'stella blue', 'man smart/woman smarter', 'johnny b. goode', 'u.s. blues']",bertha,32.7174202,-117.162772
638,Golden Hall,San Diego,USA,1982-02-20,1982,CA,"['jack straw', 'they love each other', 'c.c. rider', 'tennessee jed', 'mama tried', 'mexicali blues', 'to lay me down', 'let it grow', ""franklin's tower"", 'samson and delilah', 'big railroad blues', ""playin' in the band"", 'drums', ""truckin'"", 'black peter', 'around and around', 'one more saturday night', 'baby blue']",jack straw,32.7174202,-117.162772
639,Pauley Pavilion (UCLA),Los Angeles,USA,1982-02-21,1982,CA,"['shakedown street', 'new minglewood blues', 'friend of the devil', 'me and my uncle', 'big river', 'bird song', 'little red rooster', 'bertha', 'man smart/woman smarter', 'china cat sunflower', 'i know you rider', 'estimated prophet', 'eyes of the world', 'drums', 'not fade away', 'stella blue', 'sugar magnolia', 'brokedown palace']",shakedown street,34.0536909,-118.242766
641,Reno Centennial Coliseum,Reno,USA,1982-03-13,1982,NV,"['alabama getaway', 'greatest story ever told', 'friend of the devil', 'c.c. rider', 'brown eyed women', 'cassidy', 'it must have been the roses', 'new minglewood blues', 'china cat sunflower', 'i know you rider', 'feel like a stranger', ""franklin's tower"", 'estimated prophet', 'eyes of the world', 'drums', 'the other one', 'black peter', 'around and around', ""good lovin'"", ""don't ease me in""]",alabama getaway,39.5261788,-119.812658
642,Recreation Hall (UC Davis),Davis,USA,1982-03-14,1982,CA,"['one more saturday night', 'sugaree', 'me and my uncle', 'mexicali blues', 'bird song', 'little red rooster', 'ramble on rose', 'looks like rain', 'althea', 'let it grow', 'samson and delilah', 'ship of fools', ""playin' in the band"", 'scarlet begonias', 'fire on the mountain', 'drums', 'not fade away', 'wharf rat', 'sugar magnolia', 'u.s. blues']",one more saturday night,38.5435526,-121.739005
643,Cameron Indoor Stadium (Duke U),Durham,USA,1982-04-02,1982,NC,"['new minglewood blues', 'sugaree', 'mama tried', 'mexicali blues', 'loser', 'little red rooster', 'candyman', 'looks like rain', 'china cat sunflower', 'i know you rider', 'samson and delilah', 'it must have been the roses', 'man smart/woman smarter', ""he's gone"", ""truckin'"", 'drums', 'the other one', 'black peter', 'sugar magnolia', ""don't ease me in""]",new minglewood blues,35.996653,-78.9018053
644,The Scope,Norfolk,USA,1982-04-03,1982,VA,"['alabama getaway', 'greatest story ever told', 'they love each other', 'me and my uncle', 'big river', 'peggy-o', 'c.c. rider', 'bird song', ""it's all over now"", 'althea', 'let it grow', 'scarlet begonias', 'fire on the mountain', 'estimated prophet', 'eyes of the world', 'good time blues', 'drums', 'not fade away', 'stella blue', 'one more saturday night', 'u.s. blues']",alabama getaway,36.8493695,-76.2899539
645,The Spectrum,Philadelphia,USA,1982-04-05,1982,PA,"['jack straw', 'friend of the devil', 'el paso', 'deep elem blues', 'cassidy', 'tennessee jed', 'little red rooster', 'althea', 'man smart/woman smarter', 'bertha', ""playin' in the band"", 'ship of fools', 'drums', 'the wheel', ""playin' in the band"", 'wharf rat', ""good lovin'"", ""don't ease me in""]",jack straw,39.9527237,-75.1635262
646,The Spectrum,Philadelphia,USA,1982-04-06,1982,PA,"['cold rain and snow', 'promised land', 'candyman', 'c.c. rider', 'brown eyed women', 'mama tried', 'mexicali blues', 'big railroad blues', 'looks like rain', 'jack-a-roe', ""it's all over now"", 'might as well', 'shakedown street', 'lost sailor', 'saint of circumstance', 'terrapin station', 'drums', ""truckin'"", 'the other one', 'morning dew', 'sugar magnolia', 'baby blue']",cold rain and snow,39.9527237,-75.1635262
647,Onondaga War Memorial Auditorium,Syracuse,USA,1982-04-08,1982,NY,"['feel like a stranger', 'they love each other', 'me and my uncle', 'big river', 'friend of the devil', 'little red rooster', 'ramble on rose', 'let it grow', 'funiculi funicula', ""playin' in the band"", ""uncle john's band"", 'estimated prophet', 'eyes of the world', 'drums', 'not fade away', 'black peter', ""playin' in the band"", 'johnny b. goode', 'u.s. blues']",feel like a stranger,43.0481221,-76.1474244
648,War Memorial Auditorium,Rochester,USA,1982-04-09,1982,NY,"['alabama getaway', 'greatest story ever told', 'dire wolf', 'c.c. rider', 'bird song', ""it's all over now"", 'loser', 'new minglewood blues', 'china cat sunflower', 'i know you rider', 'man smart/woman smarter', 'to lay me down', 'lost sailor', 'saint of circumstance', 'drums', 'the other one', 'stella blue', ""goin' down the road feelin' bad"", 'satisfaction', 'brokedown palace']",alabama getaway,43.157285,-77.615214
649,Nassau Coliseum,Uniondale,USA,1982-04-11,1982,NY,"['mississippi half-step', ""franklin's tower"", 'el paso', 'candyman', 'little red rooster', 'althea', 'beat it on down the line', 'row jimmy', 'let it grow', 'bertha', 'samson and delilah', 'good time blues', ""he's gone"", ""truckin'"", 'drums', 'not fade away', 'black peter', 'around and around', ""good lovin'"", ""don't ease me in""]",mississippi half-step,40.7157545,-73.5898872
650,Nassau Coliseum,Uniondale,USA,1982-04-12,1982,NY,"['iko iko', 'new minglewood blues', 'peggy-o', 'mama tried', 'mexicali blues', 'bird song', 'c.c. rider', 'tennessee jed', 'looks like rain', 'deal', 'man smart/woman smarter', 'sugaree', 'estimated prophet', ""uncle john's band"", 'drums', 'the other one', 'stella blue', 'sugar magnolia', 'satisfaction']",iko iko,40.7157545,-73.5898872
651,NBC Studios,New York,USA,1982-04-13,1982,NY,"['comments: letterman', 'jg, bw', 'deep elem blues', 'monkey and the engineer']",comments: letterman,40.7127281,-74.0060152
652,Glenns Falls Civic Center,Glenns Falls,USA,1982-04-14,1982,NY,"['jack straw', 'they love each other', 'me and my uncle', 'big river', 'deep elem blues', 'little red rooster', 'brown eyed women', ""lazy lightnin'"", 'supplication', 'bertha', 'china cat sunflower', 'i know you rider', ""playin' in the band"", 'drums', 'the wheel', 'i need a miracle', 'black peter', ""playin' in the band"", 'johnny b. goode', 'u.s. blues']",jack straw,42.635822,-114.9796436
653,Providence Civic Center,Providence,USA,1982-04-15,1982,RI,"['alabama getaway', 'greatest story ever told', 'candyman', 'c.c. rider', 'ramble on rose', 'beat it on down the line', 'peggy-o', 'cassidy', 'althea', 'looks like rain', 'deal', 'scarlet begonias', 'fire on the mountain', 'estimated prophet', ""he's gone"", 'drums', ""truckin'"", 'morning dew', ""good lovin'"", ""don't ease me in""]",alabama getaway,41.8239891,-71.4128343
654,Hartford Civic Center,Hartford,USA,1982-04-17,1982,CT,"['new minglewood blues', 'sugaree', 'el paso', 'jack-a-roe', 'little red rooster', 'tennessee jed', ""it's all over now"", 'bird song', 'man smart/woman smarter', 'shakedown street', 'lost sailor', 'saint of circumstance', 'drums', 'spanish jam', ""uncle john's band"", 'not fade away', 'wharf rat', 'around and around', 'one more saturday night', 'baby blue']",new minglewood blues,41.764582,-72.6908547
655,Hartford Civic Center,Hartford,USA,1982-04-18,1982,CT,"['bertha', 'promised land', 'friend of the devil', 'c.c. rider', 'ramble on rose', 'me and my uncle', 'mexicali blues', 'althea', 'looks like rain', 'big railroad blues', 'let it grow', 'cold rain and snow', 'samson and delilah', 'ship of fools', ""playin' in the band"", 'eyes of the world', 'drums', 'the other one', 'black peter', 'sugar magnolia', ""playin' in the band"", 'sunshine daydream', ""don't ease me in""]",bertha,41.764582,-72.6908547
656,Baltimore Civic Center,Baltimore,USA,1982-04-19,1982,MD,"['jack straw', 'they love each other', 'on the road again', 'peggy-o', 'cassidy', 'it must have been the roses', 'little red rooster', 'cumberland blues', 'man smart/woman smarter', 'might as well', 'feel like a stranger', ""franklin's tower"", 'estimated prophet', 'terrapin station', 'drums', 'the wheel', ""truckin'"", 'stella blue', 'around and around', ""good lovin'"", 'brokedown palace']",jack straw,39.2908816,-76.610759
657,Greek Theater (U of California),Berkeley,USA,1982-05-21,1982,CA,"['bertha', 'greatest story ever told', 'friend of the devil', 'me and my uncle', 'big river', 'bird song', 'c.c. rider', 'althea', 'looks like rain', 'might as well', ""playin' in the band"", ""uncle john's band"", 'drums', 'the wheel', ""playin' in the band"", 'black peter', 'sugar magnolia', ""don't ease me in""]",bertha,37.8708393,-122.272863
658,Greek Theater (U of California),Berkeley,USA,1982-05-22,1982,CA,"['jack straw', 'sugaree', 'cassidy', 'tennessee jed', 'new minglewood blues', 'cumberland blues', ""lazy lightnin'"", 'supplication', 'deal', 'china cat sunflower', 'i know you rider', 'man smart/woman smarter', 'good time blues', 'lost sailor', 'saint of circumstance', ""he's gone"", 'drums', 'not fade away', 'wharf rat', 'around and around', ""good lovin'"", 'u.s. blues']",jack straw,37.8708393,-122.272863
659,Greek Theater (U of California),Berkeley,USA,1982-05-23,1982,CA,"['shakedown street', 'promised land', 'they love each other', 'mama tried', 'mexicali blues', 'loser', 'little red rooster', 'ramble on rose', 'let it grow', 'scarlet begonias', 'fire on the mountain', 'samson and delilah', 'ship of fools', 'estimated prophet', 'eyes of the world', 'drums', 'the other one', 'stella blue', 'i need a miracle', 'casey jones', 'satisfaction', 'brokedown palace']",shakedown street,37.8708393,-122.272863
660,Moscone Center,San Francisco,USA,1982-05-28,1982,CA,"['alabama getaway', 'greatest story ever told', 'althea', 'little red rooster', 'tennessee jed', ""truckin'"", 'drums', ""goin' down the road feelin' bad"", 'not fade away', ""walkin' blues"", ""a mind to give up livin'"", 'turn on your love light', 'johnny b. goode']",alabama getaway,37.7879363,-122.4075201
661,Ventura County Fairgrounds,Ventura,USA,1982-07-17,1982,CA,"['bertha', 'greatest story ever told', 'they love each other', 'me and my uncle', 'big river', 'althea', 'little red rooster', 'tennessee jed', ""truckin'"", ""playin' in the band"", 'china cat sunflower', 'i know you rider', 'estimated prophet', 'drums', 'the wheel', ""playin' in the band"", 'around and around', 'one more saturday night', 'baby blue']",bertha,34.4458248,-119.0779359
662,Ventura County Fairgrounds,Ventura,USA,1982-07-18,1982,CA,"['new minglewood blues', 'friend of the devil', 'mama tried', 'mexicali blues', 'loser', 'cassidy', 'ramble on rose', 'looks like rain', 'deal', 'samson and delilah', ""franklin's tower"", 'man smart/woman smarter', 'ship of fools', 'crazy fingers', 'drums', 'not fade away', 'the other one', 'wharf rat', 'sugar magnolia', 'satisfaction', 'brokedown palace']",new minglewood blues,34.4458248,-119.0779359
663,Compton Terrace Amphitheater,Tempe,USA,1982-07-25,1982,AZ,"['mississippi half-step', ""franklin's tower"", 'c.c. rider', 'bird song', 'el paso', 'candyman', 'lost sailor', 'saint of circumstance', 'deal', 'scarlet begonias', 'fire on the mountain', 'samson and delilah', 'crazy fingers', 'estimated prophet', 'drums', 'not fade away', 'black peter', ""good lovin'"", ""don't ease me in""]",mississippi half-step,33.4255117,-111.940016
664,Red Rocks Amphitheater,Morrison,USA,1982-07-27,1982,CO,"['jack straw', 'sugaree', 'on the road again', 'it must have been the roses', 'me and my uncle', 'big river', 'peggy-o', 'little red rooster', 'china cat sunflower', 'i know you rider', ""playin' in the band"", 'terrapin station', 'drums', 'the wheel', 'the other one', 'stella blue', ""playin' in the band"", 'u.s. blues']",jack straw,39.6535988,-105.191099
665,Red Rocks Amphitheater,Morrison,USA,1982-07-28,1982,CO,"['shakedown street', 'beat it on down the line', 'greatest story ever told', 'they love each other', 'mama tried', 'mexicali blues', 'big railroad blues', ""lazy lightnin'"", 'supplication', 'deal', 'man smart/woman smarter', 'althea', 'let it grow', ""he's gone"", ""truckin'"", 'drums', 'spanish jam', 'not fade away', 'black peter', 'sugar magnolia', 'baby blue']",shakedown street,39.6535988,-105.191099
666,Red Rocks Amphitheater,Morrison,USA,1982-07-29,1982,CO,"['new minglewood blues', 'friend of the devil', 'cassidy', 'loser', 'feel like a stranger', 'tennessee jed', 'looks like rain', 'might as well', 'cold rain and snow', 'samson and delilah', 'crazy fingers', 'i need a miracle', 'drums', 'the other one', ""goin' down the road feelin' bad"", 'wharf rat', 'around and around', ""good lovin'"", 'brokedown palace']",new minglewood blues,39.6535988,-105.191099
667,Manor Downs,Austin,USA,1982-07-31,1982,TX,"['alabama getaway', 'promised land', 'candyman', 'el paso', 'bird song', 'little red rooster', 'ramble on rose', ""it's all over now"", 'brown eyed women', 'music never stopped', 'deal', 'scarlet begonias', 'fire on the mountain', 'estimated prophet', 'eyes of the world', 'drums', ""uncle john's band"", ""truckin'"", 'morning dew', 'one more saturday night', ""don't ease me in""]",alabama getaway,30.2711286,-97.7436995
668,Zoo Amphitheater,Oklahoma City,USA,1982-08-01,1982,OK,"['jack straw', 'they love each other', 'c.c. rider', 'tennessee jed', 'me and my uncle', 'big river', 'china cat sunflower', 'i know you rider', ""playin' in the band"", 'iko iko', 'lost sailor', 'saint of circumstance', 'drums', 'the wheel', ""playin' in the band"", 'black peter', 'around and around', 'johnny b. goode', 'u.s. blues']",jack straw,35.4729886,-97.5170536
669,Starlight Theater,Kansas City,USA,1982-08-03,1982,MO,"['mississippi half-step', ""franklin's tower"", 'new minglewood blues', 'peggy-o', 'el paso', 'cumberland blues', 'althea', 'cassidy', 'big railroad blues', 'man smart/woman smarter', 'might as well', 'shakedown street', 'samson and delilah', 'to lay me down', 'let it grow', 'drums', ""he's gone"", 'the other one', 'stella blue', 'sugar magnolia', 'casey jones']",mississippi half-step,39.100105,-94.5781416
670,Kiel Auditorium,St. Louis,USA,1982-08-04,1982,MO,"['feel like a stranger', 'friend of the devil', 'c.c. rider', 'brown eyed women', 'mama tried', 'mexicali blues', 'row jimmy', 'looks like rain', 'stagger lee', 'promised land', 'good time blues', 'estimated prophet', 'terrapin station', 'drums', 'not fade away', 'black peter', 'around and around', ""good lovin'"", 'u.s. blues']",feel like a stranger,38.6254063,-90.190009
671,St. Paul Civic Center,St. Paul,USA,1982-08-06,1982,MN,"['bertha', 'new minglewood blues', 'candyman', 'little red rooster', 'bird song', 'el paso', 'tennessee jed', ""it's all over now"", ""lazy lightnin'"", 'supplication', 'might as well', 'scarlet begonias', 'fire on the mountain', 'lost sailor', 'saint of circumstance', 'drums', ""truckin'"", 'wharf rat', 'around and around', ""goin' down the road feelin' bad"", 'johnny b. goode', 'baby blue']",bertha,44.9497487,-93.0931028
672,Alpine Valley Music Theater,East Troy,USA,1982-08-07,1982,WI,"['music never stopped', 'sugaree', 'music never stopped', 'me and my uncle', 'big river', 'it must have been the roses', 'c.c. rider', 'ramble on rose', 'beat it on down the line', 'on the road again', 'althea', 'let it grow', 'china cat sunflower', 'i know you rider', 'man smart/woman smarter', 'ship of fools', ""playin' in the band"", 'drums', 'the wheel', ""playin' in the band"", 'morning dew', 'one more saturday night', 'u.s. blues']",music never stopped,42.7851871,-88.4054374
673,Alpine Valley Music Theater,East Troy,USA,1982-08-08,1982,WI,"['alabama getaway', 'promised land', 'they love each other', 'mama tried', 'mexicali blues', 'loser', 'little red rooster', 'brown eyed women', 'looks like rain', 'peggy-o', 'samson and delilah', 'far from me', 'scarlet begonias', 'fire on the mountain', 'estimated prophet', 'drums', 'the other one', 'not fade away', 'wharf rat', ""good lovin'"", 'satisfaction', 'brokedown palace']",alabama getaway,42.7851871,-88.4054374
674,University of Iowa,Iowa City,USA,1982-08-10,1982,IA,"['feel like a stranger', 'friend of the devil', 'new minglewood blues', 'tennessee jed', 'cassidy', 'it must have been the roses', 'on the road again', 'beat it on down the line', 'stagger lee', 'i need a miracle', 'bertha', 'china cat sunflower', 'i know you rider', 'lost sailor', 'saint of circumstance', 'eyes of the world', 'drums', 'iko iko', ""truckin'"", 'stella blue', 'sugar magnolia', 'baby blue', 'johnny b. goode']",feel like a stranger,41.6612561,-91.5299106
675,Oregon County Fair Site,Veneta,USA,1982-08-28,1982,OR,"['bertha', 'new minglewood blues', 'tennessee jed', 'me and my uncle', 'big river', 'althea', ""it's all over now"", 'china cat sunflower', 'i know you rider', 'day job', 'man smart/woman smarter', 'west l.a. fadeaway', 'far from me', ""playin' in the band"", 'drums', 'the wheel', 'the other one', ""truckin'"", 'black peter', ""playin' in the band"", 'one more saturday night', ""dupree's diamond blues""]",bertha,44.0488807,-123.351514
676,Seattle Center Coliseum,Seattle,USA,1982-08-29,1982,WA,"['jack straw', 'big railroad blues', 'mama tried', 'mexicali blues', 'west l.a. fadeaway', 'little red rooster', 'loser', 'cassidy', 'it must have been the roses', 'let it grow', 'day job', 'samson and delilah', ""he's gone"", 'drums', 'not fade away', 'wharf rat', 'sugar magnolia', 'u.s. blues']",jack straw,47.6038321,-122.330062
677,Glen Helen Regional Park,Devore,USA,1982-09-05,1982,CA,"[""playin' in the band"", 'shakedown street', 'new minglewood blues', 'samson and delilah', 'china cat sunflower', 'i know you rider', 'sugaree', 'man smart/woman smarter', ""truckin'"", 'drums', 'not fade away', 'black peter', 'sugar magnolia', 'u.s. blues', 'satisfaction']",playin in the band,34.2163964,-117.4014365
678,Saenger Performing Arts Center,New Orleans,USA,1982-09-09,1982,LA,"['mississippi half-step', ""franklin's tower"", 'feel like a stranger', 'west l.a. fadeaway', 'mama tried', 'mexicali blues', 'althea', ""uncle john's band"", 'samson and delilah', ""uncle john's band"", 'estimated prophet', 'eyes of the world', 'drums', 'the wheel', 'the other one', 'wharf rat', ""good lovin'"", 'day job', 'johnny b. goode']",mississippi half-step,29.9561422,-90.0733934
679,Auditorium,West Palm Beach,USA,1982-09-11,1982,FL,"['new minglewood blues', 'they love each other', 'me and my uncle', 'big river', ""dupree's diamond blues"", 'c.c. rider', 'loser', 'looks like rain', 'tennessee jed', 'let it grow', 'scarlet begonias', 'fire on the mountain', 'lost sailor', 'saint of circumstance', 'terrapin station', 'drums', ""truckin'"", 'stella blue', 'around and around', 'one more saturday night', 'baby blue']",new minglewood blues,26.715364,-80.0532942
680,Lakeland Civic Center,Lakeland,USA,1982-09-12,1982,FL,"['alabama getaway', 'greatest story ever told', 'friend of the devil', 'cassidy', 'west l.a. fadeaway', 'little red rooster', 'brown eyed women', ""it's all over now"", 'might as well', 'man smart/woman smarter', 'ship of fools', ""playin' in the band"", 'drums', 'the wheel', 'not fade away', 'morning dew', 'sugar magnolia', ""don't ease me in""]",alabama getaway,28.0394654,-81.9498042
681,University of Virginia,Charlottesville,USA,1982-09-14,1982,VA,"['jack straw', 'peggy-o', 'c.c. rider', 'big railroad blues', 'el paso', 'bird song', ""lazy lightnin'"", 'supplication', 'deal', 'china cat sunflower', 'i know you rider', 'samson and delilah', 'high time', 'estimated prophet', ""he's gone"", 'drums', 'iko iko', ""truckin'"", 'black peter', 'i need a miracle', 'bertha', 'johnny b. goode']",jack straw,38.029306,-78.4766781
682,Capital Centre,Landover,USA,1982-09-15,1982,MD,"[""playin' in the band"", 'crazy fingers', 'little red rooster', ""dupree's diamond blues"", 'beat it on down the line', 'it must have been the roses', 'let it grow', 'day job', 'shakedown street', 'lost sailor', 'saint of circumstance', 'drums', 'not fade away', 'stella blue', 'around and around', ""good lovin'"", 'touch of grey']",playin in the band,38.925313,-76.8815433
683,Cumberland County Civic Center,Portland,USA,1982-09-17,1982,ME,"['bertha', 'promised land', 'candyman', 'c.c. rider', 'althea', 'me and my uncle', 'big river', ""dupree's diamond blues"", ""it's all over now"", 'west l.a. fadeaway', ""throwin' stones"", 'deal', 'touch of grey', 'man smart/woman smarter', 'high time', 'estimated prophet', 'eyes of the world', 'drums', 'spanish jam', 'the other one', ""goin' down the road feelin' bad"", 'morning dew', 'sugar magnolia', 'u.s. blues']",bertha,43.6573605,-70.2586618
684,Boston Garden,Boston,USA,1982-09-18,1982,MA,"['jack straw', 'sugaree', 'mama tried', 'mexicali blues', 'west l.a. fadeaway', 'little red rooster', ""dupree's diamond blues"", 'cassidy', 'far from me', 'samson and delilah', ""uncle john's band"", ""playin' in the band"", 'drums', ""throwin' stones"", 'the wheel', ""truckin'"", 'wharf rat', 'around and around', 'one more saturday night', 'baby blue']",jack straw,42.3588336,-71.0578303
685,Madison Square Garden,New York,USA,1982-09-20,1982,NY,"['shakedown street', 'new minglewood blues', 'candyman', 'el paso', ""dupree's diamond blues"", ""it's all over now"", 'good time blues', 'row jimmy', ""throwin' stones"", 'day job', 'scarlet begonias', 'fire on the mountain', 'man smart/woman smarter', 'terrapin station', 'drums', 'spanish jam', ""truckin'"", 'the other one', 'stella blue', 'sugar magnolia', 'touch of grey']",shakedown street,40.7127281,-74.0060152
686,Madison Square Garden,New York,USA,1982-09-21,1982,NY,"[""playin' in the band"", 'crazy fingers', 'me and my uncle', 'big river', 'west l.a. fadeaway', 'beat it on down the line', 'loser', 'looks like rain', 'china cat sunflower', 'i know you rider', 'touch of grey', 'samson and delilah', 'high time', 'estimated prophet', ""he's gone"", 'drums', ""throwin' stones"", 'not fade away', 'black peter', ""good lovin'"", 'u.s. blues']",playin in the band,40.7127281,-74.0060152
687,Veterans' Memorial Coliseum,New Haven,USA,1982-09-23,1982,CT,"['alabama getaway', 'greatest story ever told', 'peggy-o', 'little red rooster', 'tennessee jed', 'mama tried', 'mexicali blues', 'althea', 'let it grow', 'touch of grey', 'lost sailor', 'saint of circumstance', 'ship of fools', ""throwin' stones"", 'drums', 'the wheel', 'the other one', 'wharf rat', 'around and around', 'johnny b. goode', 'baby blue']",alabama getaway,41.3082138,-72.9250518
688,Carrier Dome (Syracuse U),Syracuse,USA,1982-09-24,1982,NY,"['jack straw', 'friend of the devil', 'c.c. rider', 'ramble on rose', 'new minglewood blues', 'bird song', 'looks like rain', 'china cat sunflower', 'i know you rider', 'far from me', ""playin' in the band"", 'crazy fingers', ""throwin' stones"", 'drums', 'iko iko', ""truckin'"", ""goin' down the road feelin' bad"", 'black peter', 'around and around', 'sugar magnolia', 'brokedown palace']",jack straw,43.0481221,-76.1474244
689,Frost Amphitheater (Stanford U),Palo Alto,USA,1982-10-09,1982,CA,"['alabama getaway', 'greatest story ever told', 'they love each other', 'on the road again', 'beat it on down the line', 'west l.a. fadeaway', 'me and my uncle', 'big river', ""dupree's diamond blues"", 'music never stopped', 'deal', ""throwin' stones"", 'touch of grey', 'estimated prophet', 'eyes of the world', 'drums', ""truckin'"", 'the other one', 'morning dew', 'one more saturday night', 'u.s. blues']",alabama getaway,37.4443293,-122.1598465
690,Frost Amphitheater (Stanford U),Palo Alto,USA,1982-10-10,1982,CA,"['new minglewood blues', 'sugaree', 'little red rooster', 'tennessee jed', 'cassidy', 'loser', 'far from me', 'looks like rain', 'china cat sunflower', 'i know you rider', ""playin' in the band"", 'crazy fingers', 'lost sailor', 'saint of circumstance', 'touch of grey', 'drums', 'the wheel', ""throwin' stones"", 'not fade away', 'black peter', 'sugar magnolia', 'satisfaction', 'baby blue']",new minglewood blues,37.4443293,-122.1598465
691,Santa Fe Downs,Santa Fe,USA,1982-10-17,1982,NM,"['mississippi half-step', ""franklin's tower"", 'new minglewood blues', 'candyman', 'me and my uncle', 'mexicali blues', 'althea', 'man smart/woman smarter', 'ramble on rose', 'let it grow', 'deal', 'shakedown street', 'samson and delilah', 'good time blues', 'estimated prophet', ""he's gone"", 'drums', ""throwin' stones"", ""goin' down the road feelin' bad"", 'the wheel', 'the other one', 'wharf rat', ""good lovin'"", ""don't ease me in""]",mississippi half-step,35.6876096,-105.938456
693,Oakland Auditorium Arena,Oakland,USA,1982-12-26,1982,CA,"['new minglewood blues', 'peggy-o', 'mama tried', 'mexicali blues', 'althea', 'cassidy', 'candyman', ""it's all over now"", 'china cat sunflower', 'i know you rider', 'touch of grey', 'far from me', 'estimated prophet', 'eyes of the world', 'drums', ""throwin' stones"", 'wharf rat', 'around and around', ""good lovin'"", 'day job']",new minglewood blues,37.8044557,-122.271356
694,Oakland Auditorium Arena,Oakland,USA,1982-12-27,1982,CA,"['bertha', 'greatest story ever told', 'bird song', 'beat it on down the line', 'they love each other', 'me and my uncle', 'big river', 'brown eyed women', 'let it grow', 'scarlet begonias', 'fire on the mountain', ""playin' in the band"", 'drums', 'the wheel', 'the other one', 'black peter', 'sugar magnolia', 'u.s. blues']",bertha,37.8044557,-122.271356
695,Oakland Auditorium Arena,Oakland,USA,1982-12-28,1982,CA,"['jack straw', 'tennessee jed', 'el paso', 'friend of the devil', 'on the road again', 'touch of grey', 'man smart/woman smarter', 'dire wolf', ""lazy lightnin'"", 'supplication', 'deal', 'shakedown street', 'samson and delilah', 'good time blues', 'terrapin station', 'drums', ""throwin' stones"", 'not fade away', 'morning dew', 'satisfaction', 'baby blue']",jack straw,37.8044557,-122.271356
696,Oakland Auditorium Arena,Oakland,USA,1982-12-30,1982,CA,"['alabama getaway', 'promised land', 'loser', 'little red rooster', 'big railroad blues', 'feel like a stranger', ""dupree's diamond blues"", 'music never stopped', ""don't ease me in"", 'touch of grey', ""throwin' stones"", ""franklin's tower"", 'lost sailor', 'saint of circumstance', ""he's gone"", 'drums', ""truckin'"", 'stella blue', ""goin' down the road feelin' bad"", 'johnny b. goode', 'hard to handle', 'tell mama']",alabama getaway,37.8044557,-122.271356
697,Oakland Auditorium Arena,Oakland,USA,1982-12-31,1982,CA,"['cold rain and snow', 'c.c. rider', 'cumberland blues', 'far from me', 'cassidy', 'ramble on rose', 'looks like rain', 'day job', 'sugar magnolia', 'sugaree', 'man smart/woman smarter', 'ship of fools', ""playin' in the band"", 'drums', 'not fade away', 'deal', 'sunshine daydream', 'turn on your love light', 'tell mama', 'baby what you want me to do', 'hard to handle', 'midnight hour', 'brokedown palace']",cold rain and snow,37.8044557,-122.271356
698,Compton Terrace Amphitheater,Tempe,USA,1983-03-25,1983,AZ,"['cold rain and snow', 'new minglewood blues', 'dire wolf', 'my brother esau', 'big railroad blues', 'me and my uncle', 'big river', 'tennessee jed', 'let it grow', 'help on the way', 'slipknot!', ""franklin's tower"", ""playin' in the band"", 'drums', ""throwin' stones"", 'not fade away', 'black peter', 'sugar magnolia', ""don't ease me in""]",cold rain and snow,33.4255117,-111.940016
699,Aladdin Theater,Las Vegas,USA,1983-03-26,1983,NV,"['jack straw', 'friend of the devil', 'little red rooster', 'brown eyed women', 'mama tried', 'mexicali blues', 'althea', 'my brother esau', 'deal', 'promised land', 'scarlet begonias', 'fire on the mountain', 'estimated prophet', 'eyes of the world', 'the other one', 'drums', 'the other one', 'stella blue', 'around and around', 'one more saturday night', 'touch of grey']",jack straw,36.1674263,-115.1484131
700,Irvine Meadows Amphitheater,Laguna Hills,USA,1983-03-27,1983,CA,"['shakedown street', 'new minglewood blues', 'they love each other', 'cassidy', 'loser', 'my brother esau', 'deal', 'china cat sunflower', 'i know you rider', 'samson and delilah', ""he's gone"", ""truckin'"", 'drums', ""throwin' stones"", 'not fade away', 'wharf rat', ""good lovin'"", 'u.s. blues']",shakedown street,33.5948758,-117.6882067
701,Warfield Theater,San Francisco,USA,1983-03-29,1983,CA,"['jack straw', 'bird song', 'little red rooster', 'ramble on rose', ""it's all over now"", 'candyman', 'my brother esau', 'big railroad blues', 'greatest story ever told', 'help on the way', 'slipknot!', ""franklin's tower"", 'estimated prophet', 'drums', 'the wheel', ""throwin' stones"", 'not fade away', ""goin' down the road feelin' bad"", 'johnny b. goode', 'baby blue']",jack straw,37.7879363,-122.4075201
702,Warfield Theater,San Francisco,USA,1983-03-30,1983,CA,"['bertha', 'promised land', 'dire wolf', 'cassidy', 'peggy-o', 'mama tried', 'mexicali blues', 'it must have been the roses', 'new minglewood blues', 'china cat sunflower', 'i know you rider', 'touch of grey', 'my brother esau', 'might as well', ""playin' in the band"", 'drums', 'man smart/woman smarter', 'china doll', ""playin' in the band"", 'sugar magnolia', 'u.s. blues']",bertha,37.7879363,-122.4075201
703,Warfield Theater,San Francisco,USA,1983-03-31,1983,CA,"['feel like a stranger', 'friend of the devil', 'little red rooster', ""dupree's diamond blues"", 'me and my uncle', 'big river', 'west l.a. fadeaway', 'my brother esau', ""don't ease me in"", 'lost sailor', 'saint of circumstance', 'far from me', 'terrapin station', 'drums', 'the other one', ""throwin' stones"", 'wharf rat', 'around and around', ""good lovin'"", 'brokedown palace']",feel like a stranger,37.7879363,-122.4075201
704,Hampton Roads Coliseum,Hampton,USA,1983-04-09,1983,VA,"['bertha', 'promised land', 'west l.a. fadeaway', 'my brother esau', 'candyman', 'new minglewood blues', 'brown eyed women', 'looks like rain', 'china cat sunflower', 'i know you rider', 'help on the way', 'slipknot!', ""franklin's tower"", ""truckin'"", 'smokestack jam', 'drums', ""throwin' stones"", 'black peter', ""goin' down the road feelin' bad"", 'one more saturday night', 'satisfaction']",bertha,37.0264414,-76.3442846
705,Morgantown Civic Center,Morgantown,USA,1983-04-10,1983,WV,"['samson and delilah', 'friend of the devil', 'me and my uncle', 'mexicali blues', 'althea', 'little red rooster', 'tennessee jed', 'my brother esau', 'might as well', 'touch of grey', 'man smart/woman smarter', ""uncle john's band"", ""playin' in the band"", 'drums', 'the wheel', ""playin' in the band"", 'china doll', 'sugar magnolia', 'u.s. blues']",samson and delilah,39.6296809,-79.9559437
706,Broome County Arena,Binghamton,USA,1983-04-12,1983,NY,"['alabama getaway', 'greatest story ever told', 'bird song', 'new minglewood blues', 'peggy-o', 'cassidy', 'loser', ""it's all over now"", ""dupree's diamond blues"", 'let it grow', 'help on the way', 'slipknot!', ""franklin's tower"", 'lost sailor', 'saint of circumstance', 'terrapin station', 'drums', 'the other one', 'wharf rat', 'not fade away', 'baby blue']",alabama getaway,42.098698,-75.9125187
707,Patrick Field House (U of Vermont),Burlington,USA,1983-04-13,1983,VT,"['jack straw', 'they love each other', 'beat it on down the line', 'west l.a. fadeaway', 'mama tried', 'cumberland blues', 'ramble on rose', 'far from me', 'my brother esau', 'might as well', 'scarlet begonias', 'fire on the mountain', 'estimated prophet', 'eyes of the world', 'maybe you know how i feel', 'drums', 'morning dew', ""throwin' stones"", ""good lovin'"", 'touch of grey']",jack straw,44.4761601,-73.212906
708,War Memorial Auditorium,Rochester,USA,1983-04-15,1983,NY,"['shakedown street', 'my brother esau', 'brown eyed women', 'little red rooster', 'dire wolf', ""lazy lightnin'"", 'supplication', 'deal', 'feel like a stranger', 'samson and delilah', 'ship of fools', 'maybe you know how i feel', ""he's gone"", 'drums', ""throwin' stones"", 'not fade away', ""goin' down the road feelin' bad"", 'around and around', 'johnny b. goode', 'baby blue']",shakedown street,43.157285,-77.615214
709,Brendan Byrne Arena,East Rutherford,USA,1983-04-16,1983,NJ,"['new minglewood blues', 'tennessee jed', 'me and my uncle', 'mexicali blues', 'bird song', 'maybe you know how i feel', 'west l.a. fadeaway', 'my brother esau', 'looks like rain', 'touch of grey', 'china cat sunflower', 'i know you rider', ""uncle john's band"", ""truckin'"", 'drums', 'black queen', 'iko iko', 'the other one', 'black peter', 'one more saturday night', 'johnny b. goode']",new minglewood blues,40.833989,-74.0970865
710,Brendan Byrne Arena,East Rutherford,USA,1983-04-17,1983,NJ,"['touch of grey', 'little red rooster', ""dupree's diamond blues"", 'beat it on down the line', 'it must have been the roses', 'cassidy', 'big railroad blues', 'my brother esau', 'peggy-o', 'let it grow', 'might as well', 'help on the way', 'slipknot!', ""franklin's tower"", 'man smart/woman smarter', ""playin' in the band"", 'drums', ""love the one you're with"", 'the wheel', ""playin' in the band"", ""throwin' stones"", 'not fade away', 'brokedown palace']",touch of grey,40.833989,-74.0970865
711,Alfond Arena (U of Maine),Orono,USA,1983-04-19,1983,ME,"['jack straw', 'friend of the devil', ""it's all over now"", 'dire wolf', 'big river', ""dupree's diamond blues"", 'on the road again', 'west l.a. fadeaway', ""lazy lightnin'"", 'supplication', 'might as well', 'sugaree', 'samson and delilah', ""he's gone"", 'drums', 'spanish jam', ""truckin'"", 'wharf rat', 'around and around', ""good lovin'"", 'u.s. blues']",jack straw,44.883607,-68.672791
712,Providence Civic Center,Providence,USA,1983-04-20,1983,RI,"['touch of grey', 'promised land', 'loser', 'new minglewood blues', 'ramble on rose', 'me and my uncle', 'cumberland blues', 'looks like rain', 'china cat sunflower', 'i know you rider', 'my brother esau', 'maybe you know how i feel', 'bertha', 'estimated prophet', 'eyes of the world', 'drums', ""throwin' stones"", 'morning dew', 'sugar magnolia', ""don't ease me in""]",touch of grey,41.8239891,-71.4128343
713,Veterans' Memorial Coliseum,New Haven,USA,1983-04-22,1983,CT,"['funiculi funicula', 'feel like a stranger', 'bird song', 'c.c. rider', 'row jimmy', 'mama tried', 'mexicali blues', 'cold rain and snow', 'my brother esau', 'deal', 'help on the way', 'slipknot!', ""franklin's tower"", 'samson and delilah', 'ship of fools', 'man smart/woman smarter', 'drums', ""truckin'"", 'spoonful', 'stella blue', 'around and around', ""good lovin'"", 'baby blue']",funiculi funicula,41.3082138,-72.9250518
714,Veterans' Memorial Coliseum,New Haven,USA,1983-04-23,1983,CT,"['alabama getaway', 'greatest story ever told', 'candyman', 'new minglewood blues', 'tennessee jed', ""lazy lightnin'"", 'supplication', 'peggy-o', 'far from me', 'music never stopped', 'scarlet begonias', 'fire on the mountain', 'lost sailor', 'saint of circumstance', 'drums', 'the other one', 'wharf rat', ""throwin' stones"", 'not fade away', 'one more saturday night', 'brokedown palace']",alabama getaway,41.3082138,-72.9250518
715,The Spectrum,Philadelphia,USA,1983-04-25,1983,PA,"['jack straw', 'friend of the devil', 'little red rooster', 'brown eyed women', 'cassidy', 'loser', 'my brother esau', 'china cat sunflower', 'i know you rider', 'touch of grey', ""playin' in the band"", 'terrapin station', 'drums', 'the wheel', ""playin' in the band"", ""goin' down the road feelin' bad"", 'sugar magnolia', 'satisfaction']",jack straw,39.9527237,-75.1635262
716,The Spectrum,Philadelphia,USA,1983-04-26,1983,PA,"['shakedown street', 'new minglewood blues', 'they love each other', 'me and my uncle', 'mexicali blues', 'maybe you know how i feel', 'west l.a. fadeaway', 'my brother esau', 'it must have been the roses', 'let it grow', 'help on the way', 'slipknot!', ""franklin's tower"", 'man smart/woman smarter', 'drums', ""truckin'"", ""nobody's jam"", 'morning dew', ""throwin' stones"", 'not fade away', 'u.s. blues']",shakedown street,39.9527237,-75.1635262
717,Greek Theater (U of California),Berkeley,USA,1983-05-13,1983,CA,"['cold rain and snow', 'greatest story ever told', 'west l.a. fadeaway', 'hell in a bucket', 'loser', 'little red rooster', 'bird song', 'let it grow', 'china cat sunflower', 'i know you rider', 'estimated prophet', 'eyes of the world', 'drums', 'spanish jam', ""throwin' stones"", 'the other one', 'wharf rat', 'around and around', ""good lovin'""]",cold rain and snow,37.8708393,-122.272863
718,Greek Theater (U of California),Berkeley,USA,1983-05-14,1983,CA,"['feel like a stranger', 'friend of the devil', 'me and my uncle', 'mexicali blues', 'tennessee jed', 'my brother esau', 'bertha', 'shakedown street', ""playin' in the band"", 'china doll', 'drums', 'the wheel', ""playin' in the band"", 'morning dew', 'sugar magnolia', 'one more saturday night']",feel like a stranger,37.8708393,-122.272863
719,Greek Theater (U of California),Berkeley,USA,1983-05-15,1983,CA,"['touch of grey', 'new minglewood blues', 'ramble on rose', 'cassidy', 'brown eyed women', 'hell in a bucket', 'althea', 'looks like rain', 'deal', 'help on the way', 'slipknot!', ""franklin's tower"", 'samson and delilah', ""he's gone"", 'drums', ""truckin'"", 'stella blue', ""throwin' stones"", 'not fade away', 'baby blue']",touch of grey,37.8708393,-122.272863
720,Saratoga Performing Arts Center,Saratoga Springs,USA,1983-06-18,1983,NY,"['bertha', 'jack straw', 'bird song', 'mexicali blues', 'big river', 'althea', 'hell in a bucket', 'deal', 'scarlet begonias', 'fire on the mountain', ""playin' in the band"", 'drums', 'the wheel', ""playin' in the band"", 'morning dew', ""throwin' stones"", 'not fade away', 'touch of grey', ""don't ease me in"", 'one more saturday night']",bertha,43.0822315,-73.785373
721,Merriweather Post Pavilion,Columbia,USA,1983-06-20,1983,MD,"['new minglewood blues', 'they love each other', 'little red rooster', 'peggy-o', 'hell in a bucket', 'tennessee jed', 'my brother esau', 'west l.a. fadeaway', 'music never stopped', 'china cat sunflower', 'i know you rider', 'samson and delilah', ""he's gone"", ""truckin'"", 'drums', 'the other one', 'wharf rat', 'sugar magnolia', 'baby blue']",new minglewood blues,39.1938429,-76.8646092
722,Merriweather Post Pavilion,Columbia,USA,1983-06-21,1983,MD,"['alabama getaway', 'greatest story ever told', 'dire wolf', 'me and my uncle', 'cumberland blues', 'cassidy', 'big railroad blues', ""it's all over now"", 'loser', 'looks like rain', 'might as well', 'touch of grey', 'man smart/woman smarter', 'terrapin station', 'estimated prophet', 'eyes of the world', 'drums', ""throwin' stones"", 'black peter', 'around and around', ""good lovin'"", 'u.s. blues']",alabama getaway,39.1938429,-76.8646092
723,City Island,Harrisburg,USA,1983-06-22,1983,PA,"['feel like a stranger', 'friend of the devil', 'c.c. rider', 'ramble on rose', 'my brother esau', 'deal', 'hell in a bucket', 'china cat sunflower', 'i know you rider', ""playin' in the band"", 'drums', 'spanish jam', 'i need a miracle', 'stella blue', ""goin' down the road feelin' bad"", 'not fade away', 'brokedown palace']",feel like a stranger,40.2663107,-76.8861122
724,Dane County Coliseum,Madison,USA,1983-06-24,1983,WI,"['shakedown street', 'far from me', 'candyman', 'little red rooster', 'brown eyed women', 'mama tried', 'mexicali blues', 'althea', 'hell in a bucket', 'deal', 'help on the way', 'slipknot!', ""franklin's tower"", 'lost sailor', 'saint of circumstance', 'drums', ""truckin'"", 'morning dew', 'around and around', 'johnny b. goode', ""don't ease me in""]",shakedown street,43.07469,-89.3841663
725,St. Paul Civic Center,St. Paul,USA,1983-06-25,1983,MN,"['jack straw', 'they love each other', 'cassidy', 'west l.a. fadeaway', 'my brother esau', 'big railroad blues', ""lazy lightnin'"", 'supplication', 'might as well', 'touch of grey', 'samson and delilah', 'ship of fools', 'man smart/woman smarter', ""uncle john's band"", 'drums', ""throwin' stones"", 'black peter', ""goin' down the road feelin' bad"", 'one more saturday night', 'baby blue']",jack straw,44.9497487,-93.0931028
726,Poplar Creek Pavilion,Poplar Creek,USA,1983-06-27,1983,IL,"['bertha', 'promised land', ""dupree's diamond blues"", 'new minglewood blues', 'bird song', 'me and my uncle', 'mexicali blues', 'cold rain and snow', 'hell in a bucket', 'sugaree', 'scarlet begonias', 'fire on the mountain', 'estimated prophet', ""truckin'"", 'drums', 'the other one', 'the wheel', ""good lovin'"", 'u.s. blues']",bertha,42.0467686,-88.1954708
727,Poplar Creek Pavilion,Poplar Creek,USA,1983-06-28,1983,IL,"['feel like a stranger', 'dire wolf', ""it's all over now"", 'brown eyed women', 'little red rooster', 'tennessee jed', 'looks like rain', 'deal', 'help on the way', 'slipknot!', ""franklin's tower"", 'man smart/woman smarter', ""he's gone"", 'drums', ""throwin' stones"", 'not fade away', 'stella blue', 'sugar magnolia', 'iko iko']",feel like a stranger,42.0467686,-88.1954708
728,Ventura County Fairgrounds,Ventura,USA,1983-07-30,1983,CA,"['china cat sunflower', 'i know you rider', ""it's all over now"", 'brown eyed women', 'my brother esau', 'big railroad blues', 'cassidy', 'loser', 'music never stopped', 'sugaree', ""playin' in the band"", 'china doll', 'drums', ""truckin'"", 'black peter', 'sugar magnolia', 'u.s. blues']",china cat sunflower,34.4458248,-119.0779359
729,Ventura County Fairgrounds,Ventura,USA,1983-07-31,1983,CA,"['jack straw', 'friend of the devil', 'me and my uncle', 'mexicali blues', 'west l.a. fadeaway', 'little red rooster', 'tennessee jed', 'looks like rain', 'deal', 'hell in a bucket', 'scarlet begonias', 'fire on the mountain', 'drums', 'the other one', 'wharf rat', ""throwin' stones"", 'not fade away', 'touch of grey', 'one more saturday night']",jack straw,34.4458248,-119.0779359
730,Frost Amphitheater (Stanford U),Palo Alto,USA,1983-08-20,1983,CA,"['alabama getaway', 'greatest story ever told', 'they love each other', 'new minglewood blues', 'bird song', 'looks like rain', 'tennessee jed', 'my brother esau', 'deal', 'shakedown street', 'man smart/woman smarter', 'ship of fools', 'estimated prophet', 'eyes of the world', 'drums', 'the other one', 'black peter', ""good lovin'"", 'one more saturday night']",alabama getaway,37.4443293,-122.1598465
731,Frost Amphitheater (Stanford U),Palo Alto,USA,1983-08-21,1983,CA,"['cassidy', 'dire wolf', 'me and my uncle', 'big river', 'althea', 'little red rooster', 'big railroad blues', 'let it grow', 'samson and delilah', 'china cat sunflower', 'i know you rider', ""playin' in the band"", 'drums', 'the wheel', ""throwin' stones"", 'not fade away', 'baby blue', 'johnny b. goode']",cassidy,37.4443293,-122.1598465
732,Portland Memorial Coliseum,Portland,USA,1983-08-26,1983,OR,"['bertha', 'promised land', 'peggy-o', 'me and my uncle', 'big river', 'west l.a. fadeaway', 'new minglewood blues', 'loser', 'let it grow', 'scarlet begonias', 'fire on the mountain', 'man smart/woman smarter', ""he's gone"", 'drums', ""truckin'"", 'wang dang doodle', 'stella blue', 'sugar magnolia', 'u.s. blues']",bertha,45.5202471,-122.674194
733,Seattle Center Coliseum,Seattle,USA,1983-08-27,1983,WA,"['jack straw', 'deep elem blues', 'my brother esau', 'brown eyed women', 'little red rooster', 'ramble on rose', 'looks like rain', 'deal', 'touch of grey', ""playin' in the band"", ""uncle john's band"", 'drums', ""throwin' stones"", 'black peter', 'one more saturday night', 'baby blue']",jack straw,47.6038321,-122.330062
734,Silva Hall (Hult Center),Eugene,USA,1983-08-29,1983,OR,"['shakedown street', 'new minglewood blues', 'friend of the devil', 'hell in a bucket', 'bird song', ""it's all over now"", 'might as well', 'china cat sunflower', 'i know you rider', 'estimated prophet', 'eyes of the world', 'drums', 'the wheel', 'the other one', ""goin' down the road feelin' bad"", 'johnny b. goode', 'u.s. blues']",shakedown street,44.0505054,-123.0950506
735,Silva Hall (Hult Center),Eugene,USA,1983-08-30,1983,OR,"['feel like a stranger', 'candyman', 'my brother esau', 'dire wolf', 'little red rooster', 'tennessee jed', ""lazy lightnin'"", 'supplication', 'deal', 'touch of grey', 'samson and delilah', 'terrapin station', 'drums', ""throwin' stones"", 'not fade away', 'wharf rat', 'sugar magnolia', 'brokedown palace']",feel like a stranger,44.0505054,-123.0950506
736,Silva Hall (Hult Center),Eugene,USA,1983-08-31,1983,OR,"['alabama getaway', 'greatest story ever told', ""dupree's diamond blues"", 'me and my uncle', 'mexicali blues', 'west l.a. fadeaway', 'hell in a bucket', 'althea', 'cassidy', ""don't ease me in"", 'cold rain and snow', ""playin' in the band"", 'china doll', 'drums', ""truckin'"", 'stella blue', 'around and around', ""good lovin'"", 'u.s. blues', 'satisfaction']",alabama getaway,44.0505054,-123.0950506
737,Boise Pavillion,Boise,USA,1983-09-02,1983,ID,"['wang dang doodle', 'jack straw', 'they love each other', 'mama tried', 'big river', 'brown eyed women', 'new minglewood blues', 'big railroad blues', 'looks like rain', 'deal', 'help on the way', 'slipknot!', ""franklin's tower"", 'estimated prophet', 'eyes of the world', 'drums', ""throwin' stones"", ""goin' down the road feelin' bad"", 'black peter', 'sugar magnolia', 'baby blue']",wang dang doodle,43.6166163,-116.200886
738,Park West Ski Resort,Salt Lake City,USA,1983-09-04,1983,UT,"['bertha', 'promised land', 'friend of the devil', 'little red rooster', 'tennessee jed', 'my brother esau', 'althea', 'hell in a bucket', 'china cat sunflower', 'i know you rider', 'scarlet begonias', 'fire on the mountain', 'man smart/woman smarter', 'drums', 'spanish jam', 'the wheel', 'the other one', 'wharf rat', 'around and around', 'one more saturday night', 'u.s. blues']",bertha,40.7596198,-111.886797
739,Red Rocks Amphitheater,Morrison,USA,1983-09-06,1983,CO,"['alabama getaway', 'greatest story ever told', 'peggy-o', 'hell in a bucket', ""dupree's diamond blues"", 'new minglewood blues', 'bird song', ""lazy lightnin'"", 'supplication', 'might as well', 'help on the way', 'slipknot!', ""franklin's tower"", ""playin' in the band"", 'drums', ""uncle john's band"", ""playin' in the band"", ""throwin' stones"", 'not fade away', 'brokedown palace']",alabama getaway,39.6535988,-105.191099
740,Red Rocks Amphitheater,Morrison,USA,1983-09-07,1983,CO,"['jack straw', 'candyman', 'little red rooster', 'loser', 'my brother esau', 'west l.a. fadeaway', 'cassidy', 'china cat sunflower', 'i know you rider', 'i need a miracle', 'bertha', 'samson and delilah', ""he's gone"", 'drums', ""truckin'"", 'stella blue', 'sugar magnolia', 'u.s. blues']",jack straw,39.6535988,-105.191099
741,Red Rocks Amphitheater,Morrison,USA,1983-09-08,1983,CO,"['shakedown street', 'mama tried', 'big river', 'ramble on rose', 'hell in a bucket', 'brown eyed women', 'looks like rain', 'deal', 'scarlet begonias', 'fire on the mountain', 'estimated prophet', 'terrapin station', 'drums', ""throwin' stones"", 'black peter', 'around and around', ""good lovin'"", 'baby blue']",shakedown street,39.6535988,-105.191099
742,Santa Fe Downs,Santa Fe,USA,1983-09-10,1983,NM,"['music never stopped', 'they love each other', 'my brother esau', 'big railroad blues', 'beat it on down the line', 'tennessee jed', 'new minglewood blues', 'china cat sunflower', 'i know you rider', 'man smart/woman smarter', 'cumberland blues', ""playin' in the band"", 'china doll', 'drums', 'the other one', ""goin' down the road feelin' bad"", 'one more saturday night', 'cold rain and snow']",music never stopped,35.6876096,-105.938456
743,Santa Fe Downs,Santa Fe,USA,1983-09-11,1983,NM,"['alabama getaway', 'greatest story ever told', 'dire wolf', 'hell in a bucket', 'west l.a. fadeaway', 'me and my uncle', 'mexicali blues', 'althea', 'c.c. rider', 'might as well', 'help on the way', 'slipknot!', ""franklin's tower"", 'let it grow', ""he's gone"", 'drums', ""truckin'"", 'wang dang doodle', 'morning dew', 'around and around', 'sugar magnolia', 'u.s. blues']",alabama getaway,35.6876096,-105.938456
744,Manor Downs,Austin,USA,1983-09-13,1983,TX,"['bertha', 'little red rooster', 'loser', 'cassidy', ""don't ease me in"", 'my brother esau', 'brown eyed women', 'music never stopped', 'might as well', 'scarlet begonias', 'fire on the mountain', ""truckin'"", 'drums', 'the wheel', ""throwin' stones"", 'not fade away', 'brokedown palace']",bertha,30.2711286,-97.7436995
745,Nevada County Fairgrounds,Grass Valley,USA,1983-09-18,1983,CA,"['jack straw', 'they love each other', 'new minglewood blues', 'friend of the devil', 'hell in a bucket', 'ramble on rose', 'let it grow', 'touch of grey', 'samson and delilah', 'terrapin station', 'drums', 'the other one', 'wharf rat', 'around and around', 'sugar magnolia', 'baby blue']",jack straw,39.2190607,-121.06292
746,Santa Cruz County Fairgrounds,Watsonville,USA,1983-09-24,1983,CA,"['alabama getaway', 'promised land', 'they love each other', 'me and my uncle', 'mexicali blues', 'bird song', 'hell in a bucket', 'deep elem blues', 'looks like rain', 'day job', 'china cat sunflower', 'i know you rider', 'man smart/woman smarter', 'ship of fools', ""truckin'"", 'drums', ""uncle john's band"", ""throwin' stones"", 'not fade away', 'brokedown palace', 'funiculi funicula', 'one more saturday night']",alabama getaway,36.9089338,-121.7557942
747,Richmond Coliseum,Richmond,USA,1983-10-08,1983,VA,"['feel like a stranger', 'friend of the devil', 'new minglewood blues', 'brown eyed women', 'cassidy', 'west l.a. fadeaway', 'hell in a bucket', 'deal', 'day job', ""playin' in the band"", 'crazy fingers', 'drums', ""truckin'"", 'spoonful', 'wharf rat', ""good lovin'"", 'u.s. blues']",feel like a stranger,37.5385087,-77.43428
748,Greensboro Coliseum,Greensboro,USA,1983-10-09,1983,NC,"['shakedown street', 'samson and delilah', 'peggy-o', 'little red rooster', 'candyman', 'my brother esau', 'big railroad blues', 'let it grow', 'touch of grey', 'estimated prophet', 'eyes of the world', 'man smart/woman smarter', 'drums', 'not fade away', 'sugar magnolia', 'baby blue']",shakedown street,36.0726355,-79.7919754
749,Madison Square Garden,New York,USA,1983-10-11,1983,NY,"['wang dang doodle', 'jack straw', 'loser', 'me and my uncle', 'mexicali blues', 'bird song', 'hell in a bucket', 'day job', 'china cat sunflower', 'i know you rider', 'i need a miracle', 'bertha', 'china doll', 'drums', 'st. stephen', ""throwin' stones"", 'touch of grey', 'johnny b. goode']",wang dang doodle,40.7127281,-74.0060152
750,Madison Square Garden,New York,USA,1983-10-12,1983,NY,"['cold rain and snow', 'new minglewood blues', 'ramble on rose', 'my brother esau', 'it must have been the roses', 'cassidy', 'cumberland blues', 'looks like rain', 'might as well', 'help on the way', 'slipknot!', ""franklin's tower"", 'man smart/woman smarter', ""he's gone"", 'drums', ""truckin'"", 'black peter', 'not fade away', 'revolution']",cold rain and snow,40.7127281,-74.0060152
751,Hartford Civic Center,Hartford,USA,1983-10-14,1983,CT,"['alabama getaway', 'greatest story ever told', 'they love each other', 'mama tried', 'big river', 'althea', 'c.c. rider', 'tennessee jed', 'hell in a bucket', 'day job', 'scarlet begonias', 'fire on the mountain', 'estimated prophet', 'eyes of the world', 'drums', 'spanish jam', 'the other one', 'stella blue', 'sugar magnolia', 'u.s. blues']",alabama getaway,41.764582,-72.6908547
752,Hartford Civic Center,Hartford,USA,1983-10-15,1983,CT,"['feel like a stranger', 'dire wolf', 'new minglewood blues', 'brown eyed women', 'wang dang doodle', 'big railroad blues', 'let it grow', 'day job', 'china cat sunflower', 'i know you rider', ""playin' in the band"", 'china doll', 'drums', 'st. stephen', ""throwin' stones"", 'one more saturday night', 'brokedown palace']",feel like a stranger,41.764582,-72.6908547
753,Olympic Center,Lake Placid,USA,1983-10-17,1983,NY,"['sugaree', 'little red rooster', 'friend of the devil', 'my brother esau', 'bird song', 'hell in a bucket', 'deal', 'touch of grey', 'samson and delilah', 'to lay me down', 'man smart/woman smarter', 'terrapin station', 'drums', 'the wheel', 'i need a miracle', ""goin' down the road feelin' bad"", ""good lovin'"", 'revolution']",sugaree,44.2831194,-73.9828318
754,Cumberland County Civic Center,Portland,USA,1983-10-18,1983,ME,"['jack straw', 'they love each other', 'me and my uncle', 'mexicali blues', ""dupree's diamond blues"", 'c.c. rider', 'althea', ""lazy lightnin'"", 'supplication', 'might as well', 'china cat sunflower', 'i know you rider', 'estimated prophet', ""he's gone"", 'drums', 'not fade away', 'black peter', 'around and around', 'sugar magnolia', 'u.s. blues']",jack straw,43.6573605,-70.2586618
755,The Centrum,Worcester,USA,1983-10-20,1983,MA,"['bertha', 'greatest story ever told', 'west l.a. fadeaway', 'new minglewood blues', 'tennessee jed', 'hell in a bucket', 'row jimmy', 'looks like rain', 'deal', 'help on the way', 'slipknot!', ""franklin's tower"", 'samson and delilah', 'eyes of the world', 'drums', 'spanish jam', 'the other one', 'stella blue', 'around and around', ""good lovin'"", 'day job']",bertha,42.2625621,-71.8018877
756,The Centrum,Worcester,USA,1983-10-21,1983,MA,"['music never stopped', 'loser', 'c.c. rider', 'cumberland blues', 'cassidy', 'ramble on rose', 'my brother esau', 'big railroad blues', 'promised land', 'scarlet begonias', 'fire on the mountain', ""uncle john's band"", ""playin' in the band"", 'drums', ""truckin'"", 'wharf rat', 'i need a miracle', 'touch of grey', 'johnny b. goode']",music never stopped,42.2625621,-71.8018877
757,Carrier Dome (Syracuse U),Syracuse,USA,1983-10-22,1983,NY,"['shakedown street', 'wang dang doodle', 'candyman', 'new minglewood blues', 'bird song', 'hell in a bucket', 'day job', 'china cat sunflower', 'i know you rider', 'man smart/woman smarter', 'terrapin station', 'drums', 'the wheel', ""throwin' stones"", 'not fade away', 'one more saturday night', 'revolution']",shakedown street,43.0481221,-76.1474244
758,Marin County Veteran's Auditorium,San Rafael,USA,1983-10-30,1983,CA,"['alabama getaway', 'greatest story ever told', 'friend of the devil', 'new minglewood blues', 'tennessee jed', 'cassidy', 'west l.a. fadeaway', 'hell in a bucket', 'might as well', 'bertha', 'samson and delilah', 'ship of fools', ""playin' in the band"", 'drums', ""truckin'"", 'spoonful', 'black peter', 'sugar magnolia', 'day job']",alabama getaway,37.9747795,-122.5316686
759,Marin County Veteran's Auditorium,San Rafael,USA,1983-10-31,1983,CA,"['wang dang doodle', 'my brother esau', 'peggy-o', 'little red rooster', 'brown eyed women', 'lost sailor', 'saint of circumstance', 'deal', 'help on the way', 'slipknot!', ""franklin's tower"", 'estimated prophet', 'eyes of the world', 'drums', 'st. stephen', ""throwin' stones"", 'not fade away', 'revolution']",wang dang doodle,37.9747795,-122.5316686
760,San Francisco Civic,San Francisco,USA,1983-12-27,1983,CA,"['cold rain and snow', 'c.c. rider', 'they love each other', 'beat it on down the line', 'althea', 'cassidy', 'west l.a. fadeaway', 'hell in a bucket', 'might as well', 'scarlet begonias', 'fire on the mountain', 'samson and delilah', ""he's gone"", 'drums', ""throwin' stones"", 'black peter', 'sugar magnolia', 'u.s. blues']",cold rain and snow,37.7879363,-122.4075201
761,San Francisco Civic,San Francisco,USA,1983-12-28,1983,CA,"['feel like a stranger', 'dire wolf', 'mama tried', 'mexicali blues', 'loser', 'new minglewood blues', 'bird song', 'china cat sunflower', 'i know you rider', ""playin' in the band"", 'drums', 'the wheel', 'the other one', 'stella blue', 'around and around', 'johnny b. goode', 'baby blue']",feel like a stranger,37.7879363,-122.4075201
762,San Francisco Civic,San Francisco,USA,1983-12-30,1983,CA,"['bertha', 'greatest story ever told', 'friend of the devil', 'me and my uncle', 'big river', 'ramble on rose', 'little red rooster', 'brown eyed women', 'looks like rain', 'deal', 'shakedown street', 'man smart/woman smarter', 'terrapin station', 'drums', ""truckin'"", 'heaven help jam', 'wharf rat', ""good lovin'"", 'day job']",bertha,37.7879363,-122.4075201
763,San Francisco Civic,San Francisco,USA,1983-12-31,1983,CA,"['jack straw', 'peggy-o', 'new minglewood blues', 'candyman', 'my brother esau', 'tennessee jed', 'hell in a bucket', ""don't ease me in"", 'sugar magnolia', 'touch of grey', 'estimated prophet', 'eyes of the world', 'drums', ""throwin' stones"", 'not fade away', 'brokedown palace', 'big boss man', 'iko iko', 'midnight hour', 'goodnight irene']",jack straw,37.7879363,-122.4075201
764,Marin County Veteran's Auditorium,San Rafael,USA,1984-03-28,1984,CA,"['iko iko', 'c.c. rider', 'loser', 'el paso', 'west l.a. fadeaway', 'beat it on down the line', 'candyman', 'let it grow', ""oh babe it ain't no lie"", 'hell in a bucket', 'china cat sunflower', 'i know you rider', ""playin' in the band"", ""don't need love"", 'drums', 'the wheel', ""truckin'"", 'spoonful', 'around and around', 'johnny b. goode', 'touch of grey']",iko iko,37.9747795,-122.5316686
765,Marin County Veteran's Auditorium,San Rafael,USA,1984-03-29,1984,CA,"[""walkin' the dog"", 'bertha', 'promised land', 'it must have been the roses', 'little red rooster', 'bird song', 'my brother esau', 'might as well', 'shakedown street', 'estimated prophet', 'eyes of the world', 'drums', 'spanish jam', 'the other one', 'wharf rat', 'sugar magnolia', 'day job']",walkin the dog,37.9747795,-122.5316686
766,Marin County Veteran's Auditorium,San Rafael,USA,1984-03-31,1984,CA,"['alabama getaway', 'feel like a stranger', ""dupree's diamond blues"", 'new minglewood blues', 'dire wolf', 'hell in a bucket', 'althea', 'looks like rain', 'deal', 'scarlet begonias', 'fire on the mountain', 'man smart/woman smarter', ""he's gone"", 'drums', 'blues for allah jam', ""throwin' stones"", 'not fade away', 'baby blue']",alabama getaway,37.9747795,-122.5316686
767,Marin County Veteran's Auditorium,San Rafael,USA,1984-04-01,1984,CA,"['jack straw', 'friend of the devil', 'me and my uncle', 'mexicali blues', 'big railroad blues', 'cassidy', 'tennessee jed', 'my brother esau', ""don't ease me in"", 'help on the way', 'slipknot!', ""franklin's tower"", 'samson and delilah', 'terrapin station', 'drums', 'morning dew', 'i need a miracle', ""goin' down the road feelin' bad"", ""good lovin'"", 'touch of grey']",jack straw,37.9747795,-122.5316686
768,Aladdin Theater,Las Vegas,USA,1984-04-06,1984,NV,"['bertha', 'greatest story ever told', 'they love each other', ""it's all over now"", 'brown eyed women', 'hell in a bucket', 'ramble on rose', 'music never stopped', 'might as well', 'china cat sunflower', 'i know you rider', 'lost sailor', 'saint of circumstance', 'drums', 'eyes of the world', ""truckin'"", 'black peter', 'sugar magnolia', 'u.s. blues']",bertha,36.1674263,-115.1484131
769,Irvine Meadows Amphitheater,Laguna Hills,USA,1984-04-07,1984,CA,"['feel like a stranger', 'west l.a. fadeaway', 'me and my uncle', 'mexicali blues', 'althea', 'c.c. rider', 'big railroad blues', 'my brother esau', 'touch of grey', 'iko iko', ""playin' in the band"", ""uncle john's band"", 'drums', 'spanish jam', 'the other one', ""throwin' stones"", 'wharf rat', 'not fade away', 'not fade away', 'one more saturday night']",feel like a stranger,33.5948758,-117.6882067
770,Hampton Roads Coliseum,Hampton,USA,1984-04-13,1984,VA,"['day job', 'new minglewood blues', 'dire wolf', 'beat it on down the line', 'west l.a. fadeaway', ""it's all over now"", 'bird song', 'hell in a bucket', ""don't ease me in"", 'scarlet begonias', 'fire on the mountain', 'estimated prophet', 'drums', 'the wheel', ""truckin'"", ""goin' down the road feelin' bad"", 'around and around', ""good lovin'"", 'u.s. blues']",day job,37.0264414,-76.3442846
771,Hampton Roads Coliseum,Hampton,USA,1984-04-14,1984,VA,"['feel like a stranger', 'they love each other', 'c.c. rider', 'brown eyed women', 'my brother esau', 'tennessee jed', 'let it grow', 'touch of grey', ""playin' in the band"", 'terrapin station', ""don't need love"", 'drums', 'morning dew', ""throwin' stones"", 'one more saturday night', 'baby blue']",feel like a stranger,37.0264414,-76.3442846
772,War Memorial Auditorium,Rochester,USA,1984-04-16,1984,NY,"['shakedown street', 'little red rooster', 'peggy-o', 'me and my uncle', 'mexicali blues', ""dupree's diamond blues"", 'cassidy', 'west l.a. fadeaway', 'might as well', 'hell in a bucket', 'ship of fools', 'far from me', ""he's gone"", 'drums', 'the other one', 'stella blue', 'around and around', 'johnny b. goode', 'day job']",shakedown street,43.157285,-77.615214
773,Niagara Falls Convention Center,Niagara Falls,USA,1984-04-17,1984,NY,"['jack straw', 'dire wolf', 'new minglewood blues', 'row jimmy', 'my brother esau', 'ramble on rose', 'looks like rain', 'deal', 'help on the way', 'slipknot!', ""franklin's tower"", 'man smart/woman smarter', 'eyes of the world', 'drums', 'black peter', ""throwin' stones"", 'not fade away', 'touch of grey']",jack straw,43.084841,-79.0701786
774,Philadelphia Civic Center,Philadelphia,USA,1984-04-19,1984,PA,"['bertha', 'greatest story ever told', 'loser', 'c.c. rider', 'bird song', 'hell in a bucket', 'big railroad blues', 'music never stopped', ""don't ease me in"", 'china cat sunflower', 'i know you rider', 'estimated prophet', 'terrapin station', 'drums', 'the wheel', 'wharf rat', 'sugar magnolia', 'baby blue']",bertha,39.9527237,-75.1635262
775,Philadelphia Civic Center,Philadelphia,USA,1984-04-20,1984,PA,"['feel like a stranger', 'cold rain and snow', 'beat it on down the line', 'cumberland blues', 'little red rooster', 'brown eyed women', 'my brother esau', 'it must have been the roses', 'let it grow', 'scarlet begonias', 'fire on the mountain', 'samson and delilah', 'drums', 'i need a miracle', 'morning dew', 'around and around', 'johnny b. goode', 'day job']",feel like a stranger,39.9527237,-75.1635262
776,Philadelphia Civic Center,Philadelphia,USA,1984-04-21,1984,PA,"['alabama getaway', 'promised land', 'friend of the devil', 'me and my uncle', 'mexicali blues', 'west l.a. fadeaway', 'new minglewood blues', 'tennessee jed', 'looks like rain', 'deal', 'help on the way', 'slipknot!', ""franklin's tower"", ""playin' in the band"", 'china doll', ""don't need love"", 'drums', 'wharf rat', ""throwin' stones"", 'not fade away', 'brokedown palace']",alabama getaway,39.9527237,-75.1635262
777,Veterans' Memorial Coliseum,New Haven,USA,1984-04-23,1984,CT,"['jack straw', 'sugaree', 'cassidy', ""dupree's diamond blues"", 'hell in a bucket', 'might as well', 'iko iko', 'lost sailor', 'saint of circumstance', ""uncle john's band"", 'only a fool', 'drums', 'spanish jam', ""truckin'"", 'black peter', 'around and around', ""good lovin'"", 'day job']",jack straw,41.3082138,-72.9250518
778,Veterans' Memorial Coliseum,New Haven,USA,1984-04-24,1984,CT,"['bertha', 'greatest story ever told', 'candyman', 'little red rooster', 'bird song', 'my brother esau', 'ramble on rose', ""it's all over now"", ""don't ease me in"", 'china cat sunflower', 'i know you rider', 'man smart/woman smarter', ""he's gone"", 'drums', 'the other one', 'stella blue', 'sugar magnolia', 'u.s. blues']",bertha,41.3082138,-72.9250518
779,Providence Civic Center,Providence,USA,1984-04-26,1984,RI,"['shakedown street', 'c.c. rider', 'loser', 'hell in a bucket', 'brown eyed women', ""lazy lightnin'"", 'supplication', 'deal', 'scarlet begonias', 'fire on the mountain', 'estimated prophet', 'eyes of the world', 'good time blues', 'drums', 'morning dew', ""throwin' stones"", 'not fade away', 'baby blue']",shakedown street,41.8239891,-71.4128343
780,Providence Civic Center,Providence,USA,1984-04-27,1984,RI,"['alabama getaway', 'promised land', 'dire wolf', 'new minglewood blues', 'row jimmy', 'me and my uncle', 'big river', 'althea', 'my brother esau', 'big railroad blues', 'music never stopped', ""playin' in the band"", 'china doll', 'high time', 'man smart/woman smarter', 'drums', 'the wheel', 'wharf rat', 'around and around', 'johnny b. goode', 'touch of grey']",alabama getaway,41.8239891,-71.4128343
781,Nassau Coliseum,Uniondale,USA,1984-04-29,1984,NY,"['feel like a stranger', 'friend of the devil', 'c.c. rider', 'bird song', 'hell in a bucket', 'west l.a. fadeaway', 'cassidy', 'ramble on rose', 'let it grow', 'china cat sunflower', 'i know you rider', 'samson and delilah', 'terrapin station', ""don't need love"", 'drums', ""truckin'"", 'stella blue', 'sugar magnolia', 'day job']",feel like a stranger,40.7157545,-73.5898872
782,Nassau Coliseum,Uniondale,USA,1984-04-30,1984,NY,"['iko iko', 'greatest story ever told', 'althea', 'new minglewood blues', 'row jimmy', 'my brother esau', 'deal', 'i need a miracle', 'bertha', 'looks like rain', ""he's gone"", 'drums', 'the other one', 'china doll', ""throwin' stones"", 'not fade away', 'brokedown palace']",iko iko,40.7157545,-73.5898872
783,Silva Hall (Hult Center),Eugene,USA,1984-05-06,1984,OR,"['hell in a bucket', 'dire wolf', 'little red rooster', ""dupree's diamond blues"", 'cassidy', 'west l.a. fadeaway', 'beat it on down the line', 'touch of grey', ""uncle john's band"", 'samson and delilah', 'ship of fools', ""playin' in the band"", 'china doll', 'drums', ""truckin'"", 'spoonful', 'black peter', 'around and around', ""playin' in the band"", 'day job']",hell in a bucket,44.0505054,-123.0950506
784,Silva Hall (Hult Center),Eugene,USA,1984-05-07,1984,OR,"['iko iko', 'c.c. rider', 'loser', 'mama tried', 'big river', 'bird song', 'my brother esau', 'deal', 'china cat sunflower', 'i know you rider', 'estimated prophet', 'eyes of the world', 'drums', 'the wheel', ""throwin' stones"", 'not fade away', 'baby blue']",iko iko,44.0505054,-123.0950506
785,Silva Hall (Hult Center),Eugene,USA,1984-05-08,1984,OR,"['jack straw', 'cold rain and snow', 'new minglewood blues', 'candyman', 'me and my uncle', 'mexicali blues', 'tennessee jed', 'looks like rain', 'might as well', 'scarlet begonias', 'touch of grey', 'man smart/woman smarter', 'terrapin station', 'drums', 'the other one', 'wharf rat', 'i need a miracle', 'morning dew', 'sugar magnolia', 'brokedown palace']",jack straw,44.0505054,-123.0950506
786,California Exposition Amphitheater,Sacramento,USA,1984-06-09,1984,CA,"['iko iko', 'hell in a bucket', 'loser', 'cassidy', ""dupree's diamond blues"", 'c.c. rider', 'deal', 'i need a miracle', 'bertha', ""playin' in the band"", 'china doll', 'drums', ""playin' in the band"", 'black peter', 'sugar magnolia', 'one more saturday night', 'day job']",iko iko,38.5810606,-121.493895
787,California Exposition Amphitheater,Sacramento,USA,1984-06-10,1984,CA,"['feel like a stranger', 'they love each other', 'beat it on down the line', 'dire wolf', 'my brother esau', 'bird song', 'new minglewood blues', 'might as well', 'china cat sunflower', 'i know you rider', 'samson and delilah', ""he's gone"", ""don't need love"", 'drums', ""truckin'"", ""throwin' stones"", 'not fade away', 'brokedown palace']",feel like a stranger,38.5810606,-121.493895
788,Red Rocks Amphitheater,Morrison,USA,1984-06-12,1984,CO,"['alabama getaway', 'greatest story ever told', 'friend of the devil', 'little red rooster', 'big railroad blues', 'me and my uncle', 'mexicali blues', 'althea', 'looks like rain', 'might as well', 'scarlet begonias', 'touch of grey', 'estimated prophet', 'eyes of the world', 'drums', 'the other one', 'wharf rat', 'around and around', 'johnny b. goode', 'u.s. blues']",alabama getaway,39.6535988,-105.191099
789,Red Rocks Amphitheater,Morrison,USA,1984-06-13,1984,CO,"['hell in a bucket', 'candyman', 'c.c. rider', 'ramble on rose', 'my brother esau', 'cold rain and snow', ""don't ease me in"", 'china cat sunflower', 'i know you rider', 'man smart/woman smarter', 'ship of fools', 'let it grow', 'drums', 'the wheel', 'i need a miracle', 'stella blue', 'sugar magnolia', 'baby blue']",hell in a bucket,39.6535988,-105.191099
790,Red Rocks Amphitheater,Morrison,USA,1984-06-14,1984,CO,"['iko iko', 'cassidy', 'it must have been the roses', 'new minglewood blues', 'brown eyed women', 'jack straw', 'day job', 'shakedown street', ""playin' in the band"", 'dear mr. fantasy', 'drums', ""playin' in the band"", 'black peter', ""throwin' stones"", 'not fade away', 'u.s. blues']",iko iko,39.6535988,-105.191099
791,Kingswood Theater,Maple,Canada,1984-06-21,1984,,"['hell in a bucket', 'they love each other', 'c.c. rider', 'bird song', 'beat it on down the line', ""dupree's diamond blues"", 'looks like rain', 'might as well', 'scarlet begonias', 'fire on the mountain', 'good time blues', 'samson and delilah', 'terrapin station', 'drums', 'the wheel', ""throwin' stones"", 'not fade away', 'new orleans', 'big boss man', 'iko iko']",hell in a bucket,44.6630673,-63.5345793
792,City Island,Harrisburg,USA,1984-06-23,1984,PA,"['alabama getaway', 'promised land', 'peggy-o', 'little red rooster', 'brown eyed women', 'my brother esau', 'big railroad blues', 'music never stopped', ""don't ease me in"", 'touch of grey', 'estimated prophet', 'eyes of the world', 'drums', ""truckin'"", 'black peter', 'around and around', ""goin' down the road feelin' bad"", 'one more saturday night', 'day job']",alabama getaway,40.2663107,-76.8861122
793,Saratoga Performing Arts Center,Saratoga Springs,USA,1984-06-24,1984,NY,"[""dancin' in the streets"", 'dire wolf', 'new minglewood blues', 'candyman', 'me and my uncle', 'mexicali blues', 'ramble on rose', 'hell in a bucket', 'deal', 'i need a miracle', 'bertha', ""playin' in the band"", 'china doll', 'samson and delilah', 'drums', 'the other one', 'wharf rat', 'sugar magnolia', 'satisfaction', 'baby blue']",dancin in the streets,43.0822315,-73.785373
794,Merriweather Post Pavilion,Columbia,USA,1984-06-26,1984,MD,"['casey jones', 'feel like a stranger', 'althea', 'cassidy', 'tennessee jed', 'looks like rain', 'might as well', 'china cat sunflower', 'i know you rider', 'man smart/woman smarter', ""he's gone"", 'drums', ""don't need love"", ""truckin'"", 'wang dang doodle', 'stella blue', 'around and around', ""good lovin'"", 'day job']",casey jones,39.1938429,-76.8646092
795,Merriweather Post Pavilion,Columbia,USA,1984-06-27,1984,MD,"['jack straw', 'friend of the devil', 'little red rooster', 'cumberland blues', 'my brother esau', 'loser', 'let it grow', 'help on the way', 'slipknot!', ""franklin's tower"", 'estimated prophet', 'eyes of the world', ""why don't we do it in the road"", 'drums', 'morning dew', ""throwin' stones"", 'not fade away', 'brokedown palace']",jack straw,39.1938429,-76.8646092
796,Blossom Music Center,Cuyahoga Falls,USA,1984-06-29,1984,OH,"['bertha', 'greatest story ever told', 'they love each other', 'c.c. rider', 'bird song', 'hell in a bucket', 'west l.a. fadeaway', 'music never stopped', ""don't ease me in"", 'scarlet begonias', 'touch of grey', 'dear mr. fantasy', 'man smart/woman smarter', 'drums', 'the wheel', 'the other one', 'black peter', 'around and around', 'johnny b. goode', 'u.s. blues']",bertha,41.1362729,-81.4828123
797,Sports and Music Center,Indianapolis,USA,1984-06-30,1984,IN,"['jack straw', 'dire wolf', 'new minglewood blues', ""dupree's diamond blues"", 'far from me', 'my brother esau', 'ramble on rose', 'lost sailor', 'saint of circumstance', 'deal', 'shakedown street', ""playin' in the band"", 'terrapin station', 'drums', ""playin' in the band"", ""truckin'"", 'spoonful', 'stella blue', ""goin' down the road feelin' bad"", 'one more saturday night', 'day job']",jack straw,39.7683331,-86.1583502
799,Starlight Theater,Kansas City,USA,1984-07-03,1984,MO,"['alabama getaway', 'promised land', 'candyman', 'cassidy', 'west l.a. fadeaway', 'my brother esau', 'loser', 'looks like rain', 'deal', 'scarlet begonias', 'touch of grey', 'fire on the mountain', 'scarlet begonias', ""don't need love"", 'drums', 'the wheel', ""throwin' stones"", 'not fade away', 'day job']",alabama getaway,39.100105,-94.5781416
800,Five Seasons Center,Cedar Rapids,USA,1984-07-04,1984,IA,"['feel like a stranger', 'friend of the devil', 'c.c. rider', 'cumberland blues', 'beat it on down the line', 'row jimmy', 'hell in a bucket', ""don't ease me in"", 'help on the way', 'slipknot!', ""franklin's tower"", 'far from me', 'estimated prophet', ""he's gone"", 'drums', ""truckin'"", 'wharf rat', 'around and around', ""good lovin'"", 'u.s. blues']",feel like a stranger,41.9758872,-91.6704053
801,Alpine Valley Music Theater,East Troy,USA,1984-07-06,1984,WI,"['iko iko', 'jack straw', 'big railroad blues', 'little red rooster', 'candyman', 'me and my uncle', 'mexicali blues', 'bird song', 'let it grow', 'china cat sunflower', 'i know you rider', 'ship of fools', 'man smart/woman smarter', 'drums', 'dear mr. fantasy', 'the other one', 'black peter', ""why don't we do it in the road"", 'around jam', 'sugar magnolia', 'touch of grey']",iko iko,42.7851871,-88.4054374
802,Alpine Valley Music Theater,East Troy,USA,1984-07-07,1984,WI,"['hell in a bucket', 'dire wolf', 'new minglewood blues', ""dupree's diamond blues"", 'my brother esau', 'brown eyed women', 'looks like rain', 'might as well', 'samson and delilah', 'cold rain and snow', ""playin' in the band"", 'china doll', 'drums', 'terrapin station', ""throwin' stones"", 'not fade away', 'turn on your love light', 'not fade away', 'brokedown palace']",hell in a bucket,42.7851871,-88.4054374
803,Greek Theater (U of California),Berkeley,USA,1984-07-13,1984,CA,"['bertha', 'greatest story ever told', 'dire wolf', 'c.c. rider', 'loser', 'cassidy', ""dupree's diamond blues"", 'hell in a bucket', 'might as well', 'scarlet begonias', 'touch of grey', 'fire on the mountain', 'man smart/woman smarter', 'drums', 'the wheel', 'i need a miracle', 'stella blue', 'sugar magnolia', 'dark star']",bertha,37.8708393,-122.272863
804,Greek Theater (U of California),Berkeley,USA,1984-07-14,1984,CA,"['jack straw', 'west l.a. fadeaway', 'little red rooster', 'tennessee jed', 'beat it on down the line', 'big railroad blues', 'looks like rain', ""don't ease me in"", 'help on the way', 'slipknot!', ""franklin's tower"", 'estimated prophet', 'eyes of the world', 'drums', ""truckin'"", 'wharf rat', ""goin' down the road feelin' bad"", 'one more saturday night', 'day job']",jack straw,37.8708393,-122.272863
805,Greek Theater (U of California),Berkeley,USA,1984-07-15,1984,CA,"[""dancin' in the streets"", 'bird song', 'new minglewood blues', 'cumberland blues', 'my brother esau', 'ramble on rose', 'hell in a bucket', ""why don't we do it in the road"", 'china cat sunflower', 'i know you rider', ""playin' in the band"", ""uncle john's band"", ""don't need love"", 'drums', 'china doll', ""throwin' stones"", 'not fade away', 'brokedown palace', 'johnny b. goode']",dancin in the streets,37.8708393,-122.272863
806,Ventura County Fairgrounds,Ventura,USA,1984-07-21,1984,CA,"['shakedown street', 'little red rooster', 'althea', 'me and my uncle', 'mexicali blues', 'china cat sunflower', 'i know you rider', 'looks like rain', 'might as well', 'cold rain and snow', 'far from me', ""truckin'"", 'eyes of the world', 'drums', 'the other one', 'stella blue', 'around and around', 'one more saturday night', 'touch of grey']",shakedown street,34.4458248,-119.0779359
807,Ventura County Fairgrounds,Ventura,USA,1984-07-22,1984,CA,"[""dancin' in the streets"", 'bertha', 'my brother esau', 'loser', 'cassidy', 'ramble on rose', 'hell in a bucket', 'day job', 'samson and delilah', 'ship of fools', 'i just wanna make love to you', 'man smart/woman smarter', 'terrapin station', 'drums', 'morning dew', ""throwin' stones"", 'not fade away', 'midnight hour', 'brokedown palace']",dancin in the streets,34.4458248,-119.0779359
808,Charlotte Coliseum,Charlotte,USA,1984-10-05,1984,NC,"['bertha', 'promised land', 'west l.a. fadeaway', 'little red rooster', ""dupree's diamond blues"", 'my brother esau', 'brown eyed women', 'feel like a stranger', 'might as well', 'china cat sunflower', 'i know you rider', 'estimated prophet', 'eyes of the world', 'drums', 'the other one', 'black peter', 'sugar magnolia', 'johnny b. goode', 'baby blue']",bertha,35.2272086,-80.8430827
809,Richmond Coliseum,Richmond,USA,1984-10-06,1984,VA,"['hell in a bucket', 'dire wolf', 'cassidy', 'they love each other', 'new minglewood blues', 'tennessee jed', 'looks like rain', ""don't ease me in"", 'scarlet begonias', 'fire on the mountain', ""playin' in the band"", 'china doll', 'drums', ""throwin' stones"", ""goin' down the road feelin' bad"", 'one more saturday night', 'day job']",hell in a bucket,37.5385087,-77.43428
810,The Centrum,Worcester,USA,1984-10-08,1984,MA,"['iko iko', 'beat it on down the line', 'candyman', 'c.c. rider', 'bird song', ""lazy lightnin'"", 'supplication', 'deal', 'terrapin station', 'samson and delilah', 'i just wanna make love to you', 'i need a miracle', 'drums', ""truckin'"", 'wharf rat', 'not fade away', 'u.s. blues']",iko iko,42.2625621,-71.8018877
811,The Centrum,Worcester,USA,1984-10-09,1984,MA,"[""dancin' in the streets"", 'friend of the devil', 'me and my uncle', 'mexicali blues', 'althea', 'my brother esau', 'big railroad blues', 'let it grow', 'help on the way', 'slipknot!', ""franklin's tower"", 'jack straw', ""he's gone"", ""smokestack lightnin'"", 'drums', 'the wheel', ""throwin' stones"", 'stella blue', 'around and around', 'johnny b. goode', 'revolution']",dancin in the streets,42.2625621,-71.8018877
812,Augusta Civic Center,Augusta,USA,1984-10-11,1984,ME,"['shakedown street', 'greatest story ever told', 'peggy-o', 'mama tried', 'big river', 'ramble on rose', 'looks like rain', 'might as well', 'hell in a bucket', 'touch of grey', 'man smart/woman smarter', 'ship of fools', ""playin' in the band"", 'drums', 'dear mr. fantasy', 'black peter', 'sugar magnolia', 'day job']",shakedown street,44.3148027,-69.7743945
813,Augusta Civic Center,Augusta,USA,1984-10-12,1984,ME,"['feel like a stranger', 'it must have been the roses', 'on the road again', 'jack-a-roe', ""it's all over now"", 'cumberland blues', 'music never stopped', 'cold rain and snow', 'lost sailor', 'saint of circumstance', ""don't need love"", ""uncle john's band"", 'drums', ""playin' in the band"", ""uncle john's band"", 'morning dew', ""good lovin'""]",feel like a stranger,44.3148027,-69.7743945
814,Hartford Civic Center,Hartford,USA,1984-10-14,1984,CT,"['alabama getaway', 'greatest story ever told', 'dire wolf', 'little red rooster', ""dupree's diamond blues"", 'my brother esau', 'loser', 'new minglewood blues', 'row jimmy', 'i need a miracle', 'might as well', 'china cat sunflower', 'i know you rider', 'samson and delilah', 'high time', 'estimated prophet', 'eyes of the world', 'drums', 'china doll', ""throwin' stones"", 'not fade away', 'turn on your love light']",alabama getaway,41.764582,-72.6908547
815,Hartford Civic Center,Hartford,USA,1984-10-15,1984,CT,"['hell in a bucket', 'sugaree', 'el paso', 'bird song', 'c.c. rider', 'tennessee jed', 'jack straw', 'day job', 'scarlet begonias', 'fire on the mountain', ""playin' in the band"", 'drums', 'the wheel', 'wharf rat', ""playin' in the band"", 'sugar magnolia', 'baby blue']",hell in a bucket,41.764582,-72.6908547
816,Brendan Byrne Arena,East Rutherford,USA,1984-10-17,1984,NJ,"['iko iko', 'promised land', 'west l.a. fadeaway', 'my brother esau', 'brown eyed women', 'new minglewood blues', 'row jimmy', 'looks like rain', 'might as well', 'help on the way', 'slipknot!', ""franklin's tower"", 'man smart/woman smarter', 'terrapin station', 'drums', 'the other one', ""truckin'"", ""nobody's jam"", 'stella blue', ""goin' down the road feelin' bad"", 'brokedown palace']",iko iko,40.833989,-74.0970865
817,Brendan Byrne Arena,East Rutherford,USA,1984-10-18,1984,NJ,"['feel like a stranger', 'candyman', 'little red rooster', 'big railroad blues', 'cassidy', 'althea', 'hell in a bucket', ""dancin' in the streets"", 'touch of grey', ""playin' in the band"", ""uncle john's band"", 'china doll', 'drums', ""playin' in the band"", ""throwin' stones"", 'not fade away', 'baby blue']",feel like a stranger,40.833989,-74.0970865
818,Carrier Dome (Syracuse U),Syracuse,USA,1984-10-20,1984,NY,"['bertha', 'greatest story ever told', 'west l.a. fadeaway', 'c.c. rider', 'ramble on rose', 'my brother esau', 'bird song', 'jack straw', 'shakedown street', 'samson and delilah', ""he's gone"", ""smokestack lightnin'"", 'drums', 'the wheel', 'the other one', 'black peter', 'turn on your love light', 'revolution']",bertha,43.0481221,-76.1474244
819,Berkeley Community Theater,Berkeley,USA,1984-10-27,1984,CA,"['hell in a bucket', 'sugaree', ""it's all over now"", 'candyman', 'me and my uncle', 'mexicali blues', ""dupree's diamond blues"", 'beat it on down the line', 'might as well', 'china cat sunflower', 'i know you rider', 'man smart/woman smarter', ""he's gone"", 'wang dang doodle', ""don't need love"", 'drums', ""truckin'"", 'black peter', ""goin' down the road feelin' bad"", 'one more saturday night', 'day job']",hell in a bucket,37.8708393,-122.272863
820,Berkeley Community Theater,Berkeley,USA,1984-10-28,1984,CA,"['cold rain and snow', 'my brother esau', 'althea', 'c.c. rider', 'bird song', 'looks like rain', 'deal', 'terrapin station', ""playin' in the band"", 'china doll', 'drums', 'the wheel', ""throwin' stones"", 'not fade away', 'baby blue']",cold rain and snow,37.8708393,-122.272863
821,Berkeley Community Theater,Berkeley,USA,1984-10-30,1984,CA,"[""dancin' in the streets"", 'dire wolf', 'little red rooster', 'brown eyed women', 'cassidy', 'tennessee jed', 'let it grow', 'scarlet begonias', 'fire on the mountain', 'far from me', 'estimated prophet', 'eyes of the world', 'drums', 'the other one', 'stella blue', 'sugar magnolia', 'u.s. blues']",dancin in the streets,37.8708393,-122.272863
822,Berkeley Community Theater,Berkeley,USA,1984-10-31,1984,CA,"['shakedown street', 'mama tried', 'big river', 'ramble on rose', 'new minglewood blues', 'big railroad blues', ""lazy lightnin'"", 'supplication', ""don't ease me in"", 'touch of grey', 'samson and delilah', 'ship of fools', 'i need a miracle', ""ain't superstitious"", ""he's gone"", 'drums', 'heaven help jam', 'morning dew', 'around and around', 'one more saturday night', 'satisfaction']",shakedown street,37.8708393,-122.272863
823,Berkeley Community Theater,Berkeley,USA,1984-11-02,1984,CA,"['jack straw', 'peggy-o', 'el paso', 'loser', ""smokestack lightnin'"", 'spoonful', ""smokestack lightnin'"", 'iko iko', 'help on the way', 'slipknot!', ""franklin's tower"", 'lost sailor', 'saint of circumstance', 'wharf rat', ""gimme some lovin'"", 'drums', ""playin' in the band"", 'bertha', ""good lovin'"", 'casey jones']",jack straw,37.8708393,-122.272863
824,Berkeley Community Theater,Berkeley,USA,1984-11-03,1984,CA,"['alabama getaway', 'promised land', 'friend of the devil', 'down in the bottom', 'it must have been the roses', 'music never stopped', 'deal', 'feel like a stranger', 'cumberland blues', 'gloria', ""why don't we do it in the road"", 'drums', ""uncle john's band"", 'dear mr. fantasy', ""throwin' stones"", 'turn on your love light', 'brokedown palace']",alabama getaway,37.8708393,-122.272863
825,San Francisco Civic,San Francisco,USA,1984-12-28,1984,CA,"['touch of grey', 'greatest story ever told', 'dire wolf', 'tons of steel', 'down in the bottom', ""ain't superstitious"", ""dupree's diamond blues"", 'me and my uncle', 'mexicali blues', 'west l.a. fadeaway', 'might as well', 'china cat sunflower', 'i know you rider', 'looks like rain', ""he's gone"", 'spoonful', 'drums', 'the other one', 'wharf rat', 'sugar magnolia', 'day tripper']",touch of grey,37.7879363,-122.4075201
826,San Francisco Civic,San Francisco,USA,1984-12-29,1984,CA,"['one more saturday night', 'friend of the devil', 'my brother esau', 'big railroad blues', 'cassidy', 'althea', 'let it grow', 'samson and delilah', 'terrapin station', ""playin' in the band"", 'drums', ""truckin'"", 'stella blue', 'not fade away', 'brokedown palace']",one more saturday night,37.7879363,-122.4075201
827,San Francisco Civic,San Francisco,USA,1984-12-31,1984,CA,"['shakedown street', 'new minglewood blues', 'peggy-o', 'jack straw', 'bird song', 'hell in a bucket', ""don't ease me in"", 'sugar magnolia', 'scarlet begonias', 'fire on the mountain', 'man smart/woman smarter', 'drums', 'spanish jam', 'the wheel', ""throwin' stones"", 'turn on your love light', ""gimme some lovin'"", ""uncle john's band"", 'around and around', 'baby blue']",shakedown street,37.7879363,-122.4075201
828,Henry J. Kaiser Convention Center,Oakland,USA,1985-02-18,1985,CA,"['iko iko', 'c.c. rider', 'dire wolf', 'cassidy', 'ramble on rose', 'me and my uncle', 'mexicali blues', 'china cat sunflower', 'i know you rider', 'samson and delilah', ""he's gone"", 'spoonful', 'eyes of the world', ""goin' down the road feelin' bad"", 'drums', 'china doll', 'baby what you want me to do', 'sugar magnolia', 'day job']",iko iko,37.8044557,-122.271356
829,Henry J. Kaiser Convention Center,Oakland,USA,1985-02-19,1985,CA,"['jack straw', ""dupree's diamond blues"", 'new minglewood blues', 'brown eyed women', 'my brother esau', 'bird song', 'hell in a bucket', 'might as well', ""truckin'"", 'terrapin station', 'man smart/woman smarter', 'drums', ""throwin' stones"", 'touch of grey', 'johnny b. goode']",jack straw,37.8044557,-122.271356
830,Henry J. Kaiser Convention Center,Oakland,USA,1985-02-20,1985,CA,"['cold rain and snow', 'day tripper', 'west l.a. fadeaway', 'mama tried', 'big river', 'tennessee jed', 'looks like rain', ""don't ease me in"", 'scarlet begonias', 'fire on the mountain', ""playin' in the band"", 'drums', 'the wheel', 'black peter', 'turn on your love light', 'u.s. blues']",cold rain and snow,37.8044557,-122.271356
831,Berkeley Community Theater,Berkeley,USA,1985-03-09,1985,CA,"['bertha', 'one more saturday night', 'sugaree', ""it's all over now"", 'row jimmy', 'let it grow', 'china cat sunflower', 'cumberland blues', 'i need a miracle', 'eyes of the world', 'drums', 'the other one', 'the wheel', 'sugar magnolia', 'baby blue']",bertha,37.8708393,-122.272863
832,Berkeley Community Theater,Berkeley,USA,1985-03-10,1985,CA,"['feel like a stranger', 'peggy-o', 'c.c. rider', 'bird song', 'hell in a bucket', 'big railroad blues', 'samson and delilah', 'terrapin station', ""truckin'"", ""smokestack lightnin'"", 'drums', 'stella blue', ""goin' down the road feelin' bad"", 'around and around', 'johnny b. goode', 'day job']",feel like a stranger,37.8708393,-122.272863
833,Berkeley Community Theater,Berkeley,USA,1985-03-12,1985,CA,"['iko iko', 'little red rooster', ""dupree's diamond blues"", 'me and my uncle', 'big river', 'west l.a. fadeaway', 'looks like rain', ""don't ease me in"", 'touch of grey', ""playin' in the band"", 'drums', ""he's gone"", ""throwin' stones"", 'not fade away', 'turn on your love light', 'u.s. blues']",iko iko,37.8708393,-122.272863
834,Berkeley Community Theater,Berkeley,USA,1985-03-13,1985,CA,"['comments: rex foundation benefit', 'hamza el-din, matt kelly', 'jack straw', 'althea', 'mama tried', 'mexicali blues', 'friend of the devil', 'new minglewood blues', 'deal', 'music never stopped', ""franklin's tower"", 'estimated prophet', 'spoonful', 'drums', 'ollin arrageed', 'man smart/woman smarter', 'black peter', ""good lovin'"", 'brokedown palace']",comments: rex foundation benefit,37.8708393,-122.272863
835,Hampton Roads Coliseum,Hampton,USA,1985-03-21,1985,VA,"['alabama getaway', 'greatest story ever told', 'they love each other', 'el paso', 'tennessee jed', ""ain't superstitious"", 'down in the bottom', ""dupree's diamond blues"", 'looks like rain', 'might as well', 'china cat sunflower', 'i know you rider', ""playin' in the band"", 'drums', 'the wheel', 'the other one', 'wharf rat', 'around and around', 'johnny b. goode', 'day job']",alabama getaway,37.0264414,-76.3442846
836,Hampton Roads Coliseum,Hampton,USA,1985-03-22,1985,VA,"['feel like a stranger', 'cold rain and snow', 'c.c. rider', 'brown eyed women', 'cassidy', 'big railroad blues', 'my brother esau', ""don't ease me in"", 'scarlet begonias', 'hell in a bucket', 'ship of fools', 'terrapin station', 'drums', 'spanish jam', ""truckin'"", ""smokestack lightnin'"", 'black peter', 'sugar magnolia', 'baby blue']",feel like a stranger,37.0264414,-76.3442846
837,Springfield Civic Center,Springfield,USA,1985-03-24,1985,MA,"['bertha', 'promised land', 'althea', 'me and my uncle', 'mexicali blues', 'ramble on rose', 'new minglewood blues', 'deal', 'samson and delilah', 'cumberland blues', 'man smart/woman smarter', ""he's gone"", 'spoonful', 'drums', 'dear mr. fantasy', ""throwin' stones"", 'not fade away', 'u.s. blues']",bertha,42.1018764,-72.5886727
838,Springfield Civic Center,Springfield,USA,1985-03-25,1985,MA,"['jack straw', 'sugaree', 'little red rooster', 'bird song', ""it's all over now"", 'it must have been the roses', 'let it grow', 'help on the way', 'slipknot!', ""franklin's tower"", 'estimated prophet', 'eyes of the world', 'drums', 'i need a miracle', 'china doll', ""goin' down the road feelin' bad"", ""good lovin'"", 'day job']",jack straw,42.1018764,-72.5886727
839,Nassau Coliseum,Uniondale,USA,1985-03-27,1985,NY,"['mississippi half-step', 'hell in a bucket', 'west l.a. fadeaway', 'mama tried', 'big river', ""tom thumb's blues"", 'brown eyed women', 'tons of steel', 'might as well', 'shakedown street', ""uncle john's band"", ""playin' in the band"", 'drums', 'stella blue', 'turn on your love light', 'touch of grey']",mississippi half-step,40.7157545,-73.5898872
840,Nassau Coliseum,Uniondale,USA,1985-03-28,1985,NY,"[""truckin'"", ""smokestack lightnin'"", 'high time', 'el paso', 'peggy-o', 'cassidy', 'china cat sunflower', 'i know you rider', 'scarlet begonias', 'fire on the mountain', 'looks like rain', 'drums', ""gimme some lovin'"", 'the other one', 'black peter', 'sugar magnolia', 'day job']",truckin,40.7157545,-73.5898872
841,Nassau Coliseum,Uniondale,USA,1985-03-29,1985,NY,"['cold rain and snow', 'down in the bottom', ""ain't superstitious"", 'friend of the devil', 'supplication', 'my brother esau', 'tennessee jed', 'new minglewood blues', ""don't ease me in"", 'terrapin station', 'man smart/woman smarter', ""goin' down the road feelin' bad"", 'baby what you want me to do', 'drums', 'wharf rat', ""throwin' stones"", 'johnny b. goode', 'brokedown palace']",cold rain and snow,40.7157545,-73.5898872
842,Cumberland County Civic Center,Portland,USA,1985-03-31,1985,ME,"['music never stopped', 'candyman', 'c.c. rider', 'loser', 'beat it on down the line', ""dupree's diamond blues"", ""it's all over now"", ""don't ease me in"", 'iko iko', 'samson and delilah', ""he's gone"", 'i need a miracle', 'china doll', 'drums', 'the wheel', ""playin' in the band"", 'day tripper', 'u.s. blues']",music never stopped,43.6573605,-70.2586618
843,Cumberland County Civic Center,Portland,USA,1985-04-01,1985,ME,"['bertha', 'greatest story ever told', 'west l.a. fadeaway', 'little red rooster', 'bird song', ""tom thumb's blues"", 'looks like rain', 'might as well', 'china cat sunflower', 'i know you rider', 'estimated prophet', 'eyes of the world', 'drums', 'the other one', 'stella blue', 'around and around', 'not fade away', 'baby blue']",bertha,43.6573605,-70.2586618
844,Providence Civic Center,Providence,USA,1985-04-03,1985,RI,"['hell in a bucket', 'sugaree', 'me and my uncle', 'mexicali blues', 'ramble on rose', 'down in the bottom', ""ain't superstitious"", 'row jimmy', 'let it grow', 'terrapin station', 'man smart/woman smarter', 'ship of fools', ""truckin'"", 'spoonful', 'drums', 'wharf rat', ""throwin' stones"", 'sugar magnolia', 'day job']",hell in a bucket,41.8239891,-71.4128343
845,Providence Civic Center,Providence,USA,1985-04-04,1985,RI,"['alabama getaway', 'jack straw', 'dire wolf', 'el paso', 'she belongs to me', 'my brother esau', 'friend of the devil', 'lost sailor', 'saint of circumstance', 'deal', 'i need a miracle', 'crazy fingers', 'samson and delilah', ""he's gone"", ""goin' down the road feelin' bad"", 'drums', 'the wheel', 'black peter', 'around and around', 'turn on your love light', 'u.s. blues']",alabama getaway,41.8239891,-71.4128343
846,The Spectrum,Philadelphia,USA,1985-04-06,1985,PA,"['feel like a stranger', 'they love each other', 'new minglewood blues', ""dupree's diamond blues"", 'mama tried', 'big river', 'big railroad blues', 'looks like rain', ""don't ease me in"", 'china cat sunflower', 'i know you rider', ""playin' in the band"", ""uncle john's band"", 'drums', 'the other one', ""throwin' stones"", 'not fade away', 'one more saturday night']",feel like a stranger,39.9527237,-75.1635262
847,The Spectrum,Philadelphia,USA,1985-04-07,1985,PA,"[""why don't we do it in the road"", 'mississippi half-step', 'c.c. rider', 'bird song', ""dancin' in the streets"", 'deal', 'shakedown street', 'samson and delilah', 'she belongs to me', 'man smart/woman smarter', 'drums', ""gimme some lovin'"", ""truckin'"", ""smokestack lightnin'"", 'morning dew', 'sugar magnolia', 'day job']",why dont we do it in the road,39.9527237,-75.1635262
848,The Spectrum,Philadelphia,USA,1985-04-08,1985,PA,"['midnight hour', ""walkin' the dog"", 'big boss man', 'me and my uncle', 'cumberland blues', 'down in the bottom', ""ain't superstitious"", 'althea', 'tons of steel', 'supplication', 'might as well', 'revolution', 'hell in a bucket', 'touch of grey', 'estimated prophet', 'eyes of the world', 'drums', ""goin' down the road feelin' bad"", 'stella blue', 'around and around', 'turn on your love light', 'brokedown palace']",midnight hour,39.9527237,-75.1635262
849,Irvine Meadows Amphitheater,Laguna Hills,USA,1985-04-13,1985,CA,"[""why don't we do it in the road"", 'bertha', 'jack straw', 'west l.a. fadeaway', 'little red rooster', 'peggy-o', 'cassidy', 'deal', 'terrapin station', ""playin' in the band"", 'crazy fingers', ""truckin'"", 'drums', 'the wheel', ""throwin' stones"", 'one more saturday night', 'baby blue']",why dont we do it in the road,33.5948758,-117.6882067
850,Irvine Meadows Amphitheater,Laguna Hills,USA,1985-04-14,1985,CA,"['touch of grey', 'hell in a bucket', 'sugaree', 'down in the bottom', ""ain't superstitious"", 'brown eyed women', 'tons of steel', 'big railroad blues', 'looks like rain', ""don't ease me in"", 'i need a miracle', 'china cat sunflower', 'i know you rider', 'man smart/woman smarter', ""he's gone"", 'drums', 'dear mr. fantasy', 'the other one', 'wharf rat', 'sugar magnolia', 'gloria']",touch of grey,33.5948758,-117.6882067
851,Frost Amphitheater (Stanford U),Palo Alto,USA,1985-04-27,1985,CA,"[""dancin' in the streets"", 'bertha', 'little red rooster', 'brown eyed women', 'my brother esau', 'ramble on rose', ""tom thumb's blues"", 'cold rain and snow', 'music never stopped', 'scarlet begonias', 'eyes of the world', ""goin' down the road feelin' bad"", 'man smart/woman smarter', 'drums', 'the wheel', ""truckin'"", 'the other one', 'black peter', 'around and around', 'one more saturday night', 'day job']",dancin in the streets,37.4443293,-122.1598465
852,Frost Amphitheater (Stanford U),Palo Alto,USA,1985-04-28,1985,CA,"[""gimme some lovin'"", 'mississippi half-step', 'new minglewood blues', 'bird song', 'tons of steel', 'china cat sunflower', 'i know you rider', 'hell in a bucket', 'crazy fingers', ""playin' in the band"", 'china doll', ""playin' in the band"", 'drums', ""playin' in the band"", 'wharf rat', ""throwin' stones"", 'not fade away', 'u.s. blues', 'she belongs to me']",gimme some lovin,37.4443293,-122.1598465
853,Greek Theater (U of California),Berkeley,USA,1985-06-14,1985,CA,"[""dancin' in the streets"", 'west l.a. fadeaway', 'c.c. rider', 'peggy-o', 'hell in a bucket', 'keep on growing', 'stagger lee', 'let it grow', 'deal', 'morning dew', ""playin' in the band"", 'china doll', 'drums', ""truckin'"", ""smokestack lightnin'"", 'comes a time', 'sugar magnolia', 'day job']",dancin in the streets,37.8708393,-122.272863
854,Greek Theater (U of California),Berkeley,USA,1985-06-15,1985,CA,"['touch of grey', 'new minglewood blues', 'friend of the devil', 'cassidy', ""dupree's diamond blues"", 'me and my uncle', 'big river', 'might as well', 'china cat sunflower', 'i know you rider', 'lost sailor', 'saint of circumstance', 'terrapin station', 'drums', 'the wheel', ""gimme some lovin'"", ""throwin' stones"", 'not fade away', 'she belongs to me', 'u.s. blues']",touch of grey,37.8708393,-122.272863
855,Greek Theater (U of California),Berkeley,USA,1985-06-16,1985,CA,"['midnight hour', 'bertha', ""walkin' blues"", 'tennessee jed', 'my brother esau', 'big railroad blues', 'looks like rain', 'mississippi half-step', 'promised land', 'scarlet begonias', 'fire on the mountain', 'samson and delilah', 'cryptical envelopment', 'the other one', 'drums', ""goin' down the road feelin' bad"", 'i need a miracle', 'wharf rat', 'turn on your love light', 'brokedown palace']",midnight hour,37.8708393,-122.272863
856,Alpine Valley Music Theater,East Troy,USA,1985-06-21,1985,WI,"['cold rain and snow', 'down in the bottom', ""ain't superstitious"", 'stagger lee', 'mama tried', 'mexicali blues', 'bird song', 'looks like rain', 'day job', 'man smart/woman smarter', ""goin' down the road feelin' bad"", 'estimated prophet', 'eyes of the world', 'drums', ""truckin'"", 'black peter', 'around and around', 'sugar magnolia', 'baby blue']",cold rain and snow,42.7851871,-88.4054374
857,Alpine Valley Music Theater,East Troy,USA,1985-06-22,1985,WI,"['hell in a bucket', 'sugaree', ""walkin' blues"", 'candyman', ""it's all over now"", 'althea', 'cassidy', 'brown eyed women', 'one more saturday night', 'keep on growing', 'mississippi half-step', 'lost sailor', 'saint of circumstance', 'drums', 'dear mr. fantasy', 'i need a miracle', 'stella blue', ""throwin' stones"", 'not fade away', 'brokedown palace']",hell in a bucket,42.7851871,-88.4054374
858,River Bend Music Center,Cincinnati,USA,1985-06-24,1985,OH,"['alabama getaway', 'greatest story ever told', 'they love each other', 'new minglewood blues', 'tennessee jed', 'my brother esau', 'loser', 'let it grow', 'iko iko', 'samson and delilah', ""he's gone"", ""smokestack lightnin'"", 'cryptical envelopment', 'drums', 'comes a time', 'the other one', 'cryptical envelopment', 'wharf rat', 'around and around', ""good lovin'"", 'u.s. blues']",alabama getaway,39.1012809,-84.5127405
859,Blossom Music Center,Cuyahoga Falls,USA,1985-06-25,1985,OH,"['day tripper', 'west l.a. fadeaway', 'c.c. rider', 'dire wolf', 'beat it on down the line', 'row jimmy', 'me and my uncle', 'big river', 'big railroad blues', 'jack straw', 'might as well', ""gimme some lovin'"", 'china cat sunflower', 'i know you rider', ""playin' in the band"", 'drums', 'the wheel', ""playin' in the band"", 'china doll', 'sugar magnolia', 'touch of grey']",day tripper,41.1362729,-81.4828123
860,Saratoga Performing Arts Center,Saratoga Springs,USA,1985-06-27,1985,NY,"['midnight hour', 'bertha', 'little red rooster', 'stagger lee', 'el paso', 'crazy fingers', 'supplication', 'high time', 'hell in a bucket', ""don't ease me in"", 'feel like a stranger', 'eyes of the world', ""goin' down the road feelin' bad"", 'man smart/woman smarter', 'drums', ""truckin'"", 'spoonful', 'black peter', 'turn on your love light', 'johnny b. goode', 'baby blue']",midnight hour,43.0822315,-73.785373
861,Hershey Park Stadium,Hershey,USA,1985-06-28,1985,PA,"['cold rain and snow', 'promised land', 'ramble on rose', 'down in the bottom', ""ain't superstitious"", 'bird song', 'comes a time', 'deal', 'music never stopped', ""tom thumb's blues"", 'estimated prophet', 'terrapin station', 'drums', 'i need a miracle', 'morning dew', ""throwin' stones"", 'not fade away', 'day job']",cold rain and snow,40.2850285,-76.6534662
862,Merriweather Post Pavilion,Columbia,USA,1985-06-30,1985,MD,"['mississippi half-step', 'c.c. rider', 'brown eyed women', 'mama tried', 'mexicali blues', 'keep on growing', 'big railroad blues', 'looks like rain', ""don't ease me in"", 'shakedown street', 'samson and delilah', ""gimme some lovin'"", ""he's gone"", 'cryptical envelopment', 'drums', 'the other one', 'stella blue', 'around and around', 'sugar magnolia', 'u.s. blues']",mississippi half-step,39.1938429,-76.8646092
863,Merriweather Post Pavilion,Columbia,USA,1985-07-01,1985,MD,"[""dancin' in the streets"", ""dupree's diamond blues"", ""walkin' blues"", 'jack-a-roe', 'my brother esau', 'stagger lee', 'let it grow', 'day job', 'scarlet begonias', 'fire on the mountain', ""playin' in the band"", ""uncle john's band"", 'drums', 'dear mr. fantasy', ""goin' down the road feelin' bad"", ""good lovin'"", 'satisfaction', 'baby blue']",dancin in the streets,39.1938429,-76.8646092
864,Pittsburgh Civic Arena,Pittsburgh,USA,1985-07-02,1985,PA,"['jack straw', 'it must have been the roses', 'new minglewood blues', 'friend of the devil', 'cassidy', 'big railroad blues', 'promised land', 'man smart/woman smarter', 'crazy fingers', 'lost sailor', 'saint of circumstance', 'terrapin station', 'drums', 'wharf rat', ""throwin' stones"", 'turn on your love light', 'revolution', 'brokedown palace']",jack straw,40.4406968,-80.0025666
865,Ventura County Fairgrounds,Ventura,USA,1985-07-13,1985,CA,"['one more saturday night', 'fire on the mountain', ""walkin' blues"", ""dupree's diamond blues"", 'mama tried', 'big river', 'bird song', 'music never stopped', 'touch of grey', 'man smart/woman smarter', 'terrapin station', 'drums', 'the wheel', 'cryptical envelopment', 'the other one', 'comes a time', 'around and around', 'sugar magnolia', 'u.s. blues']",one more saturday night,34.4458248,-119.0779359
866,Ventura County Fairgrounds,Ventura,USA,1985-07-14,1985,CA,"['hell in a bucket', 'they love each other', 'my brother esau', 'althea', 'cassidy', 'big railroad blues', 'looks like rain', 'might as well', 'china cat sunflower', 'i know you rider', 'samson and delilah', 'ship of fools', 'estimated prophet', 'eyes of the world', 'drums', ""truckin'"", ""smokestack lightnin'"", 'black peter', ""throwin' stones"", 'not fade away', 'day job']",hell in a bucket,34.4458248,-119.0779359
868,Southern Star Amphitheater,Houston,USA,1985-08-30,1985,TX,"['jack straw', 'row jimmy', 'c.c. rider', 'bird song', 'looks like rain', 'deal', 'scarlet begonias', 'touch of grey', 'samson and delilah', 'drums', ""gimme some lovin'"", 'the wheel', 'the other one', 'morning dew', 'sugar magnolia']",jack straw,29.7589382,-95.3676974
869,Manor Downs,Austin,USA,1985-08-31,1985,TX,"['mississippi half-step', 'el paso', ""dupree's diamond blues"", 'mexicali blues', 'big river', 'althea', 'my brother esau', 'jack-a-roe', 'let it grow', 'terrapin station', 'estimated prophet', 'drums', ""goin' down the road feelin' bad"", 'stella blue', ""throwin' stones"", 'not fade away', 'she belongs to me', 'one more saturday night']",mississippi half-step,30.2711286,-97.7436995
870,Zoo Amphitheater,Oklahoma City,USA,1985-09-02,1985,OK,"['bertha', 'greatest story ever told', 'west l.a. fadeaway', 'mama tried', 'me and my uncle', 'stagger lee', 'iko iko', 'new minglewood blues', 'ramble on rose', 'hell in a bucket', 'china cat sunflower', 'i know you rider', 'man smart/woman smarter', 'ship of fools', ""playin' in the band"", 'drums', 'i need a miracle', 'china doll', 'around and around', ""good lovin'"", 'day job']",bertha,35.4729886,-97.5170536
871,Starlight Theater,Kansas City,USA,1985-09-03,1985,MO,"['feel like a stranger', 'they love each other', 'little red rooster', 'dire wolf', 'cassidy', 'big railroad blues', 'music never stopped', ""don't ease me in"", 'cryptical envelopment', 'the other one', 'eyes of the world', ""don't need love"", 'drums', ""nobody's fault but mine"", ""truckin'"", ""smokestack lightnin'"", 'comes a time', 'turn on your love light', 'baby blue']",feel like a stranger,39.100105,-94.5781416
872,Red Rocks Amphitheater,Morrison,USA,1985-09-05,1985,CO,"['cold rain and snow', 'c.c. rider', 'candyman', 'beat it on down the line', 'stagger lee', 'me and my uncle', 'big river', 'peggy-o', 'let it grow', 'scarlet begonias', 'fire on the mountain', 'estimated prophet', 'eyes of the world', 'drums', ""gimme some lovin'"", 'wharf rat', 'sugar magnolia', 'brokedown palace']",cold rain and snow,39.6535988,-105.191099
873,Red Rocks Amphitheater,Morrison,USA,1985-09-06,1985,CO,"['hell in a bucket', 'sugaree', ""it's all over now"", 'bird song', 'el paso', ""don't ease me in"", 'iko iko', 'looks like rain', ""he's gone"", 'spoonful', 'drums', 'the wheel', 'black peter', ""throwin' stones"", 'not fade away', 'u.s. blues']",hell in a bucket,39.6535988,-105.191099
874,Red Rocks Amphitheater,Morrison,USA,1985-09-07,1985,CO,"['the frozen logger', 'mississippi half-step', 'new minglewood blues', 'brown eyed women', 'my brother esau', 'loser', ""dupree's diamond blues"", 'one more saturday night', 'shakedown street', 'crazy fingers', 'samson and delilah', ""uncle john's band"", ""playin' in the band"", 'drums', 'dear mr. fantasy', 'hey jude reprise', 'dear mr. fantasy', ""truckin'"", 'comes a time', 'turn on your love light', 'johnny b. goode', 'baby blue']",the frozen logger,39.6535988,-105.191099
875,Henry J. Kaiser Convention Center,Oakland,USA,1985-09-10,1985,CA,"['jack straw', 'peggy-o', 'little red rooster', 'stagger lee', 'me and my uncle', 'mexicali blues', 'ramble on rose', 'cassidy', ""don't ease me in"", 'china cat sunflower', 'i know you rider', 'estimated prophet', 'eyes of the world', 'good time blues', 'drums', 'china doll', ""goin' down the road feelin' bad"", 'around and around', 'sugar magnolia', 'day job']",jack straw,37.8044557,-122.271356
876,Henry J. Kaiser Convention Center,Oakland,USA,1985-09-11,1985,CA,"['mississippi half-step', 'new minglewood blues', 'friend of the devil', 'beat it on down the line', 'promised land', 'tennessee jed', 'let it grow', 'deal', 'touch of grey', 'hell in a bucket', 'terrapin station', 'man smart/woman smarter', 'drums', ""gimme some lovin'"", 'stella blue', ""good lovin'"", 'u.s. blues']",mississippi half-step,37.8044557,-122.271356
877,Henry J. Kaiser Convention Center,Oakland,USA,1985-09-12,1985,CA,"['greatest story ever told', 'bertha', ""it's all over now"", 'row jimmy', 'my brother esau', 'big railroad blues', 'looks like rain', 'might as well', 'help on the way', 'slipknot!', ""franklin's tower"", ""playin' in the band"", 'drums', 'the other one', 'black peter', ""throwin' stones"", 'not fade away', 'drums', 'not fade away', 'brokedown palace']",greatest story ever told,37.8044557,-122.271356
878,Devore Field (Southwestern U),Chula Vista,USA,1985-09-15,1985,CA,"['alabama getaway', 'promised land', 'west l.a. fadeaway', 'mama tried', 'big river', ""dupree's diamond blues"", ""smokestack lightnin'"", 'deal', 'scarlet begonias', 'fire on the mountain', 'samson and delilah', 'she belongs to me', ""truckin'"", 'comes a time', 'around and around', 'drums', 'u.s. blues', 'satisfaction', 'brokedown palace']",alabama getaway,32.6400541,-117.084195
879,The Sportatorium,Hollywood,USA,1985-10-25,1985,FL,"['deal', 'little red rooster', 'iko iko', 'el paso', 'dire wolf', ""it's all over now"", 'loser', 'let it grow', 'morning dew', 'estimated prophet', 'eyes of the world', 'drums', 'i need a miracle', 'black peter', 'sugar magnolia', 'baby blue']",deal,26.0112014,-80.1494901
880,Sun Dome,Tampa,USA,1985-10-26,1985,FL,"[""gimme some lovin'"", 'greatest story ever told', ""dupree's diamond blues"", 'c.c. rider', 'stagger lee', 'me and my uncle', 'big river', 'big railroad blues', 'looks like rain', ""don't ease me in"", 'china cat sunflower', 'i know you rider', 'man smart/woman smarter', ""he's gone"", ""don't need love"", 'drums', 'comes a time', ""throwin' stones"", ""goin' down the road feelin' bad"", 'one more saturday night', 'midnight hour']",gimme some lovin,27.9449854,-82.4583107
881,Fox Theater,Atlanta,USA,1985-10-28,1985,GA,"['sugaree', 'kansas city', 'peggy-o', 'my brother esau', 'ramble on rose', 'cassidy', 'row jimmy', 'promised land', 'scarlet begonias', 'touch of grey', 'man smart/woman smarter', 'terrapin station', 'drums', ""truckin'"", ""smokestack lightnin'"", 'stella blue', 'around and around', ""good lovin'"", 'day job']",sugaree,33.7544657,-84.3898151
882,Fox Theater,Atlanta,USA,1985-10-29,1985,GA,"['feel like a stranger', 'friend of the devil', 'new minglewood blues', 'bird song', 'hell in a bucket', 'deal', 'mississippi half-step', ""franklin's tower"", 'lost sailor', 'saint of circumstance', 'crazy fingers', 'drums', 'the wheel', 'the other one', 'wharf rat', 'johnny b. goode', 'brokedown palace']",feel like a stranger,33.7544657,-84.3898151
883,Carolina Coliseum (U of South Carolina),Columbia,USA,1985-10-31,1985,SC,"['werewolves of london', 'music never stopped', 'west l.a. fadeaway', 'mama tried', 'mexicali blues', 'tennessee jed', 'looks like rain', 'might as well', 'shakedown street', ""playin' in the band"", 'ship of fools', 'drums', 'dear mr. fantasy', 'not fade away', 'u.s. blues']",werewolves of london,34.000754,-81.0352313
884,Richmond Coliseum,Richmond,USA,1985-11-01,1985,VA,"[""dancin' in the streets"", 'cold rain and snow', 'little red rooster', 'stagger lee', 'me and my uncle', 'big river', 'brown eyed women', 'jack straw', ""don't ease me in"", 'samson and delilah', 'high time', ""he's gone"", 'spoonful', 'comes a time', 'lost sailor', 'drums', 'saint of circumstance', ""gimme some lovin'"", 'she belongs to me', 'gloria', 'day job']",dancin in the streets,37.5385087,-77.43428
885,Richmond Coliseum,Richmond,USA,1985-11-02,1985,VA,"['bertha', 'greatest story ever told', ""dupree's diamond blues"", 'c.c. rider', 'althea', 'my brother esau', 'candyman', 'let it grow', 'iko iko', 'estimated prophet', ""uncle john's band"", 'china doll', 'drums', 'morning dew', ""throwin' stones"", 'turn on your love light', 'baby blue']",bertha,37.5385087,-77.43428
886,The Centrum,Worcester,USA,1985-11-04,1985,MA,"['alabama getaway', 'promised land', 'it must have been the roses', 'el paso', 'west l.a. fadeaway', 'new minglewood blues', 'big railroad blues', 'music never stopped', 'might as well', 'china cat sunflower', 'i know you rider', ""playin' in the band"", 'terrapin station', 'drums', 'the wheel', ""truckin'"", 'wharf rat', 'sugar magnolia', 'u.s. blues']",alabama getaway,42.2625621,-71.8018877
887,The Centrum,Worcester,USA,1985-11-05,1985,MA,"['hell in a bucket', 'they love each other', 'kansas city', 'tennessee jed', ""it's all over now"", 'bird song', 'looks like rain', ""don't ease me in"", 'shakedown street', 'man smart/woman smarter', 'ship of fools', 'supplication', ""playin' reprise"", ""don't need love"", 'drums', ""tom thumb's blues"", ""goin' down the road feelin' bad"", 'black peter', 'around and around', ""good lovin'"", 'brokedown palace']",hell in a bucket,42.2625621,-71.8018877
888,War Memorial Auditorium,Rochester,USA,1985-11-07,1985,NY,"[""dancin' in the streets"", 'dire wolf', 'c.c. rider', 'loser', 'mama tried', 'mexicali blues', 'cumberland blues', 'beat it on down the line', 'deal', 'touch of grey', 'samson and delilah', 'high time', 'let it grow', 'drums', ""gimme some lovin'"", 'stella blue', ""throwin' stones"", 'not fade away', 'midnight hour']",dancin in the streets,43.157285,-77.615214
889,War Memorial Auditorium,Rochester,USA,1985-11-08,1985,NY,"['iko iko', 'little red rooster', 'peggy-o', 'my brother esau', 'brown eyed women', 'baby what you want me to do', 'jack straw', 'might as well', 'revolution', 'estimated prophet', 'eyes of the world', 'drums', 'the other one', 'i need a miracle', 'she belongs to me', 'sugar magnolia', 'satisfaction']",iko iko,43.157285,-77.615214
890,Brendan Byrne Arena,East Rutherford,USA,1985-11-10,1985,NJ,"['touch of grey', 'hell in a bucket', 'sugaree', 'cassidy', 'stagger lee', ""it's all over now"", 'row jimmy', 'feel like a stranger', 'mississippi half-step', 'i know you rider', ""playin' in the band"", ""uncle john's band"", 'supplication', 'drums', ""truckin'"", 'comes a time', 'around and around', ""good lovin'"", 'baby blue']",touch of grey,40.833989,-74.0970865
891,Brendan Byrne Arena,East Rutherford,USA,1985-11-11,1985,NJ,"[""walkin' the dog"", 'deal', 'new minglewood blues', 'althea', 'me and my uncle', 'big river', 'bird song', 'looks like rain', ""don't ease me in"", 'scarlet begonias', 'fire on the mountain', 'estimated prophet', 'eyes of the world', 'drums', 'dear mr. fantasy', ""goin' down the road feelin' bad"", ""throwin' stones"", 'turn on your love light', 'brokedown palace']",walkin the dog,40.833989,-74.0970865
892,Long Beach Arena,Long Beach,USA,1985-11-16,1985,CA,"['hell in a bucket', 'sugaree', 'el paso', ""dupree's diamond blues"", 'little red rooster', 'west l.a. fadeaway', 'let it grow', 'tennessee jed', 'cumberland blues', 'i need a miracle', 'crazy fingers', 'drums', 'comes a time', ""gimme some lovin'"", ""truckin'"", 'black peter', ""good lovin'"", 'day job']",hell in a bucket,33.7690164,-118.191604
893,Long Beach Arena,Long Beach,USA,1985-11-17,1985,CA,"['mississippi half-step', 'new minglewood blues', 'stagger lee', ""it's all over now"", 'friend of the devil', 'cassidy', 'big railroad blues', 'looks like rain', 'might as well', 'china cat sunflower', 'i know you rider', 'samson and delilah', ""he's gone"", 'spoonful', 'good time blues', 'drums', 'the wheel', ""throwin' stones"", 'not fade away', 'baby blue']",mississippi half-step,33.7690164,-118.191604
894,Henry J. Kaiser Convention Center,Oakland,USA,1985-11-20,1985,CA,"['jack straw', 'peggy-o', 'c.c. rider', 'stagger lee', 'my brother esau', 'high time', 'beat it on down the line', 'promised land', ""don't ease me in"", 'iko iko', 'lost sailor', 'saint of circumstance', 'terrapin station', ""don't need love"", 'drums', 'stella blue', 'sugar magnolia', 'u.s. blues']",jack straw,37.8044557,-122.271356
895,Henry J. Kaiser Convention Center,Oakland,USA,1985-11-21,1985,CA,"['big boy pete', 'dire wolf', 'little red rooster', 'brown eyed women', 'me and my uncle', 'mexicali blues', 'ramble on rose', 'looks like rain', 'might as well', 'shakedown street', 'crazy fingers', ""playin' in the band"", 'she belongs to me', 'drums', 'the other one', 'wharf rat', ""playin' in the band"", ""gimme some lovin'"", 'midnight hour', ""walkin' the dog""]",big boy pete,37.8044557,-122.271356
896,Henry J. Kaiser Convention Center,Oakland,USA,1985-11-22,1985,CA,"['hell in a bucket', 'sugaree', 'new minglewood blues', 'althea', 'cassidy', ""dupree's diamond blues"", 'let it grow', 'touch of grey', 'estimated prophet', 'eyes of the world', 'drums', 'morning dew', ""throwin' stones"", 'turn on your love light', 'brokedown palace']",hell in a bucket,37.8044557,-122.271356
897,Oakland Coliseum,Oakland,USA,1985-12-30,1985,CA,"[""gimme some lovin'"", 'greatest story ever told', 'west l.a. fadeaway', 'little red rooster', 'stagger lee', 'my brother esau', 'tennessee jed', 'looks like rain', ""don't ease me in"", 'quinn the eskimo', 'samson and delilah', ""he's gone"", 'i need a miracle', 'crazy fingers', 'jam', 'drums', 'the other one', 'wharf rat', 'sugar magnolia', 'baby blue']",gimme some lovin,37.8044557,-122.271356
898,Oakland Coliseum,Oakland,USA,1985-12-31,1985,CA,"['not fade away', 'touch of grey', 'tons of steel', 'c.c. rider', ""dupree's diamond blues"", 'cassidy', 'brown eyed women', 'let it grow', 'midnight hour', 'sugaree', 'man smart/woman smarter', 'ship of fools', ""playin' in the band"", 'terrapin station', 'drums', ""truckin'"", 'black peter', ""throwin' stones"", 'not fade away', 'not fade away', 'turn on your love light', 'brokedown palace']",not fade away,37.8044557,-122.271356
899,Henry J. Kaiser Convention Center,Oakland,USA,1986-02-08,1986,CA,"['iko iko', 'little red rooster', 'peggy-o', 'beat it on down the line', 'stagger lee', ""it's all over now"", 'bertha', 'one more saturday night', 'mississippi half-step', ""franklin's tower"", ""playin' in the band"", 'china doll', 'drums', ""gimme some lovin'"", 'black peter', 'sugar magnolia', 'day job']",iko iko,37.8044557,-122.271356
900,Henry J. Kaiser Convention Center,Oakland,USA,1986-02-09,1986,CA,"['jack straw', 'they love each other', 'c.c. rider', 'loser', 'man smart/woman smarter', 'deal', 'quinn the eskimo', 'samson and delilah', ""he's gone"", ""smokestack lightnin'"", 'comes a time', 'drums', 'the other one', 'around and around', ""good lovin'"", 'baby blue']",jack straw,37.8044557,-122.271356
901,Henry J. Kaiser Convention Center,Oakland,USA,1986-02-11,1986,CA,"['china cat sunflower', 'i know you rider', 'new minglewood blues', ""dupree's diamond blues"", 'me and my uncle', 'mexicali blues', 'bird song', 'music never stopped', 'might as well', 'drums', 'iko iko', 'eyes of the world', 'drums', ""truckin'"", 'stella blue', 'not fade away', 'not fade away', 'hey bo diddley', ""goin' down the road feelin' bad""]",china cat sunflower,37.8044557,-122.271356
902,Henry J. Kaiser Convention Center,Oakland,USA,1986-02-12,1986,CA,"['hell in a bucket', 'sugaree', 'tons of steel', 'tennessee jed', 'cassidy', ""don't ease me in"", 'scarlet begonias', 'fire on the mountain', 'estimated prophet', 'drums', 'willie and the hand jive', 'the wheel', 'midnight hour', 'johnny b. goode', 'u.s. blues']",hell in a bucket,37.8044557,-122.271356
903,Henry J. Kaiser Convention Center,Oakland,USA,1986-02-14,1986,CA,"['feel like a stranger', 'cold rain and snow', 'mama tried', 'big river', 'west l.a. fadeaway', 'looks like rain', 'brown eyed women', 'let it grow', 'keep on growing', 'lost sailor', 'saint of circumstance', 'terrapin station', 'drums', 'wharf rat', ""throwin' stones"", 'turn on your love light', 'brokedown palace']",feel like a stranger,37.8044557,-122.271356
904,Hampton Roads Coliseum,Hampton,USA,1986-03-19,1986,VA,"['hell in a bucket', 'stagger lee', 'c.c. rider', 'cold rain and snow', 'beat it on down the line', 'big railroad blues', 'looks like rain', 'visions of johanna', 'music never stopped', ""don't ease me in"", 'china cat sunflower', 'i know you rider', ""playin' in the band"", 'drums', 'the wheel', ""truckin'"", 'black peter', 'around and around', 'johnny b. goode', 'quinn the eskimo']",hell in a bucket,37.0264414,-76.3442846
905,Hampton Roads Coliseum,Hampton,USA,1986-03-20,1986,VA,"['touch of grey', 'little red rooster', 'friend of the devil', ""it's all over now"", 'row jimmy', 'me and my uncle', 'mexicali blues', 'althea', 'box of rain', 'iko iko', 'estimated prophet', 'eyes of the world', 'drums', 'wharf rat', ""throwin' stones"", 'not fade away', 'u.s. blues']",touch of grey,37.0264414,-76.3442846
906,Hampton Roads Coliseum,Hampton,USA,1986-03-21,1986,VA,"['roadrunner', ""dupree's diamond blues"", 'new minglewood blues', 'bird song', 'tons of steel', 'supplication', 'let it grow', ""uncle john's band"", 'terrapin station', ""playin' in the band"", 'drums', 'i need a miracle', 'stella blue', 'sugar magnolia', 'baby blue']",roadrunner,37.0264414,-76.3442846
907,The Spectrum,Philadelphia,USA,1986-03-23,1986,PA,"[""gimme some lovin'"", 'deal', 'willie and the hand jive', 'candyman', 'cassidy', 'west l.a. fadeaway', 'mama tried', 'big river', 'might as well', 'shakedown street', 'samson and delilah', ""he's gone"", 'spoonful', 'drums', 'the other one', 'comes a time', ""good lovin'"", 'day job']",gimme some lovin,39.9527237,-75.1635262
908,The Spectrum,Philadelphia,USA,1986-03-24,1986,PA,"['alabama getaway', 'greatest story ever told', 'dire wolf', 'little red rooster', 'brown eyed women', 'my brother esau', 'ramble on rose', 'el paso', 'box of rain', 'mississippi half-step', 'man smart/woman smarter', 'high time', 'lost sailor', 'saint of circumstance', 'drums', 'morning dew', 'midnight hour']",alabama getaway,39.9527237,-75.1635262
909,The Spectrum,Philadelphia,USA,1986-03-25,1986,PA,"['feel like a stranger', 'tennessee jed', 'c.c. rider', 'tons of steel', 'it must have been the roses', 'desolation row', ""don't ease me in"", 'scarlet begonias', 'touch of grey', 'looks like rain', ""goin' down the road feelin' bad"", 'drums', ""tom thumb's blues"", 'black peter', ""throwin' stones"", 'turn on your love light', 'brokedown palace']",feel like a stranger,39.9527237,-75.1635262
910,Cumberland County Civic Center,Portland,USA,1986-03-27,1986,ME,"['jack straw', 'peggy-o', 'new minglewood blues', 'revolutionary hamstrung blues', 'bertha', 'wang dang doodle', 'big railroad blues', 'supplication', 'promised land', 'china cat sunflower', 'i know you rider', 'estimated prophet', 'eyes of the world', 'drums', 'spanish jam', ""truckin'"", 'wharf rat', 'sugar magnolia', 'day job']",jack straw,43.6573605,-70.2586618
911,Cumberland County Civic Center,Portland,USA,1986-03-28,1986,ME,"['iko iko', 'beat it on down the line', 'loser', 'good time blues', 'me and my uncle', 'mexicali blues', 'althea', 'box of rain', ""playin' in the band"", ""franklin's tower"", 'i need a miracle', ""playin' in the band"", 'drums', 'the wheel', 'dear mr. fantasy', ""playin' in the band"", 'around and around', ""good lovin'"", 'baby blue']",iko iko,43.6573605,-70.2586618
912,Providence Civic Center,Providence,USA,1986-03-30,1986,RI,"['hell in a bucket', 'sugaree', 'el paso', 'cumberland blues', 'tons of steel', 'c.c. rider', ""dupree's diamond blues"", ""tom thumb's blues"", 'deal', 'touch of grey', 'samson and delilah', 'terrapin station', 'man smart/woman smarter', 'drums', ""why don't we do it in the road"", 'stella blue', ""throwin' stones"", 'not fade away', 'not fade away', 'quinn the eskimo']",hell in a bucket,41.8239891,-71.4128343
913,Providence Civic Center,Providence,USA,1986-03-31,1986,RI,"['mississippi half-step', 'roadrunner', 'west l.a. fadeaway', 'my brother esau', 'brown eyed women', 'desolation row', 'might as well', 'feel like a stranger', 'ship of fools', 'willie and the hand jive', ""goin' down the road feelin' bad"", 'drums', 'comes a time', ""truckin'"", 'johnny b. goode']",mississippi half-step,41.8239891,-71.4128343
914,Providence Civic Center,Providence,USA,1986-04-01,1986,RI,"[""gimme some lovin'"", 'little red rooster', 'stagger lee', 'cassidy', 'tennessee jed', 'looks like rain', 'big railroad blues', 'music never stopped', 'shakedown street', 'estimated prophet', 'eyes of the world', 'drums', 'i need a miracle', 'black peter', 'sugar magnolia', 'box of rain']",gimme some lovin,41.8239891,-71.4128343
915,Hartford Civic Center,Hartford,USA,1986-04-03,1986,CT,"['iko iko', 'new minglewood blues', 'peggy-o', 'me and my uncle', 'mexicali blues', 'bird song', 'supplication', 'let it grow', ""don't ease me in"", ""uncle john's band"", ""playin' in the band"", ""don't need love"", 'drums', 'the other one', 'wharf rat', 'around and around', 'not fade away', 'baby blue']",iko iko,41.764582,-72.6908547
916,Hartford Civic Center,Hartford,USA,1986-04-04,1986,CT,"['jack straw', 'dire wolf', 'c.c. rider', 'candyman', ""it's all over now"", 'crazy fingers', 'greatest story ever told', 'day job', 'touch of grey', 'looks like rain', ""he's gone"", ""smokestack lightnin'"", 'drums', 'the wheel', 'stella blue', ""throwin' stones"", 'turn on your love light', 'box of rain']",jack straw,41.764582,-72.6908547
917,Irvine Meadows Amphitheater,Laguna Hills,USA,1986-04-12,1986,CA,"['hell in a bucket', 'bertha', 'little red rooster', 'loser', 'beat it on down the line', 'althea', 'willie and the hand jive', 'row jimmy', 'jack straw', 'cold rain and snow', 'estimated prophet', 'eyes of the world', 'drums', ""truckin'"", 'the other one', 'wharf rat', 'one more saturday night', 'quinn the eskimo']",hell in a bucket,33.5948758,-117.6882067
918,Irvine Meadows Amphitheater,Laguna Hills,USA,1986-04-13,1986,CA,"['iko iko', 'new minglewood blues', 'peggy-o', 'desolation row', 'mississippi half-step', 'supplication', 'let it grow', 'china cat sunflower', 'i know you rider', 'looks like rain', 'terrapin station', ""don't need love"", 'drums', 'i need a miracle', 'black peter', ""throwin' stones"", 'turn on your love light', 'box of rain']",iko iko,33.5948758,-117.6882067
919,Berkeley Community Theater,Berkeley,USA,1986-04-18,1986,CA,"['alabama getaway', 'greatest story ever told', 'west l.a. fadeaway', 'c.c. rider', 'brown eyed women', 'me and my uncle', 'mexicali blues', 'tons of steel', 'my baby left me', ""that's alright mama"", 'music never stopped', 'shakedown street', 'man smart/woman smarter', ""he's gone"", 'drums', 'the wheel', ""smokestack lightnin'"", 'stella blue', 'around and around', 'johnny b. goode', 'u.s. blues']",alabama getaway,37.8708393,-122.272863
920,Berkeley Community Theater,Berkeley,USA,1986-04-19,1986,CA,"['feel like a stranger', 'stagger lee', 'new minglewood blues', 'friend of the devil', 'cassidy', 'big railroad blues', 'one more saturday night', 'crazy fingers', ""playin' in the band"", 'drums', 'the other one', 'china doll', ""playin' in the band"", 'sugar magnolia', 'quinn the eskimo']",feel like a stranger,37.8708393,-122.272863
921,Berkeley Community Theater,Berkeley,USA,1986-04-21,1986,CA,"['mississippi half-step', 'el paso', 'row jimmy', 'my brother esau', 'cumberland blues', 'desolation row', 'ramble on rose', 'let it grow', 'touch of grey', 'estimated prophet', 'eyes of the world', 'drums', 'maybe you know how i feel', ""goin' down the road feelin' bad"", 'morning dew', 'around and around', 'not fade away', 'not fade away', ""don't ease me in""]",mississippi half-step,37.8708393,-122.272863
922,Berkeley Community Theater,Berkeley,USA,1986-04-22,1986,CA,"['box of rain', 'visions of johanna', 'mama tried', 'big river', 'bird song', 'little red rooster', 'deal', 'china cat sunflower', 'i know you rider', 'looks like rain', 'terrapin station', 'drums', 'spoonful', ""throwin' stones"", 'black peter', 'turn on your love light', 'brokedown palace']",box of rain,37.8708393,-122.272863
923,California Exposition Amphitheater,Sacramento,USA,1986-05-03,1986,CA,"['cold rain and snow', 'the race is on', 'they love each other', 'c.c. rider', 'high time', 'beat it on down the line', 'promised land', 'deal', 'scarlet begonias', 'fire on the mountain', 'man smart/woman smarter', ""goin' down the road feelin' bad"", 'drums', 'the other one', 'comes a time', 'sugar magnolia']",cold rain and snow,38.5810606,-121.493895
924,California Exposition Amphitheater,Sacramento,USA,1986-05-04,1986,CA,"['one more saturday night', 'mississippi half-step', 'little red rooster', 'candyman', 'me and my uncle', 'mexicali blues', 'china cat sunflower', 'i know you rider', ""gimme some lovin'"", ""playin' in the band"", 'drums', ""uncle john's band"", ""playin' in the band"", 'i need a miracle', 'wharf rat', 'around and around', ""good lovin'"", 'box of rain']",one more saturday night,38.5810606,-121.493895
925,Frost Amphitheater (Stanford U),Palo Alto,USA,1986-05-10,1986,CA,"['bertha', 'greatest story ever told', 'west l.a. fadeaway', 'desolation row', 'tennessee jed', 'new minglewood blues', 'big railroad blues', 'let it grow', 'hell in a bucket', 'sugaree', 'estimated prophet', 'eyes of the world', 'drums', 'the wheel', 'china doll', ""throwin' stones"", 'turn on your love light', 'quinn the eskimo']",bertha,37.4443293,-122.1598465
926,Frost Amphitheater (Stanford U),Palo Alto,USA,1986-05-11,1986,CA,"[""gimme some lovin'"", ""dancin' in the streets"", 'good time blues', 'iko iko', 'my brother esau', 'it must have been the roses', 'cassidy', 'might as well', 'samson and delilah', 'crazy fingers', ""he's gone"", ""smokestack lightnin'"", 'drums', 'the other one', 'comes a time', 'around and around', 'not fade away', 'i need a miracle', 'u.s. blues']",gimme some lovin,37.4443293,-122.1598465
927,Greek Theater (U of California),Berkeley,USA,1986-06-20,1986,CA,"['midnight hour', 'mississippi half-step', 'el paso', 'west l.a. fadeaway', 'me and my uncle', 'mexicali blues', 'candyman', 'let it grow', ""uncle john's band"", ""playin' in the band"", 'comes a time', 'drums', 'i need a miracle', 'black peter', 'around and around', ""good lovin'"", 'quinn the eskimo']",midnight hour,37.8708393,-122.272863
928,Greek Theater (U of California),Berkeley,USA,1986-06-21,1986,CA,"['alabama getaway', 'promised land', 'friend of the devil', 'c.c. rider', 'loser', 'desolation row', 'china cat sunflower', 'i know you rider', 'saint of circumstance', ""gimme some lovin'"", ""he's gone"", ""smokestack lightnin'"", 'drums', 'the other one', 'wharf rat', ""throwin' stones"", 'not fade away', 'not fade away', 'brokedown palace']",alabama getaway,37.8708393,-122.272863
929,Greek Theater (U of California),Berkeley,USA,1986-06-22,1986,CA,"['jack straw', 'it must have been the roses', 'cassidy', 'row jimmy', 'new minglewood blues', 'big railroad blues', 'mama tried', 'big river', 'stagger lee', 'hell in a bucket', 'might as well', 'fire on the mountain', 'samson and delilah', 'ship of fools', 'man smart/woman smarter', 'drums', ""truckin'"", ""goin' down the road feelin' bad"", 'stella blue', 'turn on your love light', 'u.s. blues', 'box of rain']",jack straw,37.8708393,-122.272863
931,Alpine Valley Music Theater,East Troy,USA,1986-06-28,1986,WI,"['hell in a bucket', 'ramble on rose', 'c.c. rider', 'row jimmy', 'beat it on down the line', 'touch of grey', 'looks like rain', ""don't ease me in"", ""playin' in the band"", ""uncle john's band"", 'drums', 'china doll', ""goin' down the road feelin' bad"", 'turn on your love light', 'one more saturday night', 'baby blue']",hell in a bucket,42.7851871,-88.4054374
932,Alpine Valley Music Theater,East Troy,USA,1986-06-29,1986,WI,"['mississippi half-step', ""franklin's tower"", ""dancin' in the streets"", 'brown eyed women', 'new minglewood blues', ""tom thumb's blues"", 'stagger lee', 'samson and delilah', 'shakedown street', 'estimated prophet', 'eyes of the world', 'drums', 'the other one', 'wharf rat', ""throwin' stones"", 'not fade away', 'not fade away', 'u.s. blues']",mississippi half-step,42.7851871,-88.4054374
933,River Bend Music Center,Cincinnati,USA,1986-06-30,1986,OH,"['feel like a stranger', 'friend of the devil', 'mama tried', 'big river', 'loser', 'cassidy', 'west l.a. fadeaway', 'let it grow', 'bertha', 'man smart/woman smarter', 'ship of fools', ""smokestack lightnin'"", ""he's gone"", 'drums', 'i need a miracle', 'stella blue', ""good lovin'"", 'quinn the eskimo']",feel like a stranger,39.1012809,-84.5127405
934,Rubber Bowl,Akron,USA,1986-07-02,1986,OH,"['alabama getaway', 'greatest story ever told', 'they love each other', 'little red rooster', ""don't think twice it's alright"", 'baby blue', 'candyman', 'me and my uncle', 'mexicali blues', ""don't ease me in"", 'china cat sunflower', 'i know you rider', ""playin' in the band"", 'desolation row', 'drums', ""truckin'"", 'black peter', 'sugar magnolia', 'box of rain']",alabama getaway,41.083064,-81.518485
935,Rich Stadium,Buffalo,USA,1986-07-04,1986,NY,"['jack straw', ""dupree's diamond blues"", 'c.c. rider', 'tennessee jed', 'my brother esau', 'touch of grey', 'cold rain and snow', 'fire on the mountain', 'samson and delilah', 'the wheel', 'i need a miracle', ""uncle john's band"", 'drums', ""gimme some lovin'"", ""goin' down the road feelin' bad"", 'turn on your love light', 'u.s. blues']",jack straw,42.8864163,-78.8781493
936,RFK Stadium,Washington,USA,1986-07-06,1986,DC,"['hell in a bucket', 'sugaree', 'me and my uncle', 'big river', 'row jimmy', 'cassidy', 'althea', 'let it grow', 'saint of circumstance', 'iko iko', 'looks like rain', ""he's gone"", 'drums', 'stella blue', ""throwin' stones"", 'not fade away', 'brokedown palace']",hell in a bucket,38.8950982,-77.0363849
937,RFK Stadium,Washington,USA,1986-07-07,1986,DC,"['ramble on rose', 'new minglewood blues', 'it must have been the roses', 'baby blue', 'desolation row', 'box of rain', ""playin' in the band"", 'terrapin station', 'drums', 'the other one', 'wharf rat', 'around and around', ""good lovin'"", 'satisfaction']",ramble on rose,38.8950982,-77.0363849
938,Oakland Coliseum,Oakland,USA,1986-12-15,1986,CA,"['touch of grey', 'c.c. rider', 'when push comes to shove', 'beat it on down the line', 'greatest story ever told', 'loser', 'cassidy', 'althea', 'my brother esau', 'candyman', 'let it grow', 'iko iko', 'looks like rain', 'black muddy river', ""playin' in the band"", 'terrapin station', 'drums', ""truckin'"", 'wharf rat', ""playin' in the band"", ""good lovin'"", 'johnny b. goode']",touch of grey,37.8044557,-122.271356
939,Oakland Coliseum,Oakland,USA,1986-12-16,1986,CA,"['hell in a bucket', 'row jimmy', 'me and my uncle', 'big river', 'stagger lee', 'new minglewood blues', 'when push comes to shove', 'sugaree', 'jack straw', 'box of rain', 'crazy fingers', 'estimated prophet', 'eyes of the world', 'drums', 'willie and the hand jive', 'iko iko', 'stella blue', 'sugar magnolia', 'midnight hour']",hell in a bucket,37.8044557,-122.271356
940,Oakland Coliseum,Oakland,USA,1986-12-17,1986,CA,"['alabama getaway', 'promised land', 'west l.a. fadeaway', 'tons of steel', 'little red rooster', 'tennessee jed', 'desolation row', 'when push comes to shove', 'music never stopped', 'saint of circumstance', 'cumberland blues', 'samson and delilah', 'ship of fools', 'man smart/woman smarter', ""he's gone"", 'drums', 'the other one', 'black peter', ""throwin' stones"", 'not fade away', 'not fade away', 'brokedown palace']",alabama getaway,37.8044557,-122.271356
941,Henry J. Kaiser Convention Center,Oakland,USA,1986-12-27,1986,CA,"[""playin' in the band"", 'bertha', 'mama tried', 'mexicali blues', 'ramble on rose', 'little red rooster', 'bird song', 'quinn the eskimo', ""dancin' in the streets"", 'black muddy river', ""playin' in the band"", 'i need a miracle', 'drums', ""truckin'"", ""smokestack lightnin'"", 'comes a time', 'around and around', ""playin' in the band"", 'when push comes to shove']",playin in the band,37.8044557,-122.271356
942,Henry J. Kaiser Convention Center,Oakland,USA,1986-12-28,1986,CA,"['cold rain and snow', 'new minglewood blues', 'row jimmy', 'el paso', 'stagger lee', 'box of rain', 'big railroad blues', 'promised land', 'scarlet begonias', 'fire on the mountain', 'looks like rain', ""he's gone"", 'drums', 'the other one', 'black peter', 'sugar magnolia', 'baby blue']",cold rain and snow,37.8044557,-122.271356
943,Henry J. Kaiser Convention Center,Oakland,USA,1986-12-30,1986,CA,"['hell in a bucket', 'althea', 'c.c. rider', 'cumberland blues', 'my brother esau', 'when push comes to shove', 'beat it on down the line', 'greatest story ever told', ""don't ease me in"", 'music never stopped', 'china cat sunflower', 'i know you rider', 'saint of circumstance', 'ship of fools', 'estimated prophet', 'eyes of the world', 'drums', 'iko iko', 'man smart/woman smarter', 'stella blue', ""throwin' stones"", 'not fade away', 'johnny b. goode']",hell in a bucket,37.8044557,-122.271356
944,Henry J. Kaiser Convention Center,Oakland,USA,1986-12-31,1986,CA,"['jack straw', 'sugaree', 'me and my uncle', 'mexicali blues', 'candyman', 'desolation row', 'u.s. blues', 'touch of grey', 'let it grow', 'black muddy river', 'samson and delilah', 'terrapin station', 'drums', 'wharf rat', ""goin' down the road feelin' bad"", 'turn on your love light', ""gimme some lovin'"", 'when push comes to shove', 'box of rain', 'midnight hour', 'brokedown palace']",jack straw,37.8044557,-122.271356
945,San Francisco Civic,San Francisco,USA,1987-01-28,1987,CA,"['shakedown street', 'get back', 'peggy-o', ""walkin' blues"", 'it must have been the roses', ""it's all over now"", 'row jimmy', 'my brother esau', 'bird song', 'jack straw', 'when push comes to shove', 'samson and delilah', 'black muddy river', ""he's gone"", 'spoonful', 'drums', 'eyes of the world', 'black peter', 'around and around', 'sugar magnolia', 'u.s. blues']",shakedown street,37.7879363,-122.4075201
946,San Francisco Civic,San Francisco,USA,1987-01-29,1987,CA,"['funiculi funicula', 'hell in a bucket', 'sugaree', 'el paso', 'loser', 'little red rooster', 'brown eyed women', 'cassidy', ""don't ease me in"", 'scarlet begonias', 'fire on the mountain', 'looks like rain', 'terrapin station', 'drums', 'i need a miracle', 'stella blue', ""goin' down the road feelin' bad"", 'johnny b. goode', 'baby blue']",funiculi funicula,37.7879363,-122.4075201
947,San Francisco Civic,San Francisco,USA,1987-01-30,1987,CA,"['touch of grey', 'new minglewood blues', 'candyman', 'me and my uncle', 'mexicali blues', 'when push comes to shove', 'beat it on down the line', 'promised land', 'china cat sunflower', 'i know you rider', 'iko iko', 'man smart/woman smarter', 'ship of fools', 'estimated prophet', ""truckin'"", 'drums', 'the other one', 'wharf rat', ""throwin' stones"", 'not fade away', 'not fade away', 'brokedown palace']",touch of grey,37.7879363,-122.4075201
948,Henry J. Kaiser Convention Center,Oakland,USA,1987-03-01,1987,CA,"['touch of grey', 'little red rooster', 'peggy-o', 'me and my uncle', 'mexicali blues', 'when push comes to shove', ""it's all over now"", 'row jimmy', 'let it grow', 'hell in a bucket', 'scarlet begonias', 'fire on the mountain', 'samson and delilah', 'black muddy river', ""he's gone"", 'drums', 'the other one', 'black peter', 'around and around', ""good lovin'"", ""don't ease me in""]",touch of grey,37.8044557,-122.271356
949,Henry J. Kaiser Convention Center,Oakland,USA,1987-03-02,1987,CA,"['funiculi funicula', 'jack straw', 'althea', 'c.c. rider', 'bird song', 'beat it on down the line', 'ramble on rose', 'feel like a stranger', 'china cat sunflower', 'i know you rider', 'man smart/woman smarter', 'ship of fools', 'estimated prophet', 'eyes of the world', 'drums', ""truckin'"", 'morning dew', 'johnny b. goode']",funiculi funicula,37.8044557,-122.271356
950,Henry J. Kaiser Convention Center,Oakland,USA,1987-03-03,1987,CA,"['quinn the eskimo', 'greatest story ever told', 'loser', 'new minglewood blues', 'tons of steel', 'cassidy', 'mississippi half-step', 'promised land', 'iko iko', 'saint of circumstance', 'terrapin station', 'drums', ""gimme some lovin'"", 'wharf rat', ""throwin' stones"", 'touch of grey', 'brokedown palace']",quinn the eskimo,37.8044557,-122.271356
951,Hampton Roads Coliseum,Hampton,USA,1987-03-22,1987,VA,"['hell in a bucket', 'sugaree', ""it's all over now"", 'west l.a. fadeaway', 'el paso', 'when push comes to shove', 'cassidy', 'deal', 'sugar magnolia', 'scarlet begonias', 'fire on the mountain', 'estimated prophet', 'drums', 'the wheel', 'black peter', 'sunshine daydream', 'baby blue']",hell in a bucket,37.0264414,-76.3442846
952,Hampton Roads Coliseum,Hampton,USA,1987-03-23,1987,VA,"['touch of grey', 'little red rooster', 'althea', 'me and my uncle', 'big river', 'iko iko', 'tons of steel', 'feel like a stranger', ""don't ease me in"", 'box of rain', 'man smart/woman smarter', 'ship of fools', ""truckin'"", 'drums', 'the other one', 'stella blue', ""throwin' stones"", 'turn on your love light', 'u.s. blues']",touch of grey,37.0264414,-76.3442846
953,Hampton Roads Coliseum,Hampton,USA,1987-03-24,1987,VA,"['jack straw', 'candyman', 'new minglewood blues', 'loser', 'mama tried', 'mexicali blues', 'ramble on rose', 'let it grow', ""gimme some lovin'"", 'black muddy river', ""playin' in the band"", 'terrapin station', 'drums', 'dear mr. fantasy', 'wharf rat', 'not fade away', 'brokedown palace']",jack straw,37.0264414,-76.3442846
954,Hartford Civic Center,Hartford,USA,1987-03-26,1987,CT,"['midnight hour', 'cold rain and snow', 'c.c. rider', 'row jimmy', 'my brother esau', 'when push comes to shove', 'desolation row', 'bird song', 'promised land', 'china cat sunflower', 'i know you rider', 'looks like rain', ""he's gone"", 'drums', 'i need a miracle', 'black peter', 'around and around', ""good lovin'"", 'quinn the eskimo']",midnight hour,41.764582,-72.6908547
955,Hartford Civic Center,Hartford,USA,1987-03-27,1987,CT,"['alabama getaway', 'greatest story ever told', 'west l.a. fadeaway', 'little red rooster', 'brown eyed women', 'beat it on down the line', 'tennessee jed', 'music never stopped', 'touch of grey', 'samson and delilah', 'cumberland blues', 'estimated prophet', 'eyes of the world', 'drums', ""uncle john's band"", 'morning dew', 'johnny b. goode']",alabama getaway,41.764582,-72.6908547
956,The Spectrum,Philadelphia,USA,1987-03-29,1987,PA,"['hell in a bucket', 'bertha', 'little red rooster', 'far from me', 'friend of the devil', 'el paso', 'when push comes to shove', 'let it grow', 'mississippi half-step', ""playin' in the band"", 'china doll', 'man smart/woman smarter', 'drums', 'the wheel', ""goin' down the road feelin' bad"", 'black muddy river', 'sugar magnolia', 'quinn the eskimo']",hell in a bucket,39.9527237,-75.1635262
957,The Spectrum,Philadelphia,USA,1987-03-30,1987,PA,"['shakedown street', ""it's all over now"", 'stagger lee', 'good time blues', 'box of rain', 'loser', 'cassidy', 'iko iko', 'saint of circumstance', ""he's gone"", 'drums', ""truckin'"", 'the other one', 'wharf rat', ""throwin' stones"", 'not fade away', 'baby blue']",shakedown street,39.9527237,-75.1635262
958,The Spectrum,Philadelphia,USA,1987-03-31,1987,PA,"['jack straw', ""franklin's tower"", 'c.c. rider', 'ramble on rose', 'tons of steel', 'mama tried', 'big river', 'candyman', 'desolation row', ""don't ease me in"", 'touch of grey', 'estimated prophet', 'terrapin station', 'drums', ""uncle john's band"", 'i need a miracle', 'stella blue', 'around and around', 'turn on your love light', 'brokedown palace']",jack straw,39.9527237,-75.1635262
959,The Centrum,Worcester,USA,1987-04-02,1987,MA,"['cold rain and snow', 'new minglewood blues', ""dupree's diamond blues"", 'far from me', 'me and my uncle', 'mexicali blues', 'when push comes to shove', 'beat it on down the line', 'bird song', 'music never stopped', 'scarlet begonias', 'fire on the mountain', 'looks like rain', 'eyes of the world', 'drums', ""gimme some lovin'"", 'the wheel', 'black peter', 'around and around', ""good lovin'"", 'black muddy river']",cold rain and snow,42.2625621,-71.8018877
960,The Centrum,Worcester,USA,1987-04-03,1987,MA,"['hell in a bucket', 'sugaree', 'c.c. rider', 'it must have been the roses', ""it's all over now"", 'big railroad blues', 'let it grow', ""don't ease me in"", 'china cat sunflower', 'i know you rider', 'man smart/woman smarter', 'crazy fingers', 'samson and delilah', 'drums', 'the other one', 'wharf rat', ""throwin' stones"", 'not fade away', 'u.s. blues']",hell in a bucket,42.2625621,-71.8018877
961,The Centrum,Worcester,USA,1987-04-04,1987,MA,"['touch of grey', 'greatest story ever told', 'althea', 'el paso', 'tennessee jed', 'cassidy', 'good time blues', 'box of rain', 'promised land', 'iko iko', ""playin' in the band"", 'comes a time', 'willie and the hand jive', 'drums', ""truckin'"", 'morning dew', 'one more saturday night']",touch of grey,42.2625621,-71.8018877
962,Giants Stadium (Meadowlands Sports Complex),East Rutherford,USA,1987-04-06,1987,NJ,"[""dancin' in the streets"", ""franklin's tower"", 'little red rooster', 'peggy-o', 'me and my uncle', 'mexicali blues', 'when push comes to shove', 'jack straw', 'deal', 'feel like a stranger', 'cumberland blues', 'tons of steel', 'saint of circumstance', 'drums', 'terrapin station', 'the other one', 'stella blue', 'sugar magnolia', 'black muddy river']",dancin in the streets,40.833989,-74.0970865
963,Giants Stadium (Meadowlands Sports Complex),East Rutherford,USA,1987-04-07,1987,NJ,"['touch of grey', 'new minglewood blues', 'friend of the devil', 'beat it on down the line', 'stagger lee', 'mama tried', 'big river', 'west l.a. fadeaway', 'hell in a bucket', ""don't ease me in"", 'box of rain', 'i need a miracle', 'bertha', 'ship of fools', 'man smart/woman smarter', 'drums', ""gimme some lovin'"", 'morning dew', ""throwin' stones"", 'not fade away', 'quinn the eskimo']",touch of grey,40.833989,-74.0970865
964,Pavilion (U Illinois At Chicago),Chicago,USA,1987-04-09,1987,IL,"['greatest story ever told', 'promised land', 'when push comes to shove', 'good time blues', 'el paso', 'row jimmy', 'my brother esau', 'far from me', 'deal', 'scarlet begonias', 'fire on the mountain', ""playin' in the band"", ""uncle john's band"", 'drums', 'china doll', ""goin' down the road feelin' bad"", 'sugar magnolia', 'u.s. blues']",greatest story ever told,41.8755616,-87.6244212
965,Pavilion (U Illinois At Chicago),Chicago,USA,1987-04-10,1987,IL,"['shakedown street', 'little red rooster', 'candyman', 'me and my uncle', 'mexicali blues', 'brown eyed women', 'cassidy', ""don't ease me in"", 'iko iko', 'looks like rain', 'box of rain', ""he's gone"", 'drums', 'the other one', 'black peter', 'around and around', 'turn on your love light', 'baby blue']",shakedown street,41.8755616,-87.6244212
966,Pavilion (U Illinois At Chicago),Chicago,USA,1987-04-11,1987,IL,"['hell in a bucket', 'sugaree', 'new minglewood blues', 'loser', 'tons of steel', 'desolation row', 'big railroad blues', 'music never stopped', 'touch of grey', 'man smart/woman smarter', 'terrapin station', 'drums', ""truckin'"", 'wharf rat', ""throwin' stones"", 'not fade away', 'not fade away', 'black muddy river']",hell in a bucket,41.8755616,-87.6244212
967,Irvine Meadows Amphitheater,Laguna Hills,USA,1987-04-18,1987,CA,"['hell in a bucket', 'sugaree', 'me and my uncle', 'mexicali blues', 'west l.a. fadeaway', 'far from me', 'row jimmy', 'let it grow', ""don't ease me in"", 'iko iko', ""playin' in the band"", 'terrapin station', 'drums', ""gimme some lovin'"", 'morning dew', ""throwin' stones"", 'turn on your love light', 'black muddy river']",hell in a bucket,33.5948758,-117.6882067
968,Irvine Meadows Amphitheater,Laguna Hills,USA,1987-04-19,1987,CA,"['mississippi half-step', ""franklin's tower"", 'new minglewood blues', 'ramble on rose', 'tons of steel', 'box of rain', 'cassidy', 'alabama getaway', 'promised land', 'china cat sunflower', 'i know you rider', 'man smart/woman smarter', 'black muddy river', 'i need a miracle', 'cumberland blues', 'drums', 'the other one', 'wharf rat', 'not fade away', 'not fade away', 'brokedown palace']",mississippi half-step,33.5948758,-117.6882067
969,Frost Amphitheater (Stanford U),Palo Alto,USA,1987-05-02,1987,CA,"['hell in a bucket', 'west l.a. fadeaway', 'beat it on down the line', 'stagger lee', 'little red rooster', 'dire wolf', 'far from me', 'jack straw', 'when push comes to shove', 'one more saturday night', 'china cat sunflower', 'i know you rider', ""playin' in the band"", 'terrapin station', 'drums', ""truckin'"", 'morning dew', 'around and around', 'turn on your love light', 'black muddy river']",hell in a bucket,37.4443293,-122.1598465
970,Frost Amphitheater (Stanford U),Palo Alto,USA,1987-05-03,1987,CA,"['touch of grey', 'promised land', 'row jimmy', 'peggy-o', 'good time blues', 'cassidy', ""don't ease me in"", 'iko iko', 'feel like a stranger', 'ship of fools', 'estimated prophet', 'drums', 'the other one', 'black peter', ""throwin' stones"", 'not fade away', 'not fade away', 'quinn the eskimo']",touch of grey,37.4443293,-122.1598465
971,Laguna Seca Raceway,Monterey,USA,1987-05-09,1987,CA,"['sugar magnolia', 'sugaree', 'me and my uncle', 'mexicali blues', 'when push comes to shove', 'tons of steel', 'my brother esau', 'tennessee jed', 'let it grow', 'touch of grey', 'looks like rain', ""he's gone"", 'drums', 'the wheel', 'the other one', 'wharf rat', 'around and around', 'sunshine daydream', 'iko iko']",sugar magnolia,36.2231079,-121.387742
972,Laguna Seca Raceway,Monterey,USA,1987-05-10,1987,CA,"['mississippi half-step', 'feel like a stranger', 'west l.a. fadeaway', 'new minglewood blues', 'row jimmy', 'box of rain', 'desolation row', ""don't ease me in"", 'hell in a bucket', 'scarlet begonias', 'fire on the mountain', 'man smart/woman smarter', 'drums', 'china doll', ""playin' in the band"", ""throwin' stones"", 'turn on your love light', 'not fade away', 'black muddy river']",mississippi half-step,36.2231079,-121.387742
973,Ventura County Fairgrounds,Ventura,USA,1987-06-12,1987,CA,"['jack straw', 'west l.a. fadeaway', 'mama tried', 'big river', 'candyman', 'my brother esau', 'bird song', 'desolation row', ""don't ease me in"", 'china cat sunflower', 'i know you rider', 'far from me', 'man smart/woman smarter', ""he's gone"", 'drums', 'the wheel', 'i need a miracle', 'black peter', 'around and around', ""good lovin'"", 'touch of grey']",jack straw,34.4458248,-119.0779359
974,Ventura County Fairgrounds,Ventura,USA,1987-06-13,1987,CA,"['mississippi half-step', ""walkin' blues"", 'row jimmy', 'masterpiece', 'when push comes to shove', 'cassidy', 'friend of the devil', 'let it grow', 'shakedown street', 'saint of circumstance', 'ship of fools', 'estimated prophet', 'eyes of the world', 'drums', 'the other one', 'morning dew', 'sugar magnolia', 'black muddy river']",mississippi half-step,34.4458248,-119.0779359
975,Ventura County Fairgrounds,Ventura,USA,1987-06-14,1987,CA,"['hell in a bucket', 'sugaree', 'tons of steel', 'ramble on rose', 'me and my uncle', 'mexicali blues', 'althea', 'feel like a stranger', 'might as well', 'scarlet begonias', 'fire on the mountain', ""playin' in the band"", 'terrapin station', 'drums', ""truckin'"", 'wharf rat', ""throwin' stones"", 'not fade away', 'quinn the eskimo']",hell in a bucket,34.4458248,-119.0779359
976,Greek Theater (U of California),Berkeley,USA,1987-06-19,1987,CA,"['touch of grey', 'little red rooster', 'cold rain and snow', 'mama tried', 'big river', 'brown eyed women', 'desolation row', 'when push comes to shove', 'music never stopped', 'bertha', 'greatest story ever told', 'it must have been the roses', 'samson and delilah', 'terrapin station', 'drums', 'i need a miracle', ""goin' down the road feelin' bad"", 'stella blue', 'turn on your love light', 'black muddy river']",touch of grey,37.8708393,-122.272863
977,Greek Theater (U of California),Berkeley,USA,1987-06-20,1987,CA,"['hell in a bucket', ""franklin's tower"", 'new minglewood blues', 'loser', 'my brother esau', 'bird song', 'iko iko', 'looks like rain', 'deal', 'drums', ""gimme some lovin'"", 'all along the watchtower', 'the wheel', 'the other one', 'wharf rat', 'sugar magnolia', 'one more saturday night']",hell in a bucket,37.8708393,-122.272863
978,Greek Theater (U of California),Berkeley,USA,1987-06-21,1987,CA,"['alabama getaway', 'promised land', 'west l.a. fadeaway', ""walkin' blues"", 'far from me', 'cumberland blues', 'mexicali blues', 'box of rain', ""don't ease me in"", 'man smart/woman smarter', 'crazy fingers', 'saint of circumstance', 'china doll', ""playin' in the band"", 'drums', 'masterpiece', 'black peter', ""throwin' stones"", 'not fade away', 'brokedown palace']",alabama getaway,37.8708393,-122.272863
979,Alpine Valley Music Theater,East Troy,USA,1987-06-26,1987,WI,"['feel like a stranger', ""franklin's tower"", ""walkin' blues"", 'row jimmy', 'tons of steel', 'when push comes to shove', 'cassidy', 'deal', 'china cat sunflower', 'i know you rider', 'estimated prophet', 'eyes of the world', 'drums', ""gimme some lovin'"", 'the wheel', 'all along the watchtower', 'black peter', 'around and around', 'sugar magnolia', 'touch of grey']",feel like a stranger,42.7851871,-88.4054374
980,Alpine Valley Music Theater,East Troy,USA,1987-06-27,1987,WI,"['iko iko', 'greatest story ever told', 'stagger lee', 'new minglewood blues', 'friend of the devil', ""tom thumb's blues"", 'west l.a. fadeaway', 'my brother esau', 'tennessee jed', 'let it grow', ""uncle john's band"", ""playin' in the band"", 'terrapin station', 'drums', ""truckin'"", 'the other one', 'wharf rat', 'turn on your love light', 'black muddy river']",iko iko,42.7851871,-88.4054374
981,Alpine Valley Music Theater,East Troy,USA,1987-06-28,1987,WI,"['hell in a bucket', 'sugaree', 'me and my uncle', 'mexicali blues', 'althea', 'little red rooster', 'bird song', 'jack straw', 'mississippi half-step', 'man smart/woman smarter', 'ship of fools', 'saint of circumstance', 'drums', 'i need a miracle', 'morning dew', ""throwin' stones"", 'not fade away', 'quinn the eskimo']",hell in a bucket,42.7851871,-88.4054374
982,Kingswood Music Theater,Toronto,Canada,1987-06-30,1987,,"['touch of grey', 'greatest story ever told', 'loser', 'new minglewood blues', 'candyman', 'mama tried', 'big river', 'ramble on rose', 'masterpiece', ""don't ease me in"", 'scarlet begonias', 'fire on the mountain', 'estimated prophet', 'eyes of the world', 'drums', 'spanish jam', 'the other one', 'china doll', 'dear mr. fantasy', 'around and around', ""good lovin'"", 'box of rain']",touch of grey,-21.2131807,-47.8074981
983,Silver Stadium,Rochester,USA,1987-07-02,1987,NY,"['hell in a bucket', 'bertha', ""walkin' blues"", 'dire wolf', 'my brother esau', 'when push comes to shove', 'tons of steel', 'me and my uncle', 'mexicali blues', 'brown eyed women', 'cassidy', 'deal', 'china cat sunflower', 'i know you rider', 'samson and delilah', 'looks like rain', ""he's gone"", 'drums', ""goin' down the road feelin' bad"", 'all along the watchtower', 'stella blue', 'sugar magnolia', 'black muddy river']",hell in a bucket,43.157285,-77.615214
984,Sullivan Stadium,Foxboro,USA,1987-07-04,1987,MA,"['touch of grey', 'hell in a bucket', 'west l.a. fadeaway', 'tons of steel', 'little red rooster', 'box of rain', 'althea', ""uncle john's band"", ""playin' in the band"", 'drums', ""truckin'"", 'the other one', 'wharf rat', ""throwin' stones"", ""times they are a-changin'"", 'man of peace', ""i'll be your baby tonight"", 'john brown', 'i want you', 'ballad of a thin man', 'stuck inside of mobile', 'queen jane approximately', 'chimes of freedom', ""slow train comin'"", 'joey', 'all along the watchtower', ""knockin' on heaven's door""]",touch of grey,42.0953545,-71.2616265
985,Pittsburgh Civic Arena,Pittsburgh,USA,1987-07-06,1987,PA,"['feel like a stranger', ""franklin's tower"", 'new minglewood blues', 'row jimmy', 'mama tried', 'big river', 'far from me', 'stagger lee', 'desolation row', ""don't ease me in"", 'shakedown street', 'samson and delilah', 'iko iko', 'banana boat song', 'man smart/woman smarter', 'drums', ""knockin' on heaven's door"", ""good lovin'"", 'johnny b. goode']",feel like a stranger,40.4406968,-80.0025666
986,Civic Center,Roanoke,USA,1987-07-07,1987,VA,"['funiculi funicula', 'mississippi half-step', ""walkin' blues"", 'candyman', 'my brother esau', 'when push comes to shove', 'me and my uncle', 'mexicali blues', 'bird song', 'promised land', 'west l.a. fadeaway', 'cumberland blues', 'looks like rain', 'eyes of the world', 'drums', 'the wheel', ""gimme some lovin'"", 'morning dew', 'turn on your love light', 'u.s. blues']",funiculi funicula,37.270973,-79.9414313
987,Civic Center,Roanoke,USA,1987-07-08,1987,VA,"['hell in a bucket', 'sugaree', ""it's all over now"", ""dupree's diamond blues"", 'good time blues', 'masterpiece', 'big railroad blues', 'let it grow', 'scarlet begonias', 'fire on the mountain', 'estimated prophet', ""he's gone"", 'drums', 'crazy fingers', ""truckin'"", 'comes a time', 'sugar magnolia', 'black muddy river']",hell in a bucket,37.270973,-79.9414313
988,JFK Stadium,Philadelphia,USA,1987-07-10,1987,PA,"['iko iko', 'jack straw', 'sugaree', 'new minglewood blues', 'althea', 'my brother esau', 'when push comes to shove', 'cassidy', 'china cat sunflower', 'i know you rider', 'looks like rain', 'terrapin station', 'drums', 'i need a miracle', 'black peter', 'around and around', 'one more saturday night', 'tangled up in blue', ""i'll be your baby tonight"", 'man of peace', 'frankie lee and judas priest', 'john brown', 'simple twist of fate', 'ballad of a thin man', 'stuck inside of mobile', 'chimes of freedom', 'queen jane approximately', 'gotta serve somebody', 'joey', 'all along the watchtower', 'touch of grey']",iko iko,39.9527237,-75.1635262
989,Giants Stadium (Meadowlands Sports Complex),East Rutherford,USA,1987-07-12,1987,NJ,"['hell in a bucket', 'west l.a. fadeaway', 'greatest story ever told', 'loser', 'tons of steel', 'step back', 'ramble on rose', 'masterpiece', 'when push comes to shove', 'promised land', 'bertha', 'morning dew', ""playin' in the band"", 'drums', 'the other one', 'stella blue', ""throwin' stones"", 'not fade away', ""slow train comin'"", 'stuck inside of mobile', 'tomorrow is a long time', 'highway 61', 'john brown', 'baby blue', 'ballad of a thin man', 'wicked messenger', 'queen jane approximately', 'chimes of freedom', 'joey', 'all along the watchtower', ""times they are a-changin'"", 'touch of grey', ""knockin' on heaven's door""]",hell in a bucket,40.833989,-74.0970865
990,Autzen Stadium (U of Oregon),Eugene,USA,1987-07-19,1987,OR,"['iko iko', 'feel like a stranger', ""franklin's tower"", 'new minglewood blues', 'peggy-o', 'addams family', 'masterpiece', 'west l.a. fadeaway', 'let it grow', ""gimme some lovin'"", ""playin' in the band"", ""he's gone"", 'spoonful', 'drums', 'the wheel', ""truckin'"", 'wharf rat', 'turn on your love light', ""maggie's farm"", 'dead man, dead man', 'watching the river flow', 'simple twist of fate', 'frankie lee and judas priest', 'stuck inside of mobile', 'heart of mine', 'baby blue', 'rainy day woman', 'queen jane approximately', 'ballad of a thin man', 'highway 61', 'tangled up in blue', 'touch of grey', 'all along the watchtower']",iko iko,44.0505054,-123.0950506
991,Oakland Coliseum,Oakland,USA,1987-07-24,1987,CA,"['funiculi funicula', 'jack straw', 'mississippi half-step', 'my brother esau', 'friend of the devil', 'me and my uncle', 'big river', 'when push comes to shove', 'far from me', 'cassidy', 'deal', 'hell in a bucket', 'scarlet begonias', ""playin' in the band"", 'drums', ""uncle john's band"", 'dear mr. fantasy', 'i need a miracle', 'bertha', 'sugar magnolia', ""times they are a-changin'"", 'man of peace', ""maggie's farm"", ""i'll be your baby tonight"", 'i want you', 'highway 61', 'baby blue', 'stuck inside of mobile', 'ballad of a thin man', 'shelter from the storm', ""slow train comin'"", ""knockin' on heaven's door"", 'touch of grey', 'all along the watchtower']",funiculi funicula,37.8044557,-122.271356
992,Anaheim Stadium,Anaheim,USA,1987-07-26,1987,CA,"['iko iko', 'new minglewood blues', 'tons of steel', 'west l.a. fadeaway', 'masterpiece', 'mexicali blues', 'bird song', 'promised land', 'shakedown street', 'looks like rain', 'terrapin station', 'drums', 'the other one', 'stella blue', ""throwin' stones"", 'not fade away', 'mr. tambourine man', 'dead man, dead man', ""maggie's farm"", 'simple twist of fate', 'watching the river flow', 'baby blue', 'chimes of freedom', 'queen jane approximately', 'stuck inside of mobile', 'ballad of a thin man', 'rainy day woman', 'gotta serve somebody', 'all along the watchtower', 'touch of grey', ""knockin' on heaven's door""]",iko iko,33.8347516,-117.911732
993,Red Rocks Amphitheater,Morrison,USA,1987-08-11,1987,CO,"['cold rain and snow', 'little red rooster', 'tons of steel', 'high time', 'masterpiece', 'when push comes to shove', 'let it grow', 'crazy fingers', 'samson and delilah', 'ship of fools', ""playin' in the band"", 'china doll', 'drums', 'all along the watchtower', ""goin' down the road feelin' bad"", 'around and around', 'sugar magnolia', 'black muddy river']",cold rain and snow,39.6535988,-105.191099
994,Red Rocks Amphitheater,Morrison,USA,1987-08-12,1987,CO,"['hell in a bucket', 'sugaree', 'good time blues', 'cumberland blues', 'mexicali blues', 'friend of the devil', 'my brother esau', 'bird song', 'music never stopped', 'china cat sunflower', 'i know you rider', 'man smart/woman smarter', 'terrapin station', 'drums', 'the other one', 'dear mr. fantasy', 'wharf rat', 'turn on your love light', 'quinn the eskimo']",hell in a bucket,39.6535988,-105.191099
995,Red Rocks Amphitheater,Morrison,USA,1987-08-13,1987,CO,"['big boss man', 'jack straw', 'row jimmy', ""it's all over now"", 'loser', 'cassidy', 'far from me', 'box of rain', ""uncle john's band"", 'estimated prophet', ""he's gone"", 'drums', 'the wheel', ""gimme some lovin'"", 'stella blue', ""throwin' stones"", 'not fade away', 'not fade away', 'touch of grey', ""knockin' on heaven's door""]",big boss man,39.6535988,-105.191099
996,Town Park,Telluride,USA,1987-08-15,1987,CO,"['feel like a stranger', ""franklin's tower"", 'new minglewood blues', 'candyman', 'me and my uncle', 'big river', 'tennessee jed', 'desolation row', 'deal', 'scarlet begonias', 'fire on the mountain', 'looks like rain', 'eyes of the world', 'drums', 'i need a miracle', 'bertha', 'morning dew', 'one more saturday night', 'baby blue']",feel like a stranger,37.9374939,-107.812285
997,Town Park,Telluride,USA,1987-08-16,1987,CO,"['mississippi half-step', 'little red rooster', 'iko iko', 'far from me', 'west l.a. fadeaway', 'masterpiece', 'big railroad blues', 'promised land', 'when push comes to shove', 'samson and delilah', ""he's gone"", 'drums', 'the other one', ""truckin'"", 'black peter', ""good lovin'"", 'touch of grey', 'brokedown palace']",mississippi half-step,37.9374939,-107.812285
998,Compton Terrace Amphitheater,Tempe,USA,1987-08-18,1987,AZ,"['hell in a bucket', 'sugaree', ""walkin' blues"", 'ramble on rose', 'my brother esau', 'peggy-o', 'greatest story ever told', 'bertha', 'crazy fingers', ""playin' in the band"", 'terrapin station', 'drums', 'dear mr. fantasy', 'wharf rat', ""throwin' stones"", 'turn on your love light', 'black muddy river']",hell in a bucket,33.4255117,-111.940016
999,Park West Ski Resort,Salt Lake City,USA,1987-08-20,1987,UT,"['big boss man', 'promised land', 'dire wolf', 'new minglewood blues', 'row jimmy', ""it's all over now"", 'loser', 'cassidy', 'when push comes to shove', 'china cat sunflower', 'i know you rider', 'man smart/woman smarter', 'ship of fools', ""truckin'"", ""smokestack lightnin'"", 'drums', 'the wheel', ""gimme some lovin'"", 'all along the watchtower', 'stella blue', 'sugar magnolia', 'quinn the eskimo']",big boss man,40.7596198,-111.886797
1002,Providence Civic Center,Providence,USA,1987-09-07,1987,RI,"['feel like a stranger', ""franklin's tower"", ""walkin' blues"", 'when push comes to shove', 'my brother esau', 'it must have been the roses', 'frere jacques', 'far from me', 'let it grow', 'iko iko', 'saint of circumstance', 'ship of fools', ""uncle john's band"", 'drums', ""truckin'"", 'spoonful', 'black peter', 'around and around', ""good lovin'"", 'la bamba', ""good lovin'"", ""knockin' on heaven's door""]",feel like a stranger,41.8239891,-71.4128343
1003,Providence Civic Center,Providence,USA,1987-09-08,1987,RI,"['mississippi half-step', 'little red rooster', 'they love each other', 'queen jane approximately', 'row jimmy', 'music never stopped', ""don't ease me in"", 'hell in a bucket', 'fire on the mountain', 'looks like rain', 'terrapin station', 'drums', 'the other one', 'stella blue', 'turn on your love light', 'black muddy river']",mississippi half-step,41.8239891,-71.4128343
1004,Providence Civic Center,Providence,USA,1987-09-09,1987,RI,"['hey pocky way', 'jack straw', 'west l.a. fadeaway', 'masterpiece', 'friend of the devil', 'cassidy', 'althea', 'greatest story ever told', 'devil with a blue dress', 'good golly miss molly', 'devil with a blue dress', 'china cat sunflower', 'i know you rider', ""playin' in the band"", 'china doll', 'drums', 'the wheel', ""gimme some lovin'"", ""throwin' stones"", 'not fade away', 'not fade away', 'quinn the eskimo']",hey pocky way,41.8239891,-71.4128343
1005,Capital Centre,Landover,USA,1987-09-11,1987,MD,"['bertha', 'promised land', 'candyman', 'new minglewood blues', 'when push comes to shove', 'tons of steel', 'desolation row', 'deal', 'happy birthday mickey', 'sugar magnolia', 'sugaree', 'estimated prophet', 'eyes of the world', 'drums', ""goin' down the road feelin' bad"", 'dear mr. fantasy', 'all along the watchtower', 'wharf rat', 'sunshine daydream', 'touch of grey']",bertha,38.925313,-76.8815433
1006,Capital Centre,Landover,USA,1987-09-12,1987,MD,"['hell in a bucket', 'loser', 'me and my uncle', 'big river', 'ramble on rose', ""tom thumb's blues"", 'hey pocky way', 'cassidy', 'might as well', 'cumberland blues', 'samson and delilah', 'ship of fools', 'man smart/woman smarter', 'drums', ""truckin'"", 'i need a miracle', 'morning dew', 'turn on your love light', 'one more saturday night', 'black muddy river']",hell in a bucket,38.925313,-76.8815433
1007,Capital Centre,Landover,USA,1987-09-13,1987,MD,"['iko iko', 'little red rooster', 'brown eyed women', 'fever', 'stagger lee', 'masterpiece', 'bird song', 'promised land', 'scarlet begonias', 'fire on the mountain', ""playin' in the band"", 'drums', 'the other one', 'stella blue', ""throwin' stones"", ""good lovin'"", 'la bamba', ""good lovin'"", ""knockin' on heaven's door""]",iko iko,38.925313,-76.8815433
1008,Madison Square Garden,New York,USA,1987-09-15,1987,NY,"['hey pocky way', 'new minglewood blues', 'when push comes to shove', 'me and my uncle', 'mexicali blues', 'row jimmy', 'queen jane approximately', 'tennessee jed', 'music never stopped', 'china cat sunflower', 'i know you rider', 'estimated prophet', 'eyes of the world', 'drums', 'the wheel', ""gimme some lovin'"", 'black peter', 'sugar magnolia', 'baby blue']",hey pocky way,40.7127281,-74.0060152
1009,Madison Square Garden,New York,USA,1987-09-16,1987,NY,"['touch of grey', 'scarlet begonias', 'little red rooster', 'dire wolf', 'my brother esau', 'high time', 'let it grow', ""don't ease me in"", 'bertha', 'greatest story ever told', 'devil with a blue dress', 'good golly miss molly', 'devil with a blue dress', ""he's gone"", 'drums', ""truckin'"", 'wharf rat', ""throwin' stones"", 'not fade away', 'black muddy river']",touch of grey,40.7127281,-74.0060152
1010,NBC Studios,New York,USA,1987-09-17,1987,NY,"['comments: david letterman', ""good lovin'"", 'all along the watchtower', ""walkin' the dog"", 'tore up over you', 'kansas city', 'masterpiece']",comments: david letterman,40.7127281,-74.0060152
1011,Madison Square Garden,New York,USA,1987-09-18,1987,NY,"['hell in a bucket', 'sugaree', ""walkin' blues"", 'candyman', 'masterpiece', 'bird song', 'shakedown street', 'man smart/woman smarter', 'terrapin station', 'drums', ""goin' down the road feelin' bad"", 'all along the watchtower', 'morning dew', ""good lovin'"", 'la bamba', ""good lovin'"", ""knockin' on heaven's door""]",hell in a bucket,40.7127281,-74.0060152
1012,Madison Square Garden,New York,USA,1987-09-19,1987,NY,"['mississippi half-step', ""it's all over now"", 'high time', 'mexicali blues', 'big river', 'when push comes to shove', 'box of rain', ""don't ease me in"", 'crazy fingers', ""uncle john's band"", ""playin' in the band"", 'drums', 'i need a miracle', ""maggie's farm"", 'black peter', 'around and around', 'turn on your love light', 'black muddy river']",mississippi half-step,40.7127281,-74.0060152
1013,Madison Square Garden,New York,USA,1987-09-20,1987,NY,"['jack straw', 'west l.a. fadeaway', 'my brother esau', 'far from me', 'it must have been the roses', 'desolation row', 'might as well', 'promised land', 'hell in a bucket', 'iko iko', 'looks like rain', ""he's gone"", 'drums', 'the other one', 'wharf rat', ""throwin' stones"", 'not fade away', 'touch of grey', 'brokedown palace']",jack straw,40.7127281,-74.0060152
1014,The Spectrum,Philadelphia,USA,1987-09-22,1987,PA,"['hey pocky way', 'althea', 'little red rooster', 'when push comes to shove', 'masterpiece', 'ramble on rose', 'addams family', 'cassidy', 'deal', ""gimme some lovin'"", 'china cat sunflower', 'i know you rider', 'samson and delilah', 'terrapin station', 'drums', ""playin' reprise"", 'the wheel', ""truckin'"", 'stella blue', 'sugar magnolia', 'baby blue']",hey pocky way,39.9527237,-75.1635262
1015,The Spectrum,Philadelphia,USA,1987-09-23,1987,PA,"['feel like a stranger', ""franklin's tower"", ""walkin' blues"", 'friend of the devil', 'tons of steel', 'desolation row', 'big railroad blues', 'music never stopped', 'bertha', 'cumberland blues', ""playin' in the band"", ""uncle john's band"", 'drums', 'i need a miracle', 'dear mr. fantasy', 'around and around', ""good lovin'"", 'la bamba', ""good lovin'"", 'u.s. blues']",feel like a stranger,39.9527237,-75.1635262
1016,The Spectrum,Philadelphia,USA,1987-09-24,1987,PA,"['touch of grey', 'new minglewood blues', 'high time', 'me and my uncle', 'big river', 'big boss man', 'my brother esau', 'bird song', 'promised land', 'box of rain', 'iko iko', 'hell in a bucket', 'fire on the mountain', 'drums', 'the other one', 'black peter', ""throwin' stones"", 'turn on your love light', ""knockin' on heaven's door""]",touch of grey,39.9527237,-75.1635262
1017,Shoreline Amphitheater,Mountain View,USA,1987-10-02,1987,CA,"['cold rain and snow', 'little red rooster', 'stagger lee', 'me and my uncle', 'mexicali blues', 'far from me', 'row jimmy', 'let it grow', 'china cat sunflower', 'i know you rider', 'man smart/woman smarter', 'ship of fools', ""truckin'"", 'drums', 'the wheel', ""gimme some lovin'"", 'all along the watchtower', ""don't ease me in"", 'black muddy river']",cold rain and snow,37.3893889,-122.0832101
1018,Shoreline Amphitheater,Mountain View,USA,1987-10-03,1987,CA,"['hey pocky way', 'new minglewood blues', 'candyman', 'masterpiece', 'west l.a. fadeaway', 'my brother esau', 'bird song', 'music never stopped', ""maggie's farm"", 'cumberland blues', 'looks like rain', 'terrapin station', 'drums', 'the other one', 'stella blue', ""throwin' stones"", 'turn on your love light', 'quinn the eskimo']",hey pocky way,37.3893889,-122.0832101
1019,Shoreline Amphitheater,Mountain View,USA,1987-10-04,1987,CA,"['jack straw', 'when push comes to shove', ""walkin' blues"", 'high time', 'desolation row', 'iko iko', 'hell in a bucket', 'devil with a blue dress', 'good golly miss molly', 'devil with a blue dress', 'estimated prophet', 'eyes of the world', 'drums', 'i need a miracle', 'dear mr. fantasy', 'wharf rat', 'not fade away', 'touch of grey', 'brokedown palace']",jack straw,37.3893889,-122.0832101
1020,HJK,Oakland,USA,1987-11-06,1987,CA,"['big boss man', 'feel like a stranger', 'it must have been the roses', 'new minglewood blues', 'when push comes to shove', 'me and my uncle', 'cumberland blues', 'let it grow', 'scarlet begonias', 'hell in a bucket', ""he's gone"", 'drums', 'the wheel', ""gimme some lovin'"", 'morning dew', 'all along the watchtower', 'black muddy river']",big boss man,37.8044557,-122.271356
1021,HJK,Oakland,USA,1987-11-07,1987,CA,"['hey pocky way', 'jack straw', 'row jimmy', 'masterpiece', ""dupree's diamond blues"", 'box of rain', 'cassidy', 'might as well', ""uncle john's band"", ""playin' in the band"", 'terrapin station', 'drums', 'i need a miracle', 'black peter', ""throwin' stones"", 'not fade away', ""knockin' on heaven's door"", 'one more saturday night']",hey pocky way,37.8044557,-122.271356
1022,HJK,Oakland,USA,1987-11-08,1987,CA,"['iko iko', 'little red rooster', 'stagger lee', 'mexicali blues', 'big river', 'west l.a. fadeaway', 'music never stopped', ""don't ease me in"", 'china cat sunflower', 'i know you rider', 'looks like rain', 'crazy fingers', ""truckin'"", 'drums', 'the other one', 'stella blue', 'turn on your love light', ""tom thumb's blues"", 'touch of grey']",iko iko,37.8044557,-122.271356
1023,Long Beach Arena,Long Beach,USA,1987-11-13,1987,CA,"['hell in a bucket', 'sugaree', 'new minglewood blues', 'friend of the devil', 'far from me', 'bird song', 'music never stopped', 'bertha', 'man smart/woman smarter', 'ship of fools', 'estimated prophet', 'drums', 'the wheel', ""gimme some lovin'"", 'wharf rat', 'sugar magnolia', ""knockin' on heaven's door""]",hell in a bucket,33.7690164,-118.191604
1024,Long Beach Arena,Long Beach,USA,1987-11-14,1987,CA,"['shakedown street', 'little red rooster', 'althea', 'masterpiece', 'hey pocky way', 'deal', ""maggie's farm"", 'cumberland blues', ""playin' in the band"", 'terrapin station', 'drums', 'i need a miracle', 'stella blue', ""throwin' stones"", 'turn on your love light', 'quinn the eskimo']",shakedown street,33.7690164,-118.191604
1025,Long Beach Arena,Long Beach,USA,1987-11-15,1987,CA,"['iko iko', ""walkin' blues"", 'candyman', 'me and my uncle', 'mexicali blues', 'west l.a. fadeaway', 'cassidy', ""don't ease me in"", 'scarlet begonias', 'fire on the mountain', 'looks like rain', ""he's gone"", 'drums', 'the other one', 'morning dew', 'around and around', 'all along the watchtower', 'black muddy river']",iko iko,33.7690164,-118.191604
1026,Oakland Coliseum,Oakland,USA,1987-12-27,1987,CA,"['touch of grey', 'jack straw', 'peggy-o', ""walkin' blues"", 'ramble on rose', 'me and my uncle', 'big river', 'it must have been the roses', 'desolation row', ""don't ease me in"", ""playin' in the band"", ""uncle john's band"", 'estimated prophet', 'eyes of the world', 'drums', 'dear mr. fantasy', 'stella blue', ""throwin' stones"", 'turn on your love light', 'quinn the eskimo']",touch of grey,37.8044557,-122.271356
1027,Oakland Coliseum,Oakland,USA,1987-12-28,1987,CA,"['feel like a stranger', ""franklin's tower"", 'new minglewood blues', 'row jimmy', 'far from me', 'masterpiece', 'sugaree', 'hell in a bucket', 'china cat sunflower', 'i know you rider', 'cumberland blues', 'man smart/woman smarter', 'drums', 'the wheel', ""truckin'"", ""smokestack lightnin'"", 'black peter', 'sugar magnolia', 'black muddy river']",feel like a stranger,37.8044557,-122.271356
1028,Oakland Coliseum,Oakland,USA,1987-12-30,1987,CA,"['hey pocky way', 'big boss man', 'greatest story ever told', 'friend of the devil', 'mama tried', 'mexicali blues', 'althea', 'cassidy', 'west l.a. fadeaway', 'let it grow', 'scarlet begonias', 'samson and delilah', 'ship of fools', ""he's gone"", 'drums', 'i need a miracle', ""gimme some lovin'"", 'morning dew', 'all along the watchtower', 'baby blue']",hey pocky way,37.8044557,-122.271356
1029,Oakland Coliseum, Oakland,USA,1987-12-31,1987,CA,"['bertha', 'promised land', 'cold rain and snow', 'little red rooster', 'when push comes to shove', 'masterpiece', 'bird song', 'music never stopped', 'hell in a bucket', ""uncle john's band"", 'terrapin station', 'drums', 'the other one', 'wharf rat', ""throwin' stones"", 'not fade away', 'man smart/woman smarter', 'iko iko', 'banana boat song', ""knockin' on heaven's door""]",bertha,37.8044557,-122.271356
1030,Henry J. Kaiser Auditorium,Oakland,USA,1988-02-13,1988,CA,"['hell in a bucket', 'sugaree', 'new minglewood blues', 'friend of the devil', 'mama tried', 'big river', 'loser', 'iko iko', 'looks like rain', ""gimme some lovin'"", 'jam', 'drums', 'the other one', 'wharf rat', ""good lovin'"", 'one more saturday night', 'black muddy river']",hell in a bucket,37.8044557,-122.271356
1031,Henry J. Kaiser Auditorium,Oakland,USA,1988-02-14,1988,CA,"['touch of grey', 'feel like a stranger', ""franklin's tower"", ""walkin' blues"", 'when push comes to shove', 'cassidy', 'china cat sunflower', 'i know you rider', 'samson and delilah', 'terrapin station', 'drums', 'i need a miracle', 'stella blue', ""throwin' stones"", 'turn on your love light', 'quinn the eskimo']",touch of grey,37.8044557,-122.271356
1032,Henry J. Kaiser Auditorium,Oakland,USA,1988-02-16,1988,CA,"['jack straw', 'west l.a. fadeaway', 'me and my uncle', 'mexicali blues', 'row jimmy', 'masterpiece', 'bird song', 'iko iko', ""playin' in the band"", 'eyes of the world', 'drums', 'the wheel', 'all along the watchtower', 'dear mr. fantasy', 'not fade away', 'u.s. blues']",jack straw,37.8044557,-122.271356
1033,Henry J. Kaiser Auditorium,Oakland,USA,1988-02-17,1988,CA,"['hey pocky way', 'desolation row', 'tennessee jed', 'little red rooster', 'cumberland blues', ""it's all over now"", 'box of rain', ""don't ease me in"", 'bertha', 'man smart/woman smarter', 'ship of fools', 'estimated prophet', 'drums', ""truckin'"", 'black peter', 'sugar magnolia', 'brokedown palace']",hey pocky way,37.8044557,-122.271356
1034,Henry J. Kaiser Auditorium,Oakland,USA,1988-03-16,1988,CA,"['alabama getaway', 'greatest story ever told', 'stagger lee', ""walkin' blues"", 'candyman', 'queen jane approximately', 'big boss man', 'cassidy', ""don't ease me in"", 'scarlet begonias', 'fire on the mountain', ""playin' in the band"", 'drums', 'the wheel', ""gimme some lovin'"", 'all along the watchtower', 'morning dew', 'touch of grey']",alabama getaway,37.8044557,-122.271356
1035,Henry J. Kaiser Auditorium,Oakland,USA,1988-03-17,1988,CA,"['hell in a bucket', 'sugaree', 'new minglewood blues', 'ramble on rose', 'stuck inside of mobile', 'row jimmy', 'let it grow', 'china cat sunflower', 'i know you rider', 'estimated prophet', 'eyes of the world', 'drums', ""goin' down the road feelin' bad"", 'i need a miracle', 'dear mr. fantasy', 'hey jude reprise', 'black muddy river']",hell in a bucket,37.8044557,-122.271356
1036,Henry J. Kaiser Auditorium,Oakland,USA,1988-03-18,1988,CA,"['iko iko', 'little red rooster', 'brown eyed women', 'masterpiece', 'bird song', 'music never stopped', 'when push comes to shove', 'man smart/woman smarter', 'ship of fools', ""uncle john's band"", 'drums', 'the other one', 'stella blue', ""throwin' stones"", 'not fade away', 'brokedown palace']",iko iko,37.8044557,-122.271356
1037,The Omni,Atlanta,USA,1988-03-24,1988,GA,"['touch of grey', ""walkin' blues"", 'candyman', 'queen jane approximately', 'loser', ""it's all over now"", 'far from me', 'cassidy', ""don't ease me in"", 'mississippi half-step', 'looks like rain', 'terrapin station', 'drums', ""truckin'"", 'i need a miracle', 'wharf rat', 'turn on your love light', 'black muddy river']",touch of grey,33.7544657,-84.3898151
1038,Coliseum,Hampton,USA,1988-03-26,1988,VA,"['hell in a bucket', 'sugaree', 'stir it up', 'new minglewood blues', 'peggy-o', 'mexicali blues', 'big river', 'row jimmy', 'stuck inside of mobile', 'might as well', 'china cat sunflower', 'i know you rider', ""playin' in the band"", ""uncle john's band"", 'drums', ""gimme some lovin'"", 'the wheel', 'all along the watchtower', 'black peter', 'one more saturday night', ""knockin' on heaven's door""]",hell in a bucket,37.0264414,-76.3442846
1039,Coliseum,Hampton,USA,1988-03-27,1988,VA,"['iko iko', 'little red rooster', 'stagger lee', 'ballad of a thin man', 'cumberland blues', 'me and my uncle', 'to lay me down', 'let it grow', 'sugar magnolia', 'scarlet begonias', 'fire on the mountain', 'estimated prophet', 'eyes of the world', 'drums', ""goin' down the road feelin' bad"", 'i need a miracle', 'dear mr. fantasy', 'sunshine daydream', 'u.s. blues']",iko iko,37.0264414,-76.3442846
1040,Coliseum,Hampton,USA,1988-03-28,1988,VA,"['feel like a stranger', ""franklin's tower"", 'box of rain', 'when push comes to shove', ""walkin' blues"", 'it must have been the roses', 'masterpiece', 'bird song', 'music never stopped', 'touch of grey', 'man smart/woman smarter', 'ship of fools', ""truckin'"", 'drums', 'the other one', 'stella blue', ""throwin' stones"", 'not fade away', 'quinn the eskimo']",feel like a stranger,37.0264414,-76.3442846
1041,Brendan Byrne Arena,East Rutherford,USA,1988-03-30,1988,NJ,"['bertha', 'greatest story ever told', 'hey pocky way', 'west l.a. fadeaway', 'queen jane approximately', 'big railroad blues', 'cassidy', ""don't ease me in"", 'shakedown street', 'looks like rain', ""uncle john's band"", ""playin' in the band"", 'drums', 'the wheel', ""gimme some lovin'"", 'morning dew', 'turn on your love light', 'black muddy river']",bertha,40.833989,-74.0970865
1042,Brendan Byrne Arena,East Rutherford,USA,1988-03-31,1988,NJ,"['hell in a bucket', 'sugaree', 'me and my uncle', 'mexicali blues', 'brown eyed women', 'masterpiece', 'ramble on rose', 'let it grow', 'scarlet begonias', 'fire on the mountain', 'samson and delilah', 'terrapin station', 'drums', ""goin' down the road feelin' bad"", 'i need a miracle', 'dear mr. fantasy', 'hey jude reprise', 'all along the watchtower', ""knockin' on heaven's door""]",hell in a bucket,40.833989,-74.0970865
1043,Brendan Byrne Arena,East Rutherford,USA,1988-04-01,1988,NJ,"['mississippi half-step', 'jack straw', 'to lay me down', 'ballad of a thin man', 'when push comes to shove', 'new minglewood blues', 'cumberland blues', 'deal', 'china cat sunflower', 'i know you rider', 'estimated prophet', 'eyes of the world', 'drums', 'the other one', 'wharf rat', ""throwin' stones"", 'not fade away', 'brokedown palace']",mississippi half-step,40.833989,-74.0970865
1044,Civic Center,Hartford,USA,1988-04-03,1988,CT,"['promised land', 'greatest story ever told', 'althea', 'little red rooster', 'cold rain and snow', 'stuck inside of mobile', 'box of rain', ""don't ease me in"", ""playin' in the band"", 'crazy fingers', ""franklin's tower"", 'man smart/woman smarter', 'drums', ""gimme some lovin'"", 'black peter', 'turn on your love light', 'baby blue']",promised land,41.764582,-72.6908547
1045,Civic Center,Hartford,USA,1988-04-04,1988,CT,"['alabama getaway', 'johnny b. goode', 'good time blues', 'they love each other', 'queen jane approximately', 'when push comes to shove', 'cassidy', ""don't ease me in"", 'touch of grey', 'looks like rain', ""truckin'"", ""he's gone"", 'drums', 'the other one', 'stella blue', ""good lovin'"", 'dear mr. fantasy', 'hey jude reprise', 'u.s. blues']",alabama getaway,41.764582,-72.6908547
1046,Civic Center,Hartford,USA,1988-04-05,1988,CT,"['hell in a bucket', 'sugaree', ""walkin' blues"", 'dire wolf', ""it's all over now"", 'bird song', 'masterpiece', 'might as well', 'iko iko', 'louie louie', 'samson and delilah', 'ship of fools', ""smokestack lightnin'"", 'drums', 'i need a miracle', 'wharf rat', ""throwin' stones"", 'not fade away', ""knockin' on heaven's door""]",hell in a bucket,41.764582,-72.6908547
1047,The Centrum,Worcester,USA,1988-04-07,1988,MA,"['touch of grey', 'feel like a stranger', ""franklin's tower"", 'new minglewood blues', 'row jimmy', 'stuck inside of mobile', 'big railroad blues', 'around and around', 'sugar magnolia', 'scarlet begonias', 'estimated prophet', 'eyes of the world', 'drums', 'the wheel', ""gimme some lovin'"", 'all along the watchtower', 'black peter', 'sunshine daydream', 'box of rain']",touch of grey,42.2625621,-71.8018877
1048,The Centrum,Worcester,USA,1988-04-08,1988,MA,"['jack straw', 'west l.a. fadeaway', 'little red rooster', 'stagger lee', 'queen jane approximately', 'loser', 'let it grow', ""playin' in the band"", 'crazy fingers', ""uncle john's band"", 'drums', 'the other one', 'black peter', 'turn on your love light', 'black muddy river']",jack straw,42.2625621,-71.8018877
1049,Centrum,Worcester,USA,1988-04-09,1988,MA,"['big boss man', ""walkin' blues"", 'far from me', 'candyman', 'me and my uncle', 'mexicali blues', 'tennessee jed', 'masterpiece', 'deal', 'hell in a bucket', 'iko iko', 'looks like rain', 'terrapin station', 'drums', ""goin' down the road feelin' bad"", 'i need a miracle', 'dear mr. fantasy', 'hey jude reprise', ""throwin' stones"", 'not fade away', 'one more saturday night']",big boss man,42.2625621,-71.8018877
1050,Joe Louis Arena,Detroit,USA,1988-04-11,1988,MI,"['hell in a bucket', 'sugaree', 'new minglewood blues', 'it must have been the roses', 'stuck inside of mobile', 'to lay me down', 'music never stopped', 'touch of grey', 'man smart/woman smarter', 'ship of fools', ""truckin'"", 'drums', 'the wheel', ""gimme some lovin'"", 'all along the watchtower', 'stella blue', 'turn on your love light', 'happy birthday', 'brokedown palace']",hell in a bucket,42.3315509,-83.0466403
1051,Rosemont Horizon,Chicago,USA,1988-04-13,1988,IL,"['mississippi half-step', 'feel like a stranger', ""franklin's tower"", 'little red rooster', 'when push comes to shove', 'queen jane approximately', ""don't ease me in"", 'sugar magnolia', 'bertha', ""playin' in the band"", ""uncle john's band"", 'drums', ""playin' reprise"", ""goin' down the road feelin' bad"", 'morning dew', 'sunshine daydream', 'touch of grey']",mississippi half-step,41.8755616,-87.6244212
1052,Rosemont Horizon,Chicago,USA,1988-04-14,1988,IL,"['jack straw', 'west l.a. fadeaway', 'mama tried', 'big river', 'althea', 'masterpiece', 'bird song', 'promised land', 'box of rain', 'iko iko', 'estimated prophet', 'eyes of the world', 'drums', 'the wheel', ""gimme some lovin'"", 'black peter', ""throwin' stones"", 'not fade away', 'black muddy river']",jack straw,41.8755616,-87.6244212
1053,Rosemont Horizon,Chicago,USA,1988-04-15,1988,IL,"['scarlet begonias', 'fire on the mountain', ""walkin' blues"", 'candyman', 'louie louie', 'cumberland blues', 'stuck inside of mobile', 'deal', 'hell in a bucket', 'crazy fingers', 'looks like rain', 'terrapin station', 'drums', 'the other one', 'i need a miracle', 'dear mr. fantasy', 'hey jude reprise', 'turn on your love light', ""knockin' on heaven's door""]",scarlet begonias,41.8755616,-87.6244212
1054,Irvine Meadows,Irvine,USA,1988-04-22,1988,CA,"['mississippi half-step', 'feel like a stranger', ""franklin's tower"", 'new minglewood blues', 'candyman', 'queen jane approximately', 'when push comes to shove', 'let it grow', 'china cat sunflower', 'i know you rider', 'louie louie', 'estimated prophet', ""he's gone"", 'drums', 'the wheel', ""gimme some lovin'"", 'all along the watchtower', 'sugar magnolia', 'black muddy river']",mississippi half-step,33.6856969,-117.825981
1055,Irvine Meadows,Irvine,USA,1988-04-23,1988,CA,"['hell in a bucket', 'cold rain and snow', 'hey pocky way', 'west l.a. fadeaway', 'funiculi funicula', 'me and my uncle', 'big river', 'to lay me down', 'cassidy', ""don't ease me in"", ""playin' in the band"", 'crazy fingers', ""uncle john's band"", 'drums', ""goin' down the road feelin' bad"", 'i need a miracle', 'dear mr. fantasy', 'hey jude reprise', 'stella blue', 'turn on your love light', ""knockin' on heaven's door""]",hell in a bucket,33.6856969,-117.825981
1056,Irvine Meadows,Irvine,USA,1988-04-24,1988,CA,"['touch of grey', 'little red rooster', 'row jimmy', 'far from me', 'masterpiece', 'bird song', 'promised land', 'box of rain', 'samson and delilah', 'iko iko', 'looks like rain', 'terrapin station', 'drums', 'the other one', 'wharf rat', ""throwin' stones"", 'not fade away', 'quinn the eskimo']",touch of grey,33.6856969,-117.825981
1057,Frost Ampitheatre,Stanford,USA,1988-04-30,1988,CA,"['let the good times roll', 'feel like a stranger', 'row jimmy', ""walkin' blues"", 'hey pocky way', 'ramble on rose', 'let it grow', 'shakedown street', 'man smart/woman smarter', 'ship of fools', ""playin' in the band"", 'drums', ""goin' down the road feelin' bad"", 'all along the watchtower', 'black peter', 'sugar magnolia', 'china cat sunflower', 'i know you rider', 'one more saturday night']",let the good times roll,37.4265407,-122.1703055
1058,Frost Amphitheater,Palo Alto,USA,1988-05-01,1988,CA,"['box of rain', 'hell in a bucket', 'touch of grey', 'little red rooster', 'far from me', 'cumberland blues', 'stuck inside of mobile', 'when push comes to shove', 'cassidy', 'louie louie', ""truckin'"", 'crazy fingers', 'samson and delilah', 'eyes of the world', 'drums', 'the other one', 'wharf rat', ""throwin' stones"", 'turn on your love light', ""knockin' on heaven's door""]",box of rain,37.4443293,-122.1598465
1059,The Met Center,Bloomington,USA,1988-06-17,1988,MN,"['hell in a bucket', 'sugaree', 'new minglewood blues', 'row jimmy', 'far from me', 'masterpiece', 'althea', 'victim or the crime', 'china cat sunflower', 'i know you rider', 'estimated prophet', 'eyes of the world', 'drums', 'the wheel', ""gimme some lovin'"", 'all along the watchtower', 'black peter', 'turn on your love light', 'black muddy river']",hell in a bucket,44.8322405,-93.3204872
1060,Alpine Valley,East Troy,USA,1988-06-19,1988,WI,"['mississippi half-step', 'feel like a stranger', 'good time blues', 'ramble on rose', 'little red rooster', 'bird song', 'promised land', 'foolish heart', ""playin' in the band"", ""uncle john's band"", 'drums', ""goin' down the road feelin' bad"", 'i need a miracle', 'dear mr. fantasy', ""throwin' stones"", 'not fade away', ""knockin' on heaven's door""]",mississippi half-step,42.7851871,-88.4054374
1061,Alpine Valley,East Troy,USA,1988-06-20,1988,WI,"['jack straw', 'box of rain', 'west l.a. fadeaway', 'stuck inside of mobile', 'loser', 'cassidy', ""don't ease me in"", 'victim or the crime', 'cumberland blues', 'blow away', 'ship of fools', ""truckin'"", 'terrapin station', 'drums', 'the other one', 'wharf rat', 'around and around', ""good lovin'"", 'u.s. blues']",jack straw,42.7851871,-88.4054374
1062,Alpine Valley,East Troy,USA,1988-06-22,1988,WI,"['let the good times roll', 'hell in a bucket', 'candyman', ""walkin' blues"", 'when push comes to shove', 'queen jane approximately', 'tennessee jed', 'let it grow', 'foolish heart', 'looks like rain', 'scarlet begonias', 'i will take you home', 'drums', 'the wheel', 'stella blue', 'turn on your love light', 'quinn the eskimo']",let the good times roll,42.7851871,-88.4054374
1063,Alpine Valley,East Troy,USA,1988-06-23,1988,WI,"['iko iko', 'new minglewood blues', 'it must have been the roses', 'me and my uncle', 'mexicali blues', 'stagger lee', 'masterpiece', 'bird song', 'promised land', 'hey pocky way', 'believe it or not', 'man smart/woman smarter', ""he's gone"", 'drums', 'i need a miracle', ""gimme some lovin'"", 'all along the watchtower', 'morning dew', 'blackbird', 'brokedown palace']",iko iko,42.7851871,-88.4054374
1064,Buckeye Music Center,Buckeye Lake,USA,1988-06-25,1988,OH,"['feel like a stranger', ""franklin's tower"", 'box of rain', 'sugaree', 'stuck inside of mobile', 'west l.a. fadeaway', 'cassidy', 'deal', 'victim or the crime', 'blow away', 'foolish heart', 'terrapin station', 'drums', 'the other one', 'wharf rat', ""throwin' stones"", 'not fade away', ""knockin' on heaven's door""]",feel like a stranger,39.933473,-82.4825639
1065,unknown,Pittsburg,USA,1988-06-26,1988,PA,"['mississippi half-step', 'little red rooster', 'when push comes to shove', 'mama tried', 'big river', 'cumberland blues', 'gentlemen start your engines', 'big railroad blues', 'music never stopped', 'touch of grey', ""playin' in the band"", ""uncle john's band"", ""playin' reprise"", 'drums', 'dear mr. fantasy', 'hey jude reprise', 'black peter', 'turn on your love light', 'black muddy river']",mississippi half-step,40.9328397,-80.3633981
1067,Rochester Silver Stadium,Rochester,USA,1988-06-30,1988,NY,"['box of rain', 'cold rain and snow', 'new minglewood blues', 'ramble on rose', 'me and my uncle', 'mexicali blues', 'far from me', 'queen jane approximately', ""don't ease me in"", 'china cat sunflower', 'i know you rider', 'samson and delilah', 'believe it or not', ""truckin'"", ""he's gone"", 'drums', 'the other one', 'wharf rat', ""throwin' stones"", 'turn on your love light', 'brokedown palace']",box of rain,43.157285,-77.615214
1068,Oxford Plains Speedway,Oxford,USA,1988-07-02,1988,ME,"['iko iko', 'jack straw', 'west l.a. fadeaway', 'stuck inside of mobile', 'row jimmy', 'blow away', 'victim or the crime', 'foolish heart', 'crazy fingers', ""playin' in the band"", ""uncle john's band"", 'terrapin station', 'drums', 'the wheel', ""gimme some lovin'"", 'all along the watchtower', 'morning dew', 'sugar magnolia', 'quinn the eskimo']",iko iko,44.4694529,-70.7782375
1069,Oxford Plains Speedway,Oxford,USA,1988-07-03,1988,ME,"['hell in a bucket', 'sugaree', ""walkin' blues"", 'tennessee jed', 'queen jane approximately', 'bird song', 'touch of grey', 'hey pocky way', 'looks like rain', 'estimated prophet', 'eyes of the world', 'i will take you home', 'drums', ""goin' down the road feelin' bad"", 'i need a miracle', 'dear mr. fantasy', 'hey jude reprise', 'not fade away']",hell in a bucket,44.4694529,-70.7782375
1070,The Greek Theatre,Berkeley,USA,1988-07-15,1988,CA,"['shakedown street', ""walkin' blues"", 'friend of the devil', 'queen jane approximately', 'dire wolf', 'good time blues', 'turn on your love light', 'cassidy', 'bertha', 'scarlet begonias', 'fire on the mountain', 'man smart/woman smarter', 'ship of fools', 'estimated prophet', 'drums', 'i need a miracle', 'the wheel', ""gimme some lovin'"", 'morning dew', 'turn on your love light']",shakedown street,37.8708393,-122.272863
1071,The Greek Theatre,Berkeley,USA,1988-07-16,1988,CA,"['music never stopped', 'sugaree', 'little red rooster', 'loser', 'stuck inside of mobile', 'far from me', 'bird song', 'china cat sunflower', 'i know you rider', 'looks like rain', 'terrapin station', 'drums', 'i will take you home', 'the other one', 'stella blue', 'around and around', 'one more saturday night', ""knockin' on heaven's door""]",music never stopped,37.8708393,-122.272863
1072,The Greek Theatre,Berkeley,USA,1988-07-17,1988,CA,"['foolish heart', 'greatest story ever told', 'althea', 'me and my uncle', 'big river', 'candyman', 'let it grow', 'box of rain', 'victim or the crime', 'crazy fingers', ""playin' in the band"", ""uncle john's band"", 'drums', ""goin' down the road feelin' bad"", 'all along the watchtower', 'believe it or not', ""throwin' stones"", 'not fade away', 'blackbird', 'brokedown palace']",foolish heart,37.8708393,-122.272863
1073,Laguna Seca Raceway,Monterey,USA,1988-07-29,1988,CA,"['iko iko', ""walkin' blues"", 'candyman', 'queen jane approximately', 'althea', 'blow away', 'cassidy', 'deal', 'china cat sunflower', 'crazy fingers', 'i know you rider', ""playin' in the band"", 'drums', 'the wheel', ""gimme some lovin'"", 'believe it or not', 'sugar magnolia', 'black muddy river']",iko iko,36.2231079,-121.387742
1074,Laguna Seca Raceway,Monterey,USA,1988-07-30,1988,CA,"['let the good times roll', 'feel like a stranger', 'loser', 'new minglewood blues', 'row jimmy', 'stuck inside of mobile', 'when push comes to shove', 'music never stopped', ""don't ease me in"", 'victim or the crime', 'touch of grey', 'estimated prophet', 'eyes of the world', 'drums', ""smokestack lightnin'"", ""goin' down the road feelin' bad"", 'wharf rat', ""throwin' stones"", 'one more saturday night', 'u.s. blues', ""knockin' on heaven's door""]",let the good times roll,36.2231079,-121.387742
1075,Laguna Seca Raceway,Monterey,USA,1988-07-31,1988,CA,"['mississippi half-step', 'little red rooster', 'west l.a. fadeaway', 'me and my uncle', 'big river', 'ramble on rose', 'gentlemen start your engines', 'masterpiece', 'bird song', 'hell in a bucket', 'foolish heart', 'man smart/woman smarter', 'terrapin station', 'i will take you home', 'drums', 'the other one', 'i need a miracle', 'morning dew', 'midnight hour']",mississippi half-step,36.2231079,-121.387742
1076,Tacoma Dome,Tacoma,USA,1988-08-26,1988,WA,"['hell in a bucket', 'sugaree', 'good time blues', 'iko iko', ""walkin' blues"", 'when push comes to shove', 'masterpiece', 'row jimmy', 'music never stopped', 'china cat sunflower', 'i know you rider', ""playin' in the band"", ""uncle john's band"", 'drums', 'touch of grey', 'i need a miracle', 'black peter', 'turn on your love light', 'black muddy river']",hell in a bucket,47.2455013,-122.438329
1077,Autzen Stadium,Eugene,USA,1988-08-28,1988,OR,"['mississippi half-step', 'little red rooster', 'friend of the devil', 'stuck inside of mobile', 'foolish heart', 'victim or the crime', ""don't ease me in"", 'jack straw', 'bertha', ""truckin'"", 'terrapin station', 'drums', 'the other one', 'wharf rat', ""throwin' stones"", 'not fade away', ""knockin' on heaven's door""]",mississippi half-step,44.0505054,-123.0950506
1078,Cap Center,Landover,USA,1988-09-02,1988,MA,"['hell in a bucket', 'they love each other', 'new minglewood blues', 'dire wolf', 'queen jane approximately', 'althea', 'let it grow', 'scarlet begonias', 'fire on the mountain', 'looks like rain', 'terrapin station', 'drums', 'the wheel', 'all along the watchtower', 'stella blue', 'sugar magnolia', 'black muddy river']",hell in a bucket,38.925313,-76.8815433
1079,Cap Center,Landover,USA,1988-09-03,1988,MA,"['let the good times roll', 'feel like a stranger', ""franklin's tower"", 'little red rooster', 'peggy-o', 'me and my uncle', 'big river', 'bird song', 'box of rain', 'victim or the crime', 'foolish heart', 'man smart/woman smarter', 'eyes of the world', 'drums', ""goin' down the road feelin' bad"", 'i need a miracle', 'morning dew', 'one more saturday night', 'ripple']",let the good times roll,38.925313,-76.8815433
1080,Cap Center,Landover,USA,1988-09-05,1988,MA,"['iko iko', ""walkin' blues"", 'ramble on rose', 'mama tried', 'mexicali blues', 'row jimmy', 'stuck inside of mobile', 'when push comes to shove', 'music never stopped', 'china cat sunflower', 'i know you rider', ""playin' in the band"", ""uncle john's band"", 'drums', ""gimme some lovin'"", 'black peter', 'around and around', 'turn on your love light', 'u.s. blues']",iko iko,38.925313,-76.8815433
1081,Cap Center,Landover,USA,1988-09-06,1988,MA,"['jack straw', 'desolation row', 'west l.a. fadeaway', 'beat it on down the line', 'cumberland blues', 'stagger lee', 'cassidy', 'deal', 'touch of grey', 'samson and delilah', 'ship of fools', 'estimated prophet', ""he's gone"", 'drums', 'the other one', 'wharf rat', ""throwin' stones"", 'not fade away', 'brokedown palace']",jack straw,38.925313,-76.8815433
1082,Spectrum Arena,Philadelphia,USA,1988-09-08,1988,PA,"['let the good times roll', 'shakedown street', ""walkin' blues"", 'to lay me down', ""it's all over now"", 'loser', 'let it grow', 'bertha', 'greatest story ever told', 'crazy fingers', ""truckin'"", 'drums', 'the wheel', 'i need a miracle', 'dear mr. fantasy', 'hey jude reprise', 'turn on your love light', 'black muddy river']",let the good times roll,39.9527237,-75.1635262
1083,Spectrum Arena,Philadelphia,USA,1988-09-09,1988,PA,"['hell in a bucket', 'sugaree', 'new minglewood blues', 'me and my uncle', 'big river', 'brown eyed women', 'candyman', 'queen jane approximately', ""don't ease me in"", 'china cat sunflower', 'i know you rider', ""playin' in the band"", 'terrapin station', 'drums', 'i will take you home', 'all along the watchtower', 'believe it or not', 'sugar magnolia', 'quinn the eskimo']",hell in a bucket,39.9527237,-75.1635262
1084,Spectrum Arena,Philadelphia,USA,1988-09-11,1988,PA,"['iko iko', 'feel like a stranger', ""franklin's tower"", 'little red rooster', 'stuck inside of mobile', 'tennessee jed', 'peggy-o', 'promised land', 'foolish heart', 'victim or the crime', 'scarlet begonias', 'fire on the mountain', 'drums', 'the wheel', 'stella blue', ""throwin' stones"", 'not fade away', 'baby blue']",iko iko,39.9527237,-75.1635262
1085,Spectrum Arena,Philadelphia,USA,1988-09-12,1988,PA,"['jack straw', 'althea', 'good time blues', 'dire wolf', 'cassidy', ""dupree's diamond blues"", 'masterpiece', 'when push comes to shove', 'music never stopped', 'box of rain', 'cold rain and snow', 'man smart/woman smarter', 'eyes of the world', 'drums', 'the other one', 'wharf rat', 'around and around', ""good lovin'"", ""knockin' on heaven's door""]",jack straw,39.9527237,-75.1635262
1086,Madison Square Garden,New York,USA,1988-09-14,1988,NY,"['let the good times roll', 'alabama getaway', 'greatest story ever told', 'stagger lee', ""walkin' blues"", 'it must have been the roses', 'queen jane approximately', 'ramble on rose', 'let it grow', 'box of rain', 'victim or the crime', 'foolish heart', 'looks like rain', ""he's gone"", 'drums', 'i need a miracle', ""gimme some lovin'"", 'morning dew', 'black muddy river']",let the good times roll,40.7127281,-74.0060152
1087,Madison Square Garden,New York,USA,1988-09-15,1988,NY,"['hell in a bucket', 'sugaree', 'desolation row', 'row jimmy', 'cassidy', 'deal', 'samson and delilah', 'crazy fingers', ""playin' in the band"", ""uncle john's band"", 'drums', 'i will take you home', 'all along the watchtower', ""goin' down the road feelin' bad"", 'turn on your love light', 'u.s. blues']",hell in a bucket,40.7127281,-74.0060152
1088,Madison Square Garden,New York,USA,1988-09-16,1988,NY,"['hey pocky way', 'new minglewood blues', 'mississippi half-step', 'me and my uncle', 'mexicali blues', 'to lay me down', 'masterpiece', 'bird song', 'china cat sunflower', 'i know you rider', 'ship of fools', 'estimated prophet', 'terrapin station', 'drums', 'i need a miracle', 'dear mr. fantasy', 'hey jude reprise', 'sugar magnolia', 'baby blue']",hey pocky way,40.7127281,-74.0060152
1089,Madison Square Garden,New York,USA,1988-09-18,1988,NY,"['feel like a stranger', ""franklin's tower"", 'good time blues', 'big railroad blues', 'stuck inside of mobile', 'stagger lee', 'promised land', 'not fade away', 'scarlet begonias', 'fire on the mountain', 'man smart/woman smarter', 'drums', 'the other one', 'wharf rat', ""throwin' stones"", 'not fade away', 'black muddy river']",feel like a stranger,40.7127281,-74.0060152
1090,Madison Square Garden,New York,USA,1988-09-19,1988,NY,"['touch of grey', 'little red rooster', 'dire wolf', 'far from me', 'queen jane approximately', 'tennessee jed', 'let it grow', 'victim or the crime', 'foolish heart', ""playin' in the band"", 'china doll', ""playin' reprise"", 'drums', 'the wheel', 'black peter', 'around and around', ""good lovin'"", 'quinn the eskimo']",touch of grey,40.7127281,-74.0060152
1091,Madison Square Garden,New York,USA,1988-09-20,1988,NY,"['jack straw', 'althea', 'mama tried', 'big river', 'peggy-o', 'masterpiece', 'louie louie', 'music never stopped', 'bertha', 'cumberland blues', 'looks like rain', 'terrapin station', 'drums', ""truckin'"", ""goin' down the road feelin' bad"", 'morning dew', 'johnny b. goode']",jack straw,40.7127281,-74.0060152
1092,Madison Square Garden,New York,USA,1988-09-22,1988,NY,"['shakedown street', 'new minglewood blues', 'candyman', 'beat it on down the line', 'greatest story ever told', 'to lay me down', 'cassidy', 'deal', 'china cat sunflower', 'i know you rider', ""tom thumb's blues"", 'estimated prophet', 'eyes of the world', 'drums', 'i need a miracle', 'dear mr. fantasy', 'hey jude reprise', 'turn on your love light', 'brokedown palace']",shakedown street,40.7127281,-74.0060152
1093,Madison Square Garden,New York,USA,1988-09-23,1988,NY,"['let the good times roll', 'hell in a bucket', 'cold rain and snow', ""walkin' blues"", 'loser', 'stuck inside of mobile', ""dupree's diamond blues"", 'promised land', 'samson and delilah', 'ship of fools', 'victim or the crime', 'foolish heart', 'drums', 'i will take you home', 'the other one', 'stella blue', 'sugar magnolia', 'u.s. blues']",let the good times roll,40.7127281,-74.0060152
1094,Madison Square Garden,New York,USA,1988-09-24,1988,NY,"['iko iko', 'feel like a stranger', 'west l.a. fadeaway', 'little red rooster', 'box of rain', 'ramble on rose', 'masterpiece', ""don't ease me in"", 'chinese bones', 'neighborhood girls', 'crazy fingers', 'man smart/woman smarter', 'every time you go', ""what's going on"", 'drums', 'the wheel', ""throwin' stones"", 'not fade away', ""good lovin'"", ""knockin' on heaven's door""]",iko iko,40.7127281,-74.0060152
1095,Shoreline Amphitheater,Mountain View,USA,1988-09-30,1988,CA,"['iko iko', ""walkin' blues"", 'stagger lee', 'me and my uncle', 'big river', 'when push comes to shove', 'let it grow', 'bertha', ""playin' in the band"", 'terrapin station', 'drums', 'the wheel', 'all along the watchtower', 'black peter', 'sugar magnolia', 'u.s. blues']",iko iko,37.3893889,-122.0832101
1096,Shoreline Amphitheater,Mountain View,USA,1988-10-01,1988,CA,"['hell in a bucket', 'sugaree', 'little red rooster', 'friend of the devil', 'queen jane approximately', 'tennessee jed', 'cassidy', ""don't ease me in"", 'victim or the crime', 'scarlet begonias', 'fire on the mountain', 'drums', 'the other one', 'i need a miracle', ""uncle john's band"", 'morning dew', 'one more saturday night']",hell in a bucket,37.3893889,-122.0832101
1097,Shoreline Amphitheater,Mountain View,USA,1988-10-02,1988,CA,"['cold rain and snow', 'new minglewood blues', 'peggy-o', 'stuck inside of mobile', 'to lay me down', 'box of rain', 'deal', 'crazy fingers', 'samson and delilah', 'jam', 'estimated prophet', 'eyes of the world', 'drums', ""gimme some lovin'"", 'stella blue', ""throwin' stones"", 'not fade away', 'black muddy river']",cold rain and snow,37.3893889,-122.0832101
1098,Miami Arena,Miami,USA,1988-10-14,1988,FL,"['touch of grey', 'new minglewood blues', 'row jimmy', ""it's all over now"", 'brown eyed women', 'masterpiece', 'bird song', 'promised land', 'china cat sunflower', 'i know you rider', 'saint of circumstance', ""he's gone"", 'drums', ""goin' down the road feelin' bad"", 'i need a miracle', 'dear mr. fantasy', 'hey jude reprise', 'black muddy river']",touch of grey,25.7741566,-80.1935973
1099,Bayfront Center,St. Petersburg,USA,1988-10-15,1988,FL,"['music never stopped', 'sugaree', 'blow away', ""walkin' blues"", 'when push comes to shove', 'queen jane approximately', 'tennessee jed', 'let it grow', 'one more saturday night', 'crazy fingers', ""playin' in the band"", ""uncle john's band"", 'drums', ""truckin'"", ""smokestack lightnin'"", 'stella blue', 'turn on your love light', 'u.s. blues']",music never stopped,27.7712264,-82.6340259
1100,Bayfront Center,St. Petersburg,USA,1988-10-16,1988,FL,"['mississippi half-step', 'good time blues', 'feel like a stranger', 'friend of the devil', 'stuck inside of mobile', 'to lay me down', ""don't ease me in"", 'box of rain', 'victim or the crime', 'foolish heart', 'looks like rain', 'terrapin station', 'drums', 'the wheel', ""gimme some lovin'"", 'all along the watchtower', 'morning dew', 'quinn the eskimo']",mississippi half-step,27.7712264,-82.6340259
1101,"Lakefront Arena, University of New Orleans", New Orleans,USA,1988-10-18,1988,LA,"['hell in a bucket', 'they love each other', 'little red rooster', 'loser', 'beat it on down the line', 'greatest story ever told', 'peggy-o', 'masterpiece', 'bird song', 'scarlet begonias', 'fire on the mountain', 'estimated prophet', 'eyes of the world', 'drums', 'i will take you home', 'the other one', 'wharf rat', ""throwin' stones"", 'not fade away', 'iko iko', ""knockin' on heaven's door""]",hell in a bucket,29.9561422,-90.0733934
1102,Summit Arena,Houston,USA,1988-10-20,1988,TX,"['cold rain and snow', 'new minglewood blues', 'candyman', 'me and my uncle', 'mexicali blues', 'west l.a. fadeaway', 'queen jane approximately', 'stagger lee', 'music never stopped', 'china cat sunflower', 'i know you rider', ""playin' in the band"", 'built to last', 'drums', 'i need a miracle', 'dear mr. fantasy', 'hey jude reprise', 'turn on your love light', 'black muddy river']",cold rain and snow,29.7589382,-95.3676974
1103,Reunion Arena,Dallas,USA,1988-10-21,1988,TX,"['let the good times roll', 'feel like a stranger', ""franklin's tower"", ""walkin' blues"", 'believe it or not', 'stuck inside of mobile', ""dupree's diamond blues"", 'jack straw', 'happy birthday', 'wang dang doodle', 'victim or the crime', 'foolish heart', 'man smart/woman smarter', 'drums', 'i will take you home', ""goin' down the road feelin' bad"", 'all along the watchtower', 'stella blue', 'sugar magnolia', 'brokedown palace']",let the good times roll,32.7762719,-96.7968559
1104,Long Beach Arena,Long Beach,USA,1988-12-09,1988,CA,"['let the good times roll', ""franklin's tower"", 'masterpiece', 'jack-a-roe', ""walkin' blues"", 'high time', 'cassidy', ""don't ease me in"", 'scarlet begonias', 'fire on the mountain', 'estimated prophet', 'eyes of the world', 'drums', 'the wheel', ""gimme some lovin'"", 'wharf rat', 'all along the watchtower', 'u.s. blues']",let the good times roll,33.7690164,-118.191604
1105,Long Beach Arena,Long Beach,USA,1988-12-10,1988,CA,"['feel like a stranger', 'west l.a. fadeaway', 'me and my uncle', 'big river', 'althea', 'stuck inside of mobile', 'tennessee jed', 'music never stopped', 'china cat sunflower', 'i know you rider', ""playin' in the band"", 'terrapin station', 'drums', 'the other one', 'stella blue', ""throwin' stones"", 'turn on your love light', ""knockin' on heaven's door""]",feel like a stranger,33.7690164,-118.191604
1106,Long Beach Arena,Long Beach,USA,1988-12-11,1988,CA,"['iko iko', 'jack straw', 'row jimmy', 'queen jane approximately', 'bird song', 'hell in a bucket', 'box of rain', 'victim or the crime', 'foolish heart', 'man smart/woman smarter', 'drums', 'i need a miracle', 'dear mr. fantasy', 'hey jude reprise', 'black muddy river', 'sugar magnolia', 'quinn the eskimo']",iko iko,33.7690164,-118.191604
1107,Oakland Coliseum,Oakland,USA,1988-12-28,1988,CA,"['iko iko', ""walkin' blues"", 'jack-a-roe', ""it's all over now"", 'when push comes to shove', 'stuck inside of mobile', 'bird song', 'jack straw', 'china cat sunflower', 'i know you rider', 'estimated prophet', ""he's gone"", 'drums', ""uncle john's band"", 'i need a miracle', 'foolish heart', 'turn on your love light', 'baby blue']",iko iko,37.8044557,-122.271356
1108,Oakland Coliseum,Oakland,USA,1988-12-29,1988,CA,"['hell in a bucket', 'sugaree', 'new minglewood blues', 'friend of the devil', 'queen jane approximately', 'to lay me down', 'let it grow', ""playin' in the band"", 'crazy fingers', 'samson and delilah', 'eyes of the world', 'drums', 'the other one', 'stella blue', ""throwin' stones"", 'not fade away', 'quinn the eskimo']",hell in a bucket,37.8044557,-122.271356
1109,Oakland Coliseum,Oakland,USA,1988-12-31,1988,CA,"['let the good times roll', ""franklin's tower"", 'wang dang doodle', 'west l.a. fadeaway', 'masterpiece', 'cold rain and snow', 'cassidy', ""don't ease me in"", 'sugar magnolia', 'touch of grey', 'man smart/woman smarter', 'terrapin station', 'drums', 'the wheel', ""gimme some lovin'"", 'all along the watchtower', 'morning dew', 'sunshine daydream', 'wharf rat', ""goin' down the road feelin' bad"", 'one more saturday night']",let the good times roll,37.8044557,-122.271356
1110,Henry J Kaiser,Oakland,USA,1989-02-05,1989,CA,"['touch of grey', 'feel like a stranger', ""franklin's tower"", 'little red rooster', 'althea', ""we can run but we can't hide"", 'desolation row', ""don't ease me in"", 'cold rain and snow', 'man smart/woman smarter', 'standing on the moon', ""playin' in the band"", 'drums', 'i will take you home', ""he's gone"", 'i need a miracle', 'morning dew', 'johnny b. goode']",touch of grey,37.8044557,-122.271356
1111,HJK,Oakland,USA,1989-02-06,1989,CA,"['not fade away', 'sugaree', 'wang dang doodle', 'jack-a-roe', 'queen jane approximately', 'brown eyed women', 'cassidy', 'tennessee jed', 'hell in a bucket', 'scarlet begonias', 'looks like rain', 'terrapin station', 'drums', 'the other one', 'stella blue', 'turn on your love light', 'black muddy river']",not fade away,37.8044557,-122.271356
1112,HJK,Oakland,USA,1989-02-07,1989,CA,"['hey pocky way', 'jack straw', 'loser', ""walkin' blues"", 'just a little light', 'standing on the moon', 'stuck inside of mobile', 'bird song', 'iko iko', 'victim or the crime', ""we can run but we can't hide"", ""uncle john's band"", 'drums', 'the wheel', ""throwin' stones"", 'foolish heart', ""good lovin'"", ""knockin' on heaven's door""]",hey pocky way,37.8044557,-122.271356
1113,Forum,Los Angeles,USA,1989-02-10,1989,CA,"['feel like a stranger', ""franklin's tower"", ""walkin' blues"", 'to lay me down', 'masterpiece', 'friend of the devil', 'let it grow', 'just a little light', ""truckin'"", 'crazy fingers', ""playin' in the band"", 'jam', 'drums', 'the wheel', ""gimme some lovin'"", 'wharf rat', 'sugar magnolia', 'baby blue']",feel like a stranger,34.0536909,-118.242766
1114,Forum,Los Angeles,USA,1989-02-11,1989,CA,"['mississippi half-step', 'new minglewood blues', 'candyman', 'big river', 'built to last', 'queen jane approximately', ""we can run but we can't hide"", 'bird song', 'china cat sunflower', 'i know you rider', 'man smart/woman smarter', 'standing on the moon', 'estimated prophet', 'i will take you home', 'drums', 'eyes of the world', 'i need a miracle', 'black peter', 'turn on your love light', 'box of rain']",mississippi half-step,34.0536909,-118.242766
1115,Forum,Los Angeles,USA,1989-02-12,1989,CA,"['cold rain and snow', 'hell in a bucket', 'row jimmy', 'beat it on down the line', 'promised land', 'west l.a. fadeaway', 'how long blues', ""gimme some lovin'"", 'iko iko', 'monkey and the engineer', 'alabama getaway', 'dire wolf', 'cassidy', 'stuck inside of mobile', 'drums', 'the other one', 'stella blue', 'foolish heart', 'not fade away', ""knockin' on heaven's door""]",cold rain and snow,34.0536909,-118.242766
1116,The Omni,Atlanta,USA,1989-03-27,1989,GA,"['mississippi half-step', ""walkin' blues"", 'built to last', ""we can run but we can't hide"", 'queen jane approximately', 'candyman', 'cassidy', 'touch of grey', 'scarlet begonias', 'fire on the mountain', 'estimated prophet', 'eyes of the world', 'drums', 'the wheel', 'i need a miracle', 'standing on the moon', 'turn on your love light', 'u.s. blues']",mississippi half-step,33.7544657,-84.3898151
1117,The Omni,Atlanta,USA,1989-03-28,1989,GA,"['let the good times roll', ""franklin's tower"", 'feel like a stranger', 'stagger lee', 'stuck inside of mobile', 'ramble on rose', 'let it grow', ""don't ease me in"", 'samson and delilah', 'ship of fools', ""playin' in the band"", 'foolish heart', 'drums', ""gimme some lovin'"", 'wharf rat', ""throwin' stones"", 'not fade away', 'box of rain']",let the good times roll,33.7544657,-84.3898151
1118,Greensboro Coliseum,Greensboro,USA,1989-03-30,1989,NC,"['bertha', 'jack straw', 'row jimmy', 'blow away', 'masterpiece', 'bird song', 'promised land', 'china cat sunflower', 'i know you rider', 'looks like rain', ""he's gone"", 'drums', 'the other one', 'stella blue', 'sugar magnolia', ""knockin' on heaven's door""]",bertha,36.0726355,-79.7919754
1119,Greensboro Coliseum,Greensboro,USA,1989-03-31,1989,NC,"['hell in a bucket', 'sugaree', 'new minglewood blues', 'peggy-o', 'me and my uncle', 'big river', 'loser', 'victim or the crime', 'standing on the moon', 'hey pocky way', ""truckin'"", 'terrapin station', 'drums', 'i will take you home', 'all along the watchtower', 'morning dew', ""good lovin'"", 'brokedown palace']",hell in a bucket,36.0726355,-79.7919754
1120,Civic Arena,Pittsburgh,USA,1989-04-02,1989,PA,"['iko iko', 'little red rooster', 'dire wolf', ""it's all over now"", ""we can run but we can't hide"", 'brown eyed women', 'queen jane approximately', 'tennessee jed', 'music never stopped', 'shakedown street', 'man smart/woman smarter', 'foolish heart', 'drums', 'the wheel', 'dear mr. fantasy', 'hey jude reprise', 'around and around', ""goin' down the road feelin' bad"", 'turn on your love light', 'baby blue']",iko iko,40.4406968,-80.0025666
1121,Civic Arena,Pittsburgh,USA,1989-04-03,1989,PA,"['greatest story ever told', 'bertha', ""walkin' blues"", 'jack-a-roe', 'el paso', 'built to last', 'victim or the crime', ""tom thumb's blues"", ""don't ease me in"", 'blow away', 'estimated prophet', 'crazy fingers', ""uncle john's band"", 'drums', ""gimme some lovin'"", 'i need a miracle', 'stella blue', 'sugar magnolia', 'johnny b. goode', 'black muddy river']",greatest story ever told,40.4406968,-80.0025666
1122,Chrysler Arena,Ann Arbor,USA,1989-04-05,1989,MI,"['feel like a stranger', ""franklin's tower"", 'new minglewood blues', 'candyman', 'stuck inside of mobile', 'far from me', ""dupree's diamond blues"", 'let it grow', 'u.s. blues', 'samson and delilah', 'cumberland blues', 'man smart/woman smarter', 'terrapin station', 'drums', 'china doll', ""throwin' stones"", 'not fade away', 'quinn the eskimo']",feel like a stranger,42.2813722,-83.7484616
1123,Chrysler Arena,Ann Arbor,USA,1989-04-06,1989,MI,"['touch of grey', 'little red rooster', 'brown eyed women', 'mama tried', 'mexicali blues', 'althea', 'masterpiece', 'bird song', 'promised land', 'scarlet begonias', 'fire on the mountain', ""playin' in the band"", 'built to last', 'drums', 'i will take you home', 'the other one', 'wharf rat', 'around and around', ""playin' reprise"", 'brokedown palace']",touch of grey,42.2813722,-83.7484616
1124,Riverfront Coliseum,Cincinnati,USA,1989-04-08,1989,OH,"['let the good times roll', 'wang dang doodle', 'west l.a. fadeaway', 'blow away', 'queen jane approximately', 'loser', 'cassidy', ""don't ease me in"", 'china cat sunflower', 'i know you rider', 'looks like rain', 'eyes of the world', 'drums', 'the wheel', 'dear mr. fantasy', 'hey jude reprise', 'i need a miracle', 'black peter', 'one more saturday night', 'box of rain']",let the good times roll,39.1012809,-84.5127405
1125,Freedom Hall,Louisville,USA,1989-04-09,1989,KY,"['hell in a bucket', 'sugaree', ""walkin' blues"", 'it must have been the roses', 'me and my uncle', 'big river', 'ramble on rose', 'desolation row', 'foolish heart', 'louie louie', 'man smart/woman smarter', 'ship of fools', 'estimated prophet', ""uncle john's band"", 'drums', 'the other one', 'stella blue', 'sugar magnolia', ""knockin' on heaven's door""]",hell in a bucket,38.2542376,-85.759407
1126,Rosemont Horizon,Rosemont,USA,1989-04-11,1989,IL,"['shakedown street', 'little red rooster', 'friend of the devil', 'victim or the crime', 'built to last', ""we can run but we can't hide"", 'stuck inside of mobile', 'deal', 'samson and delilah', 'crazy fingers', ""playin' in the band"", 'terrapin station', 'drums', ""gimme some lovin'"", 'standing on the moon', ""throwin' stones"", 'not fade away', 'u.s. blues']",shakedown street,41.9941334,-87.8756737
1127,Rosemont Horizon,Rosemont,USA,1989-04-12,1989,IL,"['jack straw', 'row jimmy', 'new minglewood blues', 'tennessee jed', 'masterpiece', 'cumberland blues', 'let it grow', 'touch of grey', ""truckin'"", ""smokestack lightnin'"", 'spoonful', ""smokestack lightnin'"", ""he's gone"", 'drums', 'i will take you home', 'all along the watchtower', 'wharf rat', 'turn on your love light', 'black muddy river']",jack straw,41.9941334,-87.8756737
1128,Rosemont Horizon,Rosemont,USA,1989-04-13,1989,IL,"['iko iko', 'greatest story ever told', 'peggy-o', ""it's all over now"", 'to lay me down', 'cassidy', ""don't ease me in"", 'foolish heart', 'looks like rain', 'eyes of the world', 'drums', 'the wheel', 'i need a miracle', 'dear mr. fantasy', 'hey jude reprise', ""goin' down the road feelin' bad"", ""good lovin'"", 'baby blue']",iko iko,41.9941334,-87.8756737
1129,The MECCA,Milwaukee,USA,1989-04-15,1989,WI,"['mississippi half-step', 'feel like a stranger', ""franklin's tower"", ""walkin' blues"", 'when push comes to shove', 'queen jane approximately', 'blow away', 'promised land', 'china cat sunflower', 'i know you rider', ""playin' in the band"", 'terrapin station', 'drums', 'i will take you home', 'all along the watchtower', 'morning dew', 'one more saturday night']",mississippi half-step,43.0386475,-87.9090751
1130,The MECCA,Milwaukee,USA,1989-04-16,1989,WI,"['hell in a bucket', 'they love each other', 'little red rooster', 'stagger lee', 'mama tried', 'mexicali blues', 'bird song', 'scarlet begonias', 'fire on the mountain', 'saint of circumstance', ""truckin'"", 'drums', 'the other one', 'stella blue', ""throwin' stones"", 'turn on your love light', 'box of rain']",hell in a bucket,43.0386475,-87.9090751
1131,Met Center,Minneapolis,USA,1989-04-17,1989,MN,"['iko iko', 'new minglewood blues', 'row jimmy', 'far from me', 'built to last', 'victim or the crime', 'bertha', 'cold rain and snow', 'samson and delilah', 'crazy fingers', 'estimated prophet', 'eyes of the world', 'drums', 'the wheel', ""gimme some lovin'"", 'wharf rat', 'not fade away', ""knockin' on heaven's door""]",iko iko,44.9772995,-93.2654692
1132,Irvine Meadows,Irvine,USA,1989-04-28,1989,CA,"[""comments: was there a playin' reprise??"", 'cold rain and snow', 'little red rooster', 'peggy-o', 'queen jane approximately', 'just a little light', 'ramble on rose', 'picasso moon', 'bird song', 'crazy fingers', ""playin' in the band"", ""uncle john's band"", 'terrapin station', 'drums', 'the wheel', 'i need a miracle', 'standing on the moon', 'sugar magnolia', 'touch of grey', 'quinn the eskimo']",comments: was there a playin reprise??,33.6856969,-117.825981
1133,Irvine Meadows,Irvine,USA,1989-04-29,1989,CA,"['hell in a bucket', 'sugaree', ""walkin' blues"", 'brown eyed women', 'blow away', 'stuck inside of mobile', 'built to last', 'one more saturday night', 'china cat sunflower', 'i know you rider', 'looks like rain', ""he's gone"", 'spoonful', 'drums', 'i will take you home', 'the other one', 'wharf rat', ""throwin' stones"", 'turn on your love light', 'u.s. blues']",hell in a bucket,33.6856969,-117.825981
1134,Irvine Meadows,Irvine,USA,1989-04-30,1989,CA,"['mississippi half-step', 'wang dang doodle', 'stagger lee', 'masterpiece', 'tennessee jed', ""we can run but we can't hide"", 'picasso moon', 'deal', 'box of rain', 'iko iko', 'estimated prophet', 'eyes of the world', 'drums', ""truckin'"", ""gimme some lovin'"", 'stella blue', 'around and around', ""good lovin'"", 'baby blue']",mississippi half-step,33.6856969,-117.825981
1135,Frost Ampitheatre,Stanford,USA,1989-05-06,1989,CA,"['jack straw', 'peggy-o', ""walkin' blues"", 'they love each other', 'the race is on', 'west l.a. fadeaway', 'just a little light', 'queen jane approximately', 'china cat sunflower', 'i know you rider', 'let the good times roll', 'hey pocky way', 'samson and delilah', 'ship of fools', ""playin' in the band"", 'eyes of the world', 'drums', 'i will take you home', 'the wheel', 'i need a miracle', 'wharf rat', 'around and around', 'not fade away', 'black muddy river']",jack straw,37.4265407,-122.1703055
1136,Frost Ampitheatre,Stanford,USA,1989-05-07,1989,CA,"['iko iko', 'little red rooster', 'bertha', 'me and my uncle', 'mexicali blues', 'built to last', 'picasso moon', 'bird song', 'foolish heart', 'victim or the crime', 'crazy fingers', 'man smart/woman smarter', ""he's gone"", 'drums', 'the other one', 'black peter', 'turn on your love light', ""knockin' on heaven's door""]",iko iko,37.4265407,-122.1703055
1137,Oakland-Alameda County Stadium,Oakland,USA,1989-05-27,1989,CA,"['touch of grey', 'greatest story ever told', 'althea', ""walkin' blues"", 'iko iko', 'stuck inside of mobile', 'bird song', 'promised land', 'hell in a bucket', 'fire on the mountain', 'blow away', ""truckin'"", 'drums', 'i will take you home', 'the other one', 'wharf rat', 'turn on your love light', 'brokedown palace']",touch of grey,37.8044557,-122.271356
1138,Shoreline Amphitheater,Mountain View,USA,1989-06-18,1989,CA,"['foolish heart', 'jack straw', 'alabama getaway', 'queen jane approximately', 'cold rain and snow', 'little red rooster', 'hey pocky way', 'iko iko', 'samson and delilah', 'cumberland blues', 'saint of circumstance', ""he's gone"", 'drums', 'the wheel', 'i need a miracle', 'stella blue', 'around and around', ""good lovin'"", 'u.s. blues']",foolish heart,37.3893889,-122.0832101
1139,Shoreline Amphitheater,Mountain View,USA,1989-06-19,1989,CA,"['feel like a stranger', ""franklin's tower"", ""walkin' blues"", 'candyman', ""we can run but we can't hide"", 'when push comes to shove', 'stuck inside of mobile', 'bird song', 'china cat sunflower', 'i know you rider', ""playin' in the band"", 'crazy fingers', ""playin' reprise"", 'drums', 'i will take you home', 'all along the watchtower', 'black peter', ""throwin' stones"", 'not fade away', ""knockin' on heaven's door""]",feel like a stranger,37.3893889,-122.0832101
1140,Shoreline Amphitheater,Mountain View,USA,1989-06-21,1989,CA,"['comments: summer solstice show', 'pay-per-view', 'hideaway', 'touch of grey', 'new minglewood blues', 'ramble on rose', 'box of rain', 'dire wolf', 'masterpiece', 'row jimmy', 'cassidy', 'deal', 'scarlet begonias', 'hell in a bucket', 'ship of fools', 'estimated prophet', 'eyes of the world', 'drums', ""truckin'"", 'the other one', 'morning dew', 'turn on your love light', 'brokedown palace']",comments: summer solstice show,37.3893889,-122.0832101
1141,Foxboro Stadium,Sullivan,USA,1989-07-02,1989,MA,"[""playin' in the band"", 'crazy fingers', 'wang dang doodle', ""we can run but we can't hide"", 'tennessee jed', 'queen jane approximately', 'to lay me down', 'cassidy', ""don't ease me in"", 'friend of the devil', ""truckin'"", ""he's gone"", 'eyes of the world', 'drums', 'the wheel', 'dear mr. fantasy', 'hey jude reprise', 'sugar magnolia', 'quinn the eskimo']",playin in the band,41.4402556,-76.5117017
1142,Rich Stadium,Orchard Park,USA,1989-07-04,1989,NY,"['bertha', 'greatest story ever told', 'cold rain and snow', ""walkin' blues"", 'row jimmy', 'masterpiece', 'stagger lee', 'looks like rain', 'deal', 'touch of grey', 'man smart/woman smarter', 'ship of fools', ""playin' in the band"", 'terrapin station', 'drums', 'i will take you home', 'all along the watchtower', 'morning dew', 'not fade away', 'u.s. blues']",bertha,42.7670376,-78.7435517
1143,JFK Stadium,Philadelphia,USA,1989-07-07,1989,PA,"['hell in a bucket', 'iko iko', 'little red rooster', 'ramble on rose', 'stuck inside of mobile', 'loser', 'let it grow', 'blow away', 'box of rain', 'scarlet begonias', 'fire on the mountain', 'estimated prophet', 'standing on the moon', 'drums', 'the other one', 'wharf rat', 'turn on your love light', ""knockin' on heaven's door""]",hell in a bucket,39.9527237,-75.1635262
1144,Giants Stadium,East Rutherford,USA,1989-07-09,1989,NJ,"['shakedown street', 'jack straw', 'west l.a. fadeaway', 'victim or the crime', 'brown eyed women', 'queen jane approximately', 'bird song', 'china cat sunflower', 'i know you rider', 'samson and delilah', 'built to last', ""truckin'"", 'drums', ""gimme some lovin'"", ""goin' down the road feelin' bad"", ""throwin' stones"", 'not fade away', 'brokedown palace']",shakedown street,40.833989,-74.0970865
1145,Giants Stadium,East Rutherford,USA,1989-07-10,1989,NJ,"['feel like a stranger', ""franklin's tower"", ""walkin' blues"", 'jack-a-roe', 'masterpiece', 'tennessee jed', 'music never stopped', ""don't ease me in"", 'foolish heart', 'just a little light', ""playin' in the band"", ""uncle john's band"", 'drums', 'iko iko', 'all along the watchtower', 'morning dew', 'sugar magnolia', ""knockin' on heaven's door""]",feel like a stranger,40.833989,-74.0970865
1146,RFK Stadium,Washington,USA,1989-07-12,1989,DC,"['touch of grey', 'new minglewood blues', 'mississippi half-step', ""tom thumb's blues"", 'far from me', 'cassidy', 'friend of the devil', 'promised land', 'sugaree', 'man smart/woman smarter', 'ship of fools', 'estimated prophet', 'eyes of the world', 'drums', 'i need a miracle', 'dear mr. fantasy', 'black peter', 'turn on your love light', 'black muddy river']",touch of grey,38.8950982,-77.0363849
1147,RFK Stadium,Washington,USA,1989-07-13,1989,DC,"['hell in a bucket', 'cold rain and snow', 'little red rooster', 'tennessee jed', 'stuck inside of mobile', 'to lay me down', 'let it grow', ""he's gone"", 'looks like rain', 'terrapin station', 'drums', 'i will take you home', 'the other one', 'wharf rat', ""throwin' stones"", ""good lovin'"", 'u.s. blues']",hell in a bucket,38.8950982,-77.0363849
1148,Deer Creek,Noblesville,USA,1989-07-15,1989,IN,"['bertha', 'greatest story ever told', 'candyman', ""walkin' blues"", 'peggy-o', 'queen jane approximately', ""we can run but we can't hide"", 'bird song', 'foolish heart', 'victim or the crime', 'crazy fingers', ""truckin'"", ""smokestack lightnin'"", 'drums', 'china doll', 'all along the watchtower', 'stella blue', 'sugar magnolia', 'brokedown palace']",bertha,40.0460881,-86.0139854
1149,Alpine Valley Music Theatre,East Troy,USA,1989-07-17,1989,WI,"['let the good times roll', 'feel like a stranger', 'built to last', 'me and my uncle', 'cumberland blues', ""it's all over now"", 'row jimmy', 'masterpiece', 'when push comes to shove', 'music never stopped', 'china cat sunflower', 'i know you rider', ""playin' in the band"", ""uncle john's band"", 'standing on the moon', 'drums', 'the wheel', ""gimme some lovin'"", ""goin' down the road feelin' bad"", 'not fade away', 'we bid you goodnight', 'johnny b. goode']",let the good times roll,42.7851871,-88.4054374
1150,Alpine Valley Music Theatre,East Troy,USA,1989-07-18,1989,WI,"['touch of grey', 'jack straw', 'jack-a-roe', 'new minglewood blues', 'friend of the devil', 'stuck inside of mobile', 'bird song', 'promised land', 'sugar magnolia', 'scarlet begonias', 'man smart/woman smarter', 'eyes of the world', 'drums', 'china doll', 'dear mr. fantasy', 'hey jude reprise', ""throwin' stones"", 'sunshine daydream', 'quinn the eskimo']",touch of grey,42.7851871,-88.4054374
1151,Alpine Valley Music Theatre,East Troy,USA,1989-07-19,1989,WI,"['hell in a bucket', 'sugaree', 'mama tried', 'mexicali blues', 'althea', 'victim or the crime', 'west l.a. fadeaway', 'desolation row', 'deal', 'box of rain', 'foolish heart', 'looks like rain', 'terrapin station', 'drums', 'the other one', 'the wheel', 'morning dew', 'turn on your love light']",hell in a bucket,42.7851871,-88.4054374
1152,Cal Expo,Sacramento,USA,1989-08-04,1989,CA,"['bertha', 'greatest story ever told', 'althea', 'mama tried', 'mexicali blues', 'good time blues', 'built to last', 'queen jane approximately', 'jack-a-roe', 'cassidy', 'deal', ""truckin'"", 'wang dang doodle', 'crazy fingers', 'cumberland blues', 'eyes of the world', 'drums', 'the wheel', 'i need a miracle', 'stella blue', 'sugar magnolia', 'baby blue']",bertha,38.5810606,-121.493895
1153,Cal Expo,Sacramento,USA,1989-08-05,1989,CA,"['one more saturday night', 'cold rain and snow', ""we can run but we can't hide"", 'stagger lee', 'stuck inside of mobile', 'row jimmy', 'let it grow', 'hey pocky way', ""playin' in the band"", 'i know you rider', 'terrapin station', 'drums', 'standing on the moon', ""throwin' stones"", 'not fade away', 'u.s. blues']",one more saturday night,38.5810606,-121.493895
1154,Cal Expo,Sacramento,USA,1989-08-06,1989,CA,"['let the good times roll', 'feel like a stranger', ""franklin's tower"", ""walkin' blues"", 'ramble on rose', 'masterpiece', 'bird song', 'scarlet begonias', 'fire on the mountain', 'samson and delilah', 'ship of fools', 'man smart/woman smarter', 'drums', 'i will take you home', 'the other one', 'wharf rat', 'turn on your love light', 'johnny b. goode', 'we bid you goodnight']",let the good times roll,38.5810606,-121.493895
1155,Greek Theatre,Berkeley,USA,1989-08-17,1989,CA,"['hell in a bucket', 'sugaree', ""walkin' blues"", 'jack-a-roe', 'queen jane approximately', 'candyman', 'music never stopped', ""don't ease me in"", 'touch of grey', 'man smart/woman smarter', 'ship of fools', 'estimated prophet', 'eyes of the world', 'drums', 'the wheel', ""gimme some lovin'"", ""goin' down the road feelin' bad"", ""good lovin'"", 'quinn the eskimo']",hell in a bucket,37.8708393,-122.272863
1156,The Greek Theatre,Berkeley,USA,1989-08-18,1989,CA,"['cold rain and snow', 'new minglewood blues', 'row jimmy', 'masterpiece', 'built to last', 'victim or the crime', 'bird song', 'promised land', 'iko iko', 'looks like rain', 'terrapin station', 'drums', 'crazy fingers', 'i need a miracle', 'stella blue', ""throwin' stones"", 'turn on your love light', 'black muddy river', 'we bid you goodnight']",cold rain and snow,37.8708393,-122.272863
1157,The Greek Theatre,Berkeley,USA,1989-08-19,1989,CA,"[""comments: was there a playin' reprise???"", 'let the good times roll', 'jack straw', ""we can run but we can't hide"", 'tennessee jed', ""it's all over now"", 'loser', 'stuck inside of mobile', 'box of rain', 'china cat sunflower', 'i know you rider', ""playin' in the band"", ""uncle john's band"", 'drums', 'the other one', 'wharf rat', 'not fade away', 'foolish heart']",comments: was there a playin reprise???,37.8708393,-122.272863
1158,Shoreline Amphitheater,Mountain View,USA,1989-09-29,1989,CA,"['let the good times roll', 'feel like a stranger', ""franklin's tower"", 'wang dang doodle', 'jack-a-roe', ""we can run but we can't hide"", 'stuck inside of mobile', 'bird song', 'promised land', 'china cat sunflower', 'i know you rider', 'blow away', ""playin' in the band"", 'terrapin station', 'drums', 'i need a miracle', ""death don't have no mercy"", 'sugar magnolia', 'quinn the eskimo']",let the good times roll,37.3893889,-122.0832101
1159,Shoreline Amphitheater,Mountain View,USA,1989-09-30,1989,CA,"['bertha', 'greatest story ever told', 'west l.a. fadeaway', 'queen jane approximately', 'row jimmy', 'let it grow', 'iko iko', 'estimated prophet', ""truckin'"", ""smokestack lightnin'"", 'drums', 'i will take you home', 'the wheel', 'all along the watchtower', 'touch of grey', 'u.s. blues']",bertha,37.3893889,-122.0832101
1160,Shoreline Amphitheater,Mountain View,USA,1989-10-01,1989,CA,"['jack straw', 'ramble on rose', ""walkin' blues"", 'built to last', 'masterpiece', 'just a little light', 'cassidy', ""don't ease me in"", 'hell in a bucket', 'scarlet begonias', 'man smart/woman smarter', ""he's gone"", 'drums', 'the other one', 'wharf rat', 'turn on your love light', ""knockin' on heaven's door""]",jack straw,37.3893889,-122.0832101
1161,Hampton Coliseum,Hampton,USA,1989-10-08,1989,VA,"['foolish heart', ""walkin' blues"", 'candyman', 'me and my uncle', 'big river', 'stagger lee', 'queen jane approximately', 'bird song', 'promised land', 'help on the way', 'slipknot!', ""franklin's tower"", 'victim or the crime', 'eyes of the world', 'drums', 'i need a miracle', 'the wheel', ""gimme some lovin'"", 'morning dew', 'we bid you goodnight']",foolish heart,37.0264414,-76.3442846
1162,Hampton Coliseum,Hampton,USA,1989-10-09,1989,VA,"['feel like a stranger', 'built to last', 'little red rooster', 'ramble on rose', ""we can run but we can't hide"", 'jack-a-roe', 'stuck inside of mobile', 'row jimmy', 'music never stopped', ""playin' in the band"", ""uncle john's band"", ""playin' reprise"", 'dark star', 'drums', ""death don't have no mercy"", 'dear mr. fantasy', 'hey jude reprise', ""throwin' stones"", ""good lovin'"", 'attics of my life']",feel like a stranger,37.0264414,-76.3442846
1163,Meadowlands Arena,East Rutherford,USA,1989-10-11,1989,NJ,"['let the good times roll', 'bertha', 'greatest story ever told', 'loser', 'masterpiece', 'althea', 'cassidy', 'just a little light', ""don't ease me in"", 'china cat sunflower', 'i know you rider', 'estimated prophet', 'terrapin station', 'drums', 'the wheel', 'all along the watchtower', 'black peter', 'turn on your love light', 'baby blue']",let the good times roll,40.833989,-74.0970865
1164,Meadowlands Arena,East Rutherford,USA,1989-10-12,1989,NJ,"['hell in a bucket', 'sugaree', 'blow away', 'tennessee jed', 'queen jane approximately', 'bird song', 'jack straw', 'hey pocky way', 'cumberland blues', 'looks like rain', ""he's gone"", 'drums', 'the other one', 'wharf rat', 'sugar magnolia', 'brokedown palace']",hell in a bucket,40.833989,-74.0970865
1165,Meadowlands Arena,East Rutherford,USA,1989-10-14,1989,NJ,"['touch of grey', 'new minglewood blues', ""we can run but we can't hide"", 'friend of the devil', 'mama tried', 'mexicali blues', 'help on the way', 'slipknot!', ""franklin's tower"", 'foolish heart', 'man smart/woman smarter', 'scarlet begonias', ""truckin'"", 'drums', 'china doll', 'one more saturday night', 'black muddy river']",touch of grey,40.833989,-74.0970865
1166,Meadowlands Arena,East Rutherford,USA,1989-10-15,1989,NJ,"['let the good times roll', 'iko iko', ""walkin' blues"", 'far from me', 'row jimmy', 'victim or the crime', 'standing on the moon', 'samson and delilah', 'just a little light', 'crazy fingers', 'estimated prophet', 'eyes of the world', 'drums', 'stella blue', ""throwin' stones"", 'not fade away', 'box of rain']",let the good times roll,40.833989,-74.0970865
1167,Meadowlands Arena,East Rutherford,USA,1989-10-16,1989,NJ,"['picasso moon', 'mississippi half-step', 'feel like a stranger', 'good time blues', 'built to last', 'stuck inside of mobile', 'let it grow', 'deal', 'dark star', ""playin' in the band"", ""uncle john's band"", ""playin' in the band"", 'drums', 'i will take you home', 'i need a miracle', 'dark star', 'attics of my life', ""playin' reprise"", 'we bid you goodnight']",picasso moon,40.833989,-74.0970865
1168,The Spectrum,Philadelphia,USA,1989-10-18,1989,PA,"['shakedown street', 'little red rooster', 'peggy-o', 'queen jane approximately', 'bird song', 'music never stopped', 'china cat sunflower', 'i know you rider', 'ship of fools', 'man smart/woman smarter', 'terrapin station', 'drums', ""gimme some lovin'"", 'all along the watchtower', 'black peter', 'around and around', ""good lovin'"", 'u.s. blues']",shakedown street,39.9527237,-75.1635262
1169,The Spectrum,Philadelphia,USA,1989-10-19,1989,PA,"['hell in a bucket', 'west l.a. fadeaway', 'victim or the crime', 'built to last', 'blow away', 'masterpiece', 'cumberland blues', 'cassidy', ""don't ease me in"", 'help on the way', 'slipknot!', ""franklin's tower"", 'estimated prophet', 'eyes of the world', 'drums', 'the wheel', 'dear mr. fantasy', 'hey jude reprise', ""death don't have no mercy"", 'turn on your love light', 'baby blue']",hell in a bucket,39.9527237,-75.1635262
1170,The Spectrum,Philadelphia,USA,1989-10-20,1989,PA,"['touch of grey', 'greatest story ever told', 'candyman', 'picasso moon', 'just a little light', 'tennessee jed', 'stuck inside of mobile', 'stagger lee', 'promised land', 'california earthquake', 'hey pocky way', 'scarlet begonias', 'fire on the mountain', ""truckin'"", 'the other one', 'drums', 'i will take you home', 'the other one', 'wharf rat', 'sugar magnolia', 'brokedown palace']",touch of grey,39.9527237,-75.1635262
1171,unknown,Charlotte,USA,1989-10-22,1989,NC,"['foolish heart', 'new minglewood blues', 'mississippi half-step', 'queen jane approximately', 'ramble on rose', 'beat it on down the line', 'bird song', 'johnny b. goode', 'blow away', 'samson and delilah', 'help on the way', 'slipknot!', ""franklin's tower"", 'drums', 'i need a miracle', 'stella blue', ""throwin' stones"", 'not fade away', 'black muddy river']",foolish heart,35.2272086,-80.8430827
1172,unknown,Charlotte,USA,1989-10-23,1989,NC,"['california earthquake', 'feel like a stranger', 'loser', ""walkin' blues"", 'bertha', 'masterpiece', 'tennessee jed', 'let it grow', 'touch of grey', 'looks like rain', ""we can run but we can't hide"", 'crazy fingers', 'terrapin station', 'drums', 'i will take you home', ""goin' down the road feelin' bad"", 'standing on the moon', 'turn on your love light', 'attics of my life']",california earthquake,35.2272086,-80.8430827
1173,unknown,Miami,USA,1989-10-25,1989,FL,"['hell in a bucket', 'sugaree', 'just a little light', 'friend of the devil', 'stuck inside of mobile', 'cold rain and snow', 'picasso moon', 'deal', ""playin' in the band"", ""uncle john's band"", ""playin' reprise"", 'standing on the moon', ""truckin'"", 'drums', ""gimme some lovin'"", 'wharf rat', 'sugar magnolia', 'u.s. blues']",hell in a bucket,25.7741566,-80.1935973
1174,unknown,Miami,USA,1989-10-26,1989,FL,"['foolish heart', 'little red rooster', 'stagger lee', 'me and my uncle', 'big river', 'brown eyed women', 'victim or the crime', ""don't ease me in"", 'estimated prophet', 'blow away', 'dark star', 'drums', 'the wheel', 'all along the watchtower', 'stella blue', 'not fade away', 'we bid you goodnight']",foolish heart,25.7741566,-80.1935973
1175,Oakland Coliseum,Oakland,USA,1989-12-06,1989,CA,"['shakedown street', ""walkin' blues"", 'friend of the devil', 'queen jane approximately', 'jack-a-roe', 'just a little light', 'victim or the crime', ""don't ease me in"", 'scarlet begonias', 'sugar magnolia', 'ship of fools', 'terrapin station', 'jam', 'drums', 'the wheel', 'all along the watchtower', 'standing on the moon', 'sunshine daydream', 'black muddy river']",shakedown street,37.8044557,-122.271356
1176,The Forum,Los Angeles,USA,1989-12-08,1989,CA,"['let the good times roll', 'feel like a stranger', 'stagger lee', 'beat it on down the line', 'ramble on rose', 'cassidy', 'blow away', 'help on the way', 'slipknot!', ""franklin's tower"", 'looks like rain', ""he's gone"", 'drums', 'i will take you home', 'the other one', 'wharf rat', ""throwin' stones"", 'not fade away', 'u.s. blues']",let the good times roll,34.0536909,-118.242766
1177,The Forum,Los Angeles,USA,1989-12-09,1989,CA,"['touch of grey', 'new minglewood blues', 'row jimmy', 'mexicali blues', 'cumberland blues', 'bird song', 'one more saturday night', 'foolish heart', ""playin' in the band"", 'crazy fingers', ""uncle john's band"", ""playin' reprise"", 'drums', 'dear mr. fantasy', 'hey jude reprise', 'turn on your love light', ""knockin' on heaven's door""]",touch of grey,34.0536909,-118.242766
1178,The Forum,Los Angeles,USA,1989-12-10,1989,CA,"['hell in a bucket', 'sugaree', ""we can run but we can't hide"", 'masterpiece', 'loser', 'victim or the crime', 'c.c. rider', ""i'm a man"", 'jack straw', 'china cat sunflower', 'i know you rider', 'man smart/woman smarter', 'drums', 'the wheel', 'i need a miracle', 'stella blue', ""good lovin'"", 'baby blue']",hell in a bucket,34.0536909,-118.242766
1179,Oakland Coliseum,Oakland,USA,1989-12-27,1989,CA,"['cold rain and snow', 'greatest story ever told', 'good time blues', 'althea', 'me and my uncle', 'big river', ""tom thumb's blues"", 'bird song', 'promised land', 'iko iko', ""playin' in the band"", 'crazy fingers', ""uncle john's band"", 'drums', 'the wheel', 'i need a miracle', 'morning dew', 'johnny b. goode', 'black muddy river']",cold rain and snow,37.8044557,-122.271356
1180,Oakland Coliseum,Oakland,USA,1989-12-28,1989,CA,"['let the good times roll', 'feel like a stranger', 'dire wolf', 'little red rooster', 'ramble on rose', 'queen jane approximately', 'just a little light', 'let it grow', 'foolish heart', 'looks like rain', 'eyes of the world', 'drums', ""gimme some lovin'"", 'all along the watchtower', 'stella blue', 'turn on your love light', 'u.s. blues']",let the good times roll,37.8044557,-122.271356
1181,Oakland Coliseum,Oakland,USA,1989-12-30,1989,CA,"['bertha', ""good lovin'"", 'sugaree', ""walkin' blues"", 'jack-a-roe', 'masterpiece', 'west l.a. fadeaway', 'music never stopped', 'jack straw', 'china cat sunflower', 'i know you rider', 'estimated prophet', 'terrapin station', 'drums', 'i will take you home', 'the other one', 'standing on the moon', 'one more saturday night', 'baby blue']",bertha,37.8044557,-122.271356
1182,Oakland Coliseum,Oakland,USA,1989-12-31,1989,CA,"['sugar magnolia', 'touch of grey', 'man smart/woman smarter', 'big boss man', 'stuck inside of mobile', 'shakedown street', 'iko iko', 'victim or the crime', 'dark star', 'drums', 'dear mr. fantasy', 'hey jude reprise', ""goin' down the road feelin' bad"", ""throwin' stones"", 'not fade away', 'brokedown palace', 'sunshine daydream', 'midnight hour']",sugar magnolia,37.8044557,-122.271356
1183,Oakland Arena,Oakland,USA,1990-02-25,1990,CA,"['touch of grey', 'greatest story ever told', 'jack-a-roe', 'little red rooster', 'stagger lee', 'queen jane approximately', 'this could be the last time', 'cassidy', 'deal', 'china cat sunflower', 'i know you rider', 'just a little light', 'estimated prophet', 'eyes of the world', 'drums', 'the wheel', ""gimme some lovin'"", 'wharf rat', 'sugar magnolia', ""knockin' on heaven's door""]",touch of grey,37.8044557,-122.271356
1184,Oakland Arena,Oakland,USA,1990-02-26,1990,CA,"['hell in a bucket', 'peggy-o', ""walkin' blues"", 'ramble on rose', ""tom thumb's blues"", 'music never stopped', ""don't ease me in"", 'scarlet begonias', 'fire on the mountain', ""playin' in the band"", 'terrapin station', 'drums', 'i need a miracle', 'stella blue', 'turn on your love light', 'baby blue']",hell in a bucket,37.8044557,-122.271356
1185,Oakland Arena,Oakland,USA,1990-02-27,1990,CA,"['let the good times roll', 'feel like a stranger', 'sugaree', 'victim or the crime', 'mississippi half-step', 'masterpiece', 'bird song', 'iko iko', 'man smart/woman smarter', 'standing on the moon', ""truckin'"", 'spoonful', 'drums', 'the other one', 'morning dew', ""throwin' stones"", 'not fade away', 'we bid you goodnight']",let the good times roll,37.8044557,-122.271356
1186,Capitol Centre,Landover,USA,1990-03-14,1990,MD,"['cold rain and snow', 'feel like a stranger', 'good time blues', 'mama tried', 'big river', 'loose lucy', 'stuck inside of mobile', 'row jimmy', 'let it grow', 'crazy fingers', ""playin' in the band"", ""uncle john's band"", 'jam', 'drums', 'dear mr. fantasy', 'i need a miracle', 'black peter', 'turn on your love light', 'black muddy river']",cold rain and snow,38.925313,-76.8815433
1187,Capitol Centre,Landover,USA,1990-03-15,1990,MD,"['jack straw', 'sugaree', 'easy to love you', ""walkin' blues"", 'althea', ""tom thumb's blues"", 'tennessee jed', 'cassidy', ""don't ease me in"", 'china cat sunflower', 'i know you rider', 'samson and delilah', 'terrapin station', 'drums', 'i will take you home', 'wharf rat', ""throwin' stones"", 'not fade away', 'revolution']",jack straw,38.925313,-76.8815433
1188,Capitol Centre,Landover,USA,1990-03-16,1990,MD,"['let the good times roll', 'touch of grey', 'new minglewood blues', 'peggy-o', 'queen jane approximately', 'loser', 'black-throated wind', 'bird song', 'blow away', 'scarlet begonias', 'estimated prophet', 'ship of fools', 'man smart/woman smarter', 'drums', 'the other one', 'stella blue', 'sugar magnolia', 'this could be the last time']",let the good times roll,38.925313,-76.8815433
1189,Hartford Civic Center,Hartford,USA,1990-03-18,1990,CT,"['shakedown street', 'little red rooster', 'stagger lee', 'me and my uncle', 'mexicali blues', 'friend of the devil', 'just a little light', 'masterpiece', 'ramble on rose', 'music never stopped', 'iko iko', 'looks like rain', ""he's gone"", ""truckin'"", 'spoonful', 'drums', 'the wheel', 'all along the watchtower', 'morning dew', 'u.s. blues']",shakedown street,41.764582,-72.6908547
1190,Hartford Civic Center,Hartford,USA,1990-03-19,1990,CT,"['hell in a bucket', 'bertha', ""we can run but we can't hide"", 'jack-a-roe', 'picasso moon', 'brown eyed women', ""it's all over now"", 'deal', 'box of rain', 'foolish heart', ""playin' in the band"", 'jam', 'eyes of the world', 'drums', 'china doll', ""gimme some lovin'"", ""goin' down the road feelin' bad"", 'around and around', 'brokedown palace']",hell in a bucket,41.764582,-72.6908547
1191,Copps Coliseum,Hamilton,Canada,1990-03-21,1990,,"['mississippi half-step', 'new minglewood blues', 'far from me', 'queen jane approximately', 'loose lucy', 'victim or the crime', 'standing on the moon', 'promised land', 'hey pocky way', 'crazy fingers', 'cumberland blues', 'estimated prophet', ""he's gone"", 'drums', 'i need a miracle', 'wharf rat', ""throwin' stones"", 'turn on your love light', ""knockin' on heaven's door""]",mississippi half-step,-20.0563105,-43.9869274
1192,Copps Coliseum,Hamilton,Canada,1990-03-22,1990,,"['feel like a stranger', 'west l.a. fadeaway', 'easy to love you', 'beat it on down the line', 'it must have been the roses', 'this could be the last time', 'picasso moon', ""don't ease me in"", 'scarlet begonias', 'fire on the mountain', 'samson and delilah', 'believe it or not', ""truckin'"", 'drums', 'the other one', 'hey jude reprise', 'dear mr. fantasy', 'hey jude reprise', 'sugar magnolia', 'baby blue']",feel like a stranger,-20.0563105,-43.9869274
1193,Knickerbocker Arena,Albany,USA,1990-03-24,1990,NY,"['good time blues', 'help on the way', 'slipknot!', ""franklin's tower"", ""walkin' blues"", 'loser', 'desolation row', 'tennessee jed', 'one more saturday night', ""playin' in the band"", ""uncle john's band"", 'terrapin station', 'drums', 'the wheel', 'all along the watchtower', 'stella blue', 'not fade away', 'we bid you goodnight']",good time blues,42.6511674,-73.754968
1194,Knickerbocker Arena,Albany,USA,1990-03-25,1990,NY,"['greatest story ever told', 'touch of grey', 'wang dang doodle', 'good time blues', 'jack-a-roe', 'masterpiece', 'bird song', 'let it grow', 'eyes of the world', 'samson and delilah', 'crazy fingers', ""truckin'"", 'spoonful', 'drums', 'i will take you home', ""goin' down the road feelin' bad"", 'black peter', 'around and around', 'quinn the eskimo']",greatest story ever told,42.6511674,-73.754968
1195,Knickerbocker Arena,Albany,USA,1990-03-26,1990,NY,"['hell in a bucket', ""dupree's diamond blues"", 'just a little light', 'black-throated wind', 'big railroad blues', 'picasso moon', 'row jimmy', 'blow away', 'built to last', 'victim or the crime', 'china cat sunflower', 'i know you rider', 'man smart/woman smarter', 'drums', 'i need a miracle', 'dear mr. fantasy', ""gimme some lovin'"", 'morning dew', 'brokedown palace']",hell in a bucket,42.6511674,-73.754968
1196,Nassau Coliseum,Uniondale,USA,1990-03-28,1990,NY,"['cold rain and snow', 'new minglewood blues', 'easy to love you', 'high time', 'queen jane approximately', 'loose lucy', 'cassidy', 'deal', 'foolish heart', 'looks like rain', 'cumberland blues', 'the weight', 'hey pocky way', 'drums', 'the other one', 'wharf rat', ""good lovin'"", 'revolution']",cold rain and snow,40.7157545,-73.5898872
1197,Nassau Coliseum,Uniondale,USA,1990-03-29,1990,NY,"['jack straw', 'bertha', ""we can run but we can't hide"", 'ramble on rose', 'masterpiece', 'bird song', 'promised land', 'eyes of the world', 'estimated prophet', 'dark star', 'drums', 'dark star', 'the wheel', ""throwin' stones"", 'turn on your love light', ""knockin' on heaven's door""]",jack straw,40.7157545,-73.5898872
1198,Nassau Coliseum,Uniondale,USA,1990-03-30,1990,NY,"['help on the way', 'slipknot!', ""franklin's tower"", 'little red rooster', 'dire wolf', ""it's all over now"", ""tom thumb's blues"", 'picasso moon', ""don't ease me in"", 'iko iko', ""playin' in the band"", 'china doll', ""uncle john's band"", 'terrapin station', 'drums', 'i need a miracle', ""gimme some lovin'"", 'standing on the moon', 'not fade away', 'attics of my life']",help on the way,40.7157545,-73.5898872
1199,The Omni,Atlanta,USA,1990-04-01,1990,GA,"['touch of grey', ""walkin' blues"", 'just a little light', 'candyman', 'me and my uncle', 'big river', 'althea', 'victim or the crime', 'to lay me down', 'music never stopped', 'china cat sunflower', 'i know you rider', 'ship of fools', 'man smart/woman smarter', 'drums', 'dear mr. fantasy', 'hey jude reprise', ""truckin'"", 'stella blue', 'sugar magnolia', 'baby blue']",touch of grey,33.7544657,-84.3898151
1200,The Omni,Atlanta,USA,1990-04-02,1990,GA,"['feel like a stranger', 'mississippi half-step', 'the weight', 'queen jane approximately', 'easy to love you', 'brown eyed women', 'let it grow', 'foolish heart', 'looks like rain', ""he's gone"", 'this could be the last time', 'drums', 'the other one', ""death don't have no mercy"", 'around and around', ""good lovin'"", 'black muddy river']",feel like a stranger,33.7544657,-84.3898151
1201,The Omni,Atlanta,USA,1990-04-03,1990,GA,"['shakedown street', 'hell in a bucket', 'sugaree', ""we can run but we can't hide"", 'masterpiece', 'row jimmy', 'picasso moon', 'tennessee jed', 'promised land', 'estimated prophet', 'scarlet begonias', 'crazy fingers', ""playin' in the band"", 'drums', 'i will take you home', ""goin' down the road feelin' bad"", ""throwin' stones"", 'not fade away', 'we bid you goodnight']",shakedown street,33.7544657,-84.3898151
1202,Cal State Dominguez Hills,Carson,USA,1990-05-05,1990,CA,"['good time blues', 'the race is on', 'help on the way', 'slipknot!', ""franklin's tower"", 'queen jane approximately', 'loser', 'me and my uncle', 'mexicali blues', 'loose lucy', 'one more saturday night', ""truckin'"", 'crazy fingers', ""playin' in the band"", ""uncle john's band"", 'drums', 'i need a miracle', 'dear mr. fantasy', ""goin' down the road feelin' bad"", 'around and around', 'touch of grey']",good time blues,33.8322043,-118.2517547
1203,Cal State Dominguez Hills,Carson,USA,1990-05-06,1990,CA,"['mississippi half-step', 'feel like a stranger', 'easy to love you', 'west l.a. fadeaway', 'masterpiece', 'candyman', 'victim or the crime', 'foolish heart', 'iko iko', 'samson and delilah', 'the weight', 'blow away', 'terrapin station', 'drums', 'the other one', 'standing on the moon', ""throwin' stones"", 'turn on your love light', 'this could be the last time']",mississippi half-step,33.8322043,-118.2517547
1204,Cal Expo,Sacramento,USA,1990-06-08,1990,CA,"['cold rain and snow', ""walkin' blues"", 'easy to love you', 'jack-a-roe', 'queen jane approximately', 'high time', ""it's all over now"", 'bird song', ""uncle john's band"", 'china cat sunflower', 'i know you rider', 'estimated prophet', 'foolish heart', 'drums', 'the wheel', 'i need a miracle', 'black peter', 'sugar magnolia', 'u.s. blues']",cold rain and snow,38.5810606,-121.493895
1205,Cal Expo,Sacramento,USA,1990-06-09,1990,CA,"['let the good times roll', 'feel like a stranger', 'peggy-o', 'me and my uncle', 'mexicali blues', 'loser', 'masterpiece', 'loose lucy', 'cassidy', ""don't ease me in"", 'victim or the crime', 'touch of grey', 'looks like rain', 'terrapin station', 'drums', 'dear mr. fantasy', 'hey jude reprise', 'all along the watchtower', 'stella blue', 'turn on your love light', 'black muddy river']",let the good times roll,38.5810606,-121.493895
1206,Cal Expo,Sacramento,USA,1990-06-10,1990,CA,"['bertha', 'jack straw', 'dire wolf', 'wang dang doodle', 'row jimmy', 'picasso moon', 'tennessee jed', 'promised land', 'box of rain', 'eyes of the world', ""playin' in the band"", 'crazy fingers', 'drums', ""gimme some lovin'"", 'standing on the moon', ""throwin' stones"", 'not fade away', 'this could be the last time']",bertha,38.5810606,-121.493895
1207,Shoreline Amphitheater,Mountain View,USA,1990-06-15,1990,CA,"['help on the way', 'slipknot!', ""franklin's tower"", 'new minglewood blues', 'just a little light', 'stagger lee', 'desolation row', 'ramble on rose', 'hell in a bucket', 'scarlet begonias', 'fire on the mountain', 'blow away', 'man smart/woman smarter', ""he's gone"", 'drums', 'the other one', 'wharf rat', 'around and around', ""knockin' on heaven's door""]",help on the way,37.3893889,-122.0832101
1208,Shoreline Amphitheater,Mountain View,USA,1990-06-16,1990,CA,"['let the good times roll', ""truckin'"", 'touch of grey', 'mama tried', 'big river', 'friend of the devil', 'cassidy', 'big boss man', 'one more saturday night', 'china cat sunflower', 'i know you rider', ""we can run but we can't hide"", 'estimated prophet', 'terrapin station', 'drums', 'china doll', 'sugar magnolia', 'baby blue']",let the good times roll,37.3893889,-122.0832101
1209,Shoreline Amphitheater,Mountain View,USA,1990-06-17,1990,CA,"['shakedown street', 'little red rooster', 'jack-a-roe', 'easy to love you', 'queen jane approximately', 'bird song', 'promised land', 'iko iko', 'picasso moon', 'ship of fools', ""playin' in the band"", 'eyes of the world', 'drums', 'i will take you home', 'i need a miracle', 'stella blue', ""throwin' stones"", 'turn on your love light', 'the weight']",shakedown street,37.3893889,-122.0832101
1210,Autzen Stadium,Eugene,USA,1990-06-23,1990,OR,"['comments: teddy bear picnic before stranger', 'feel like a stranger', 'west l.a. fadeaway', 'me and my uncle', 'cumberland blues', 'far from me', 'they love each other', 'cassidy', 'tennessee jed', 'promised land', 'eyes of the world', 'looks like rain', 'crazy fingers', ""playin' in the band"", ""uncle john's band"", ""playin' reprise"", 'drums', 'the wheel', 'i need a miracle', 'morning dew', 'one more saturday night']",comments: teddy bear picnic before stranger,44.0505054,-123.0950506
1211,Autzen Stadium,Eugene,USA,1990-06-24,1990,OR,"['help on the way', 'slipknot!', ""franklin's tower"", 'masterpiece', 'loose lucy', 'just a little light', 'picasso moon', 'candyman', 'let it grow', 'foolish heart', 'man smart/woman smarter', 'standing on the moon', 'box of rain', 'estimated prophet', ""he's gone"", 'drums', 'the other one', 'wharf rat', 'sugar magnolia', 'brokedown palace']",help on the way,44.0505054,-123.0950506
1212,Sandstone,Bonner Springs,USA,1990-07-04,1990,KS,"['cold rain and snow', ""walkin' blues"", 'mississippi half-step', 'queen jane approximately', 'loose lucy', ""it's all over now"", 'loser', 'promised land', 'victim or the crime', 'foolish heart', 'just a little light', 'scarlet begonias', 'fire on the mountain', 'drums', 'the wheel', ""gimme some lovin'"", 'stella blue', 'sugar magnolia', 'u.s. blues']",cold rain and snow,39.0597129,-94.8837597
1213,Cardinal Stadium,Louisville,USA,1990-07-06,1990,KY,"['hell in a bucket', 'sugaree', 'easy to love you', 'peggy-o', 'desolation row', 'west l.a. fadeaway', 'picasso moon', 'ramble on rose', 'music never stopped', 'china cat sunflower', 'i know you rider', 'man smart/woman smarter', 'standing on the moon', ""he's gone"", 'drums', ""truckin'"", 'wharf rat', ""goin' down the road feelin' bad"", 'around and around', 'baby blue']",hell in a bucket,38.2542376,-85.759407
1214,Three Rivers Stadium,Pittsburgh,USA,1990-07-08,1990,PA,"['touch of grey', 'greatest story ever told', 'jack-a-roe', 'new minglewood blues', 'row jimmy', 'mama tried', 'mexicali blues', ""tom thumb's blues"", 'let it grow', 'samson and delilah', 'eyes of the world', 'estimated prophet', 'terrapin station', 'drums', 'i need a miracle', 'wang dang doodle', 'black peter', ""throwin' stones"", 'turn on your love light', ""knockin' on heaven's door""]",touch of grey,40.4406968,-80.0025666
1215,Carter Finley,Raleigh,USA,1990-07-10,1990,NC,"['jack straw', 'loser', ""we can run but we can't hide"", 'me and my uncle', 'big river', 'friend of the devil', 'masterpiece', 'bird song', 'promised land', 'iko iko', ""playin' in the band"", ""uncle john's band"", 'drums', 'the other one', 'stella blue', 'not fade away', 'brokedown palace']",jack straw,35.7803977,-78.6390989
1216,RFK Stadium,Washington,USA,1990-07-12,1990,DC,"['let the good times roll', 'feel like a stranger', 'bertha', 'just a little light', 'queen jane approximately', 'stagger lee', 'cassidy', 'tennessee jed', 'music never stopped', 'box of rain', 'victim or the crime', 'foolish heart', 'dark star', 'drums', 'all along the watchtower', 'dear mr. fantasy', 'hey jude reprise', 'touch of grey', 'the weight']",let the good times roll,38.8950982,-77.0363849
1217,Sullivan Stadium,Foxboro,USA,1990-07-14,1990,MA,"['shakedown street', ""walkin' blues"", 'far from me', 'candyman', 'stuck inside of mobile', 'ramble on rose', 'one more saturday night', 'eyes of the world', 'estimated prophet', 'crazy fingers', ""uncle john's band"", 'drums', 'i will take you home', 'i need a miracle', ""goin' down the road feelin' bad"", ""throwin' stones"", 'turn on your love light', 'this could be the last time', 'we bid you goodnight']",shakedown street,42.0953545,-71.2616265
1218,Rich Stadium,Orchard Park,USA,1990-07-16,1990,NY,"['hell in a bucket', 'mississippi half-step', 'blow away', 'mama tried', 'mexicali blues', 'loose lucy', ""it's all over now"", 'high time', 'let it grow', ""don't ease me in"", 'sugar magnolia', 'scarlet begonias', 'man smart/woman smarter', 'ship of fools', ""truckin'"", 'drums', 'the wheel', ""gimme some lovin'"", 'wharf rat', 'around and around', 'sunshine daydream', 'brokedown palace']",hell in a bucket,42.7670376,-78.7435517
1219,Deer Creek,Noblesville,USA,1990-07-18,1990,IN,"['help on the way', 'slipknot!', ""franklin's tower"", 'new minglewood blues', 'easy to love you', 'peggy-o', 'masterpiece', 'brown eyed women', 'cassidy', 'deal', 'china cat sunflower', 'i know you rider', 'looks like rain', 'terrapin station', 'drums', 'the other one', 'morning dew', 'the weight']",help on the way,40.0460881,-86.0139854
1220,Deer Creek,Noblesville,USA,1990-07-19,1990,IN,"['jack straw', 'they love each other', 'desolation row', 'row jimmy', 'picasso moon', 'althea', 'promised land', 'victim or the crime', 'foolish heart', ""playin' in the band"", 'china doll', ""uncle john's band"", 'drums', 'all along the watchtower', 'black peter', 'not fade away', 'u.s. blues']",jack straw,40.0460881,-86.0139854
1221,World Amphitheatre,Tinley Park,USA,1990-07-21,1990,IL,"['touch of grey', 'greatest story ever told', 'jack-a-roe', ""walkin' blues"", 'friend of the devil', 'just a little light', 'queen jane approximately', 'bird song', 'scarlet begonias', 'fire on the mountain', ""playin' in the band"", ""he's gone"", 'drums', 'i need a miracle', 'crazy fingers', 'dear mr. fantasy', 'one more saturday night', 'quinn the eskimo']",touch of grey,41.5733669,-87.7844944
1222,World Amphitheatre,Tinley Park,USA,1990-07-22,1990,IL,"['box of rain', 'feel like a stranger', 'loser', 'beat it on down the line', 'west l.a. fadeaway', 'masterpiece', 'far from me', 'tennessee jed', 'hell in a bucket', 'samson and delilah', 'hey pocky way', 'estimated prophet', 'eyes of the world', 'drums', 'the wheel', ""gimme some lovin'"", 'stella blue', ""throwin' stones"", 'turn on your love light', ""knockin' on heaven's door""]",box of rain,41.5733669,-87.7844944
1223,World Amphitheatre,Tinley Park,USA,1990-07-23,1990,IL,"[""comments: brent mydland's last show.  brent died on 7/26, three days later."", 'cold rain and snow', 'picasso moon', 'good time blues', 'stagger lee', 'cassidy', ""truckin'"", ""smokestack lightnin'"", 'victim or the crime', 'foolish heart', 'man smart/woman smarter', 'terrapin station', 'drums', 'all along the watchtower', 'standing on the moon', 'around and around', ""good lovin'"", 'the weight']",comments: brent mydlands last show.  brent died on 7/26,41.5733669,-87.7844944
1224,Richfield Coliseum,Richfield,USA,1990-09-07,1990,OH,"[""comments: vince welnik's first show."", 'cold rain and snow', ""walkin' blues"", 'ramble on rose', 'me and my uncle', 'big river', 'althea', 'masterpiece', 'bird song', 'picasso moon', 'u.s. blues', 'china cat sunflower', 'i know you rider', ""truckin'"", 'crazy fingers', ""playin' in the band"", 'drums', 'i need a miracle', 'black peter', 'turn on your love light', ""knockin' on heaven's door""]",comments: vince welniks first show.,41.2397772,-81.6381785
1225,Richfield Coliseum,Richfield,USA,1990-09-08,1990,OH,"['hell in a bucket', 'sugaree', 'new minglewood blues', 'friend of the devil', 'queen jane approximately', 'loser', 'cassidy', 'deal', 'eyes of the world', 'estimated prophet', 'terrapin station', 'drums', 'all along the watchtower', 'stella blue', ""throwin' stones"", 'not fade away', 'one more saturday night']",hell in a bucket,41.2397772,-81.6381785
1226,Spectrum Arena,Philadelphia,USA,1990-09-10,1990,PA,"['shakedown street', 'little red rooster', 'peggy-o', 'mama tried', 'mexicali blues', 'row jimmy', 'stuck inside of mobile', 'foolish heart', 'promised land', 'victim or the crime', 'scarlet begonias', 'fire on the mountain', 'man smart/woman smarter', 'drums', 'the other one', 'wharf rat', 'sugar magnolia', 'u.s. blues']",shakedown street,39.9527237,-75.1635262
1227,Spectrum Arena,Philadelphia,USA,1990-09-11,1990,PA,"['jack straw', 'bertha', 'greatest story ever told', 'candyman', 'queen jane approximately', 'brown eyed women', ""it's all over now"", 'tennessee jed', 'hell in a bucket', 'china cat sunflower', 'i know you rider', 'looks like rain', ""he's gone"", 'spoonful', 'drums', 'the wheel', 'i need a miracle', 'black peter', 'around and around', ""knockin' on heaven's door""]",jack straw,39.9527237,-75.1635262
1228,Spectrum Arena,Philadelphia,USA,1990-09-12,1990,PA,"['mississippi half-step', ""walkin' blues"", 'they love each other', 'me and my uncle', 'big river', 'high time', 'masterpiece', 'althea', 'let it grow', 'iko iko', ""playin' in the band"", 'crazy fingers', ""uncle john's band"", 'drums', 'morning dew', 'turn on your love light', 'brokedown palace']",mississippi half-step,39.9527237,-75.1635262
1229,Madison Square Garden,NYC,USA,1990-09-14,1990,NY,"['feel like a stranger', 'sugaree', 'new minglewood blues', 'ramble on rose', 'black-throated wind', 'jack-a-roe', 'cassidy', ""don't ease me in"", 'scarlet begonias', 'fire on the mountain', ""truckin'"", 'terrapin station', 'drums', 'the other one', 'wharf rat', 'sugar magnolia', 'u.s. blues']",feel like a stranger,40.7127281,-74.0060152
1230,Madison Square Garden,NYC,USA,1990-09-15,1990,NY,"['touch of grey', ""walkin' blues"", 'candyman', 'mama tried', 'mexicali blues', 'west l.a. fadeaway', 'masterpiece', 'bird song', 'box of rain', 'the weight', ""playin' in the band"", 'crazy fingers', ""uncle john's band"", 'drums', ""gimme some lovin'"", 'all along the watchtower', 'stella blue', ""throwin' stones"", 'not fade away', 'one more saturday night']",touch of grey,40.7127281,-74.0060152
1231,Madison Square Garden,NYC,USA,1990-09-16,1990,NY,"['hell in a bucket', 'cold rain and snow', 'little red rooster', 'stagger lee', 'queen jane approximately', 'tennessee jed', 'cassidy', 'deal', 'samson and delilah', 'iko iko', 'looks like rain', ""he's gone"", 'jam', 'drums', 'standing on the moon', 'i need a miracle', 'morning dew', 'baby blue']",hell in a bucket,40.7127281,-74.0060152
1232,Madison Square Garden,NYC,USA,1990-09-18,1990,NY,"['mississippi half-step', 'new minglewood blues', 'loser', 'picasso moon', 'row jimmy', 'desolation row', 'to lay me down', 'promised land', 'eyes of the world', 'estimated prophet', 'foolish heart', 'drums', 'the other one', 'the wheel', 'sugar magnolia', ""knockin' on heaven's door""]",mississippi half-step,40.7127281,-74.0060152
1233,Madison Square Garden,NYC,USA,1990-09-19,1990,NY,"['jack straw', 'bertha', 'me and my uncle', 'big river', 'it must have been the roses', 'stuck inside of mobile', 'help on the way', 'slipknot!', ""franklin's tower"", ""playin' in the band"", 'ship of fools', ""uncle john's band"", 'let it grow', 'drums', ""goin' down the road feelin' bad"", 'stella blue', 'around and around', 'quinn the eskimo']",jack straw,40.7127281,-74.0060152
1234,Madison Square Garden,NYC,USA,1990-09-20,1990,NY,"['feel like a stranger', 'althea', ""it's all over now"", 'ramble on rose', 'el paso', 'brown eyed women', 'greatest story ever told', 'u.s. blues', ""truckin'"", 'china cat sunflower', 'i know you rider', 'man smart/woman smarter', 'drums', 'dark star', ""playin' reprise"", 'dark star', ""throwin' stones"", 'touch of grey', 'turn on your love light']",feel like a stranger,40.7127281,-74.0060152
1235,Istadium,Stockholm,Sweden,1990-10-13,1990,,"['cold rain and snow', 'feel like a stranger', 'candyman', ""walkin' blues"", 'loser', 'queen jane approximately', 'bird song', 'promised land', 'touch of grey', 'estimated prophet', 'crazy fingers', ""playin' in the band"", 'drums', 'all along the watchtower', 'stella blue', ""throwin' stones"", 'not fade away', 'one more saturday night']",cold rain and snow,58.7924739,16.914041
1241,The Zenith,Paris,France,1990-10-27,1990,,"['hell in a bucket', 'sugaree', 'new minglewood blues', 'jack-a-roe', 'black-throated wind', 'ramble on rose', 'masterpiece', 'bird song', 'promised land', 'china cat sunflower', 'i know you rider', 'saint of circumstance', 'crazy fingers', ""playin' in the band"", 'drums', ""playin' reprise"", 'stella blue', ""throwin' stones"", 'not fade away', 'one more saturday night']",hell in a bucket,47.2490799,-1.5210393
1242,The Zenith,Paris,France,1990-10-28,1990,,"['touch of grey', ""walkin' blues"", 'candyman', 'box of rain', 'mexicali blues', ""maggie's farm"", 'althea', 'cassidy', 'tennessee jed', 'stander on the mountain', 'victim or the crime', 'eyes of the world', 'estimated prophet', ""uncle john's band"", 'drums', 'the other one', 'wharf rat', 'sugar magnolia', ""knockin' on heaven's door""]",touch of grey,47.2490799,-1.5210393
1243,Wembley Arena,London,England,1990-10-30,1990,,"['jack straw', 'bertha', 'wang dang doodle', 'queen jane approximately', 'row jimmy', 'let it grow', 'valley road', 'picasso moon', 'foolish heart', 'looks like rain', 'terrapin station', 'drums', 'the wheel', 'i need a miracle', 'black peter', 'turn on your love light', 'the weight']",jack straw,52.1117555,0.1712189
1244,Wembley Arena,London,England,1990-10-31,1990,,"['help on the way', 'slipknot!', ""franklin's tower"", 'little red rooster', 'loose lucy', 'me and my uncle', 'big river', 'it must have been the roses', 'masterpiece', 'bird song', 'promised land', 'scarlet begonias', 'fire on the mountain', ""truckin'"", ""he's gone"", 'drums', 'all along the watchtower', 'stella blue', 'around and around', ""good lovin'"", 'werewolves of london']",help on the way,52.1117555,0.1712189
1245,Wembley Arena,London,England,1990-11-01,1990,,"['hell in a bucket', 'friend of the devil', ""walkin' blues"", 'cold rain and snow', 'mama tried', ""maggie's farm"", 'cassidy', 'stander on the mountain', 'victim or the crime', 'touch of grey', ""playin' in the band"", 'dark star', 'drums', 'dark star', ""playin' reprise"", 'wharf rat', ""throwin' stones"", 'not fade away', 'u.s. blues']",hell in a bucket,52.1117555,0.1712189
1246,Oakland Coliseum,Oakland,USA,1990-12-03,1990,CA,"['touch of grey', 'feel like a stranger', 'west l.a. fadeaway', 'queen jane approximately', 'ramble on rose', 'cassidy', 'althea', 'stander on the mountain', 'china cat sunflower', 'i know you rider', 'estimated prophet', 'terrapin station', 'drums', 'the wheel', 'i need a miracle', 'stella blue', 'sugar magnolia', 'the weight']",touch of grey,37.8044557,-122.271356
1247,Oakland Coliseum,Oakland,USA,1990-12-04,1990,CA,"['jack straw', 'mississippi half-step', ""walkin' blues"", 'candyman', 'me and my uncle', 'big river', 'brown eyed women', 'masterpiece', 'bird song', 'valley road', 'eyes of the world', 'saint of circumstance', 'ship of fools', ""truckin'"", ""smokestack lightnin'"", 'drums', 'the other one', 'wharf rat', 'turn on your love light', 'baby blue']",jack straw,37.8044557,-122.271356
1248,Compton Terrace,Tempe,USA,1990-12-08,1990,AZ,"['cold rain and snow', 'picasso moon', 'loser', 'new minglewood blues', 'row jimmy', 'desolation row', 'tennessee jed', 'music never stopped', 'victim or the crime', 'foolish heart', ""playin' in the band"", ""uncle john's band"", 'drums', 'all along the watchtower', 'black peter', 'around and around', 'one more saturday night', 'u.s. blues']",cold rain and snow,33.4255117,-111.940016
1249,Compton Terrace,Tempe,USA,1990-12-09,1990,AZ,"['hell in a bucket', 'bertha', 'little red rooster', 'jack-a-roe', ""maggie's farm"", 'black-throated wind', 'bird song', 'valley road', 'samson and delilah', 'scarlet begonias', 'fire on the mountain', ""truckin'"", 'spoonful', ""he's gone"", 'drums', 'the wheel', ""playin' reprise"", ""goin' down the road feelin' bad"", ""good lovin'"", 'brokedown palace']",hell in a bucket,33.4255117,-111.940016
1250,McNichols Arena,Denver,USA,1990-12-12,1990,CO,"['touch of grey', 'greatest story ever told', 'candyman', ""walkin' blues"", 'loose lucy', 'mexicali blues', ""maggie's farm"", 'queen jane approximately', 'deal', 'china cat sunflower', 'i know you rider', 'looks like rain', 'iko iko', 'dark star', 'terrapin station', 'drums', 'all along the watchtower', 'stella blue', ""throwin' stones"", 'not fade away', 'the weight']",touch of grey,39.7392364,-104.984862
1251,McNichols Arena,Denver,USA,1990-12-13,1990,CO,"['jack straw', 'sugaree', 'wang dang doodle', 'friend of the devil', 'me and my uncle', 'big river', 'ramble on rose', 'stuck inside of mobile', 'valley road', 'help on the way', 'slipknot!', ""franklin's tower"", 'saint of circumstance', 'eyes of the world', 'drums', 'the other one', 'morning dew', 'box of rain', 'u.s. blues']",jack straw,39.7392364,-104.984862
1252,McNichols Arena,Denver,USA,1990-12-14,1990,CO,"['shakedown street', 'picasso moon', 'peggy-o', 'little red rooster', 'stagger lee', 'masterpiece', 'to lay me down', 'let it grow', 'victim or the crime', 'foolish heart', 'man smart/woman smarter', ""he's gone"", 'drums', 'dark star', 'i need a miracle', 'wharf rat', 'turn on your love light', ""knockin' on heaven's door""]",shakedown street,39.7392364,-104.984862
1253,Oakland Coliseum,Oakland,USA,1990-12-27,1990,CA,"['jack straw', 'sugaree', 'new minglewood blues', 'it must have been the roses', 'queen jane approximately', 'loose lucy', 'cassidy', ""don't ease me in"", 'scarlet begonias', 'fire on the mountain', 'estimated prophet', 'comes a time', 'drums', 'i need a miracle', 'the wheel', ""throwin' stones"", 'turn on your love light', 'baby blue']",jack straw,37.8044557,-122.271356
1254,Oakland Coliseum,Oakland,USA,1990-12-28,1990,CA,"['cold rain and snow', ""walkin' blues"", 'friend of the devil', ""it's all over now"", 'brown eyed women', 'victim or the crime', 'foolish heart', 'china cat sunflower', 'i know you rider', 'saint of circumstance', ""he's gone"", 'drums', 'all along the watchtower', 'stella blue', 'around and around', 'black muddy river']",cold rain and snow,37.8044557,-122.271356
1255,Oakland Coliseum,Oakland,USA,1990-12-30,1990,CA,"['bertha', 'feel like a stranger', 'candyman', 'me and my uncle', ""maggie's farm"", 'high time', 'stuck inside of mobile', 'tennessee jed', 'valley road', 'mississippi half-step', 'looks like rain', 'crazy fingers', ""playin' in the band"", 'drums', 'terrapin station', 'sugar magnolia', 'u.s. blues']",bertha,37.8044557,-122.271356
1256,Oakland Coliseum,Oakland,USA,1990-12-31,1990,CA,"['comments: with branford marsalis, hamza el din', 'hell in a bucket', 'jack-a-roe', 'wang dang doodle', 'row jimmy', 'mexicali blues', 'big river', 'bird song', 'promised land', 'not fade away', 'eyes of the world', 'dark star', 'drums', 'the other one', 'wharf rat', 'not fade away', 'the weight', 'johnny b. goode']",comments: with branford marsalis,37.8044557,-122.271356
1257,Oakland Coliseum,Oakland,USA,1991-02-20,1991,CA,"['hell in a bucket', 'sugaree', ""walkin' blues"", 'friend of the devil', 'mexicali blues', 'cumberland blues', 'masterpiece', 'bird song', 'scarlet begonias', 'fire on the mountain', 'estimated prophet', ""he's gone"", 'drums', 'the other one', 'wharf rat', 'around and around', 'quinn the eskimo']",hell in a bucket,37.8044557,-122.271356
1258,Oakland Coliseum,Oakland,USA,1991-02-21,1991,CA,"['comments: chinese new year', 'help on the way', 'slipknot!', ""franklin's tower"", 'little red rooster', 'loser', 'stuck inside of mobile', 'tennessee jed', 'promised land', ""playin' in the band"", ""uncle john's band"", 'terrapin station', 'drums', 'eyes of the world', ""throwin' stones"", 'not fade away', ""knockin' on heaven's door""]",comments: chinese new year,37.8044557,-122.271356
1259,Capital Centre,Landover,USA,1991-03-17,1991,MD,"['hell in a bucket', 'sugaree', ""walkin' blues"", 'peggy-o', 'queen jane approximately', 'rubin and cherise', 'let it grow', 'china cat sunflower', 'i know you rider', 'man smart/woman smarter', 'crazy fingers', ""truckin'"", 'new speedway boogie', 'drums', 'space', 'the wheel', 'all along the watchtower', 'black peter', 'around and around', 'u.s. blues']",hell in a bucket,38.925313,-76.8815433
1260,Capital Centre,Landover,USA,1991-03-18,1991,MD,"['touch of grey', 'new minglewood blues', 'ramble on rose', 'me and my uncle', ""maggie's farm"", 'row jimmy', 'picasso moon', ""don't ease me in"", ""playin' in the band"", ""uncle john's band"", 'terrapin station', 'drums', 'space', 'i need a miracle', 'stella blue', 'turn on your love light', 'baby blue']",touch of grey,38.925313,-76.8815433
1261,Capital Centre,Landover,USA,1991-03-20,1991,MD,"['feel like a stranger', 'cold rain and snow', 'little red rooster', 'althea', 'black-throated wind', 'tennessee jed', 'music never stopped', 'might as well', 'eyes of the world', 'foolish heart', 'estimated prophet', ""he's gone"", 'drums', 'space', 'the other one', 'wharf rat', 'sugar magnolia', 'the weight']",feel like a stranger,38.925313,-76.8815433
1262,Capital Centre,Landover,USA,1991-03-21,1991,MD,"['mississippi half-step', 'mexicali blues', 'big river', 'candyman', 'stuck inside of mobile', 'bird song', 'victim or the crime', 'scarlet begonias', 'fire on the mountain', 'stir it up', 'drums', 'space', ""goin' down the road feelin' bad"", ""throwin' stones"", 'not fade away', 'box of rain']",mississippi half-step,38.925313,-76.8815433
1263,Knickerbocker Arena,Albany,USA,1991-03-23,1991,NY,"['jack straw', 'bertha', ""walkin' blues"", 'friend of the devil', 'masterpiece', 'loser', 'cassidy', 'new speedway boogie', 'iko iko', 'saint of circumstance', 'ship of fools', ""playin' in the band"", 'drums', 'space', 'all along the watchtower', 'morning dew', 'one more saturday night', ""knockin' on heaven's door""]",jack straw,42.6511674,-73.754968
1264,Knickerbocker Arena,Albany,USA,1991-03-24,1991,NY,"['help on the way', 'slipknot!', ""franklin's tower"", 'wang dang doodle', 'jack-a-roe', 'beat it on down the line', 'brown eyed women', 'desolation row', 'deal', 'samson and delilah', 'china cat sunflower', 'i know you rider', 'looks like rain', ""he's gone"", 'drums', 'space', 'the wheel', 'i need a miracle', 'stander on the mountain', ""good lovin'"", 'u.s. blues']",help on the way,42.6511674,-73.754968
1265,Knickerbocker Arena,Albany,USA,1991-03-25,1991,NY,"['shakedown street', 'little red rooster', 'stagger lee', 'queen jane approximately', 'high time', ""it's all over now"", 'tennessee jed', 'promised land', 'touch of grey', 'greatest story ever told', 'crazy fingers', ""truckin'"", 'spoonful', 'drums', 'space', 'the other one', 'black peter', ""throwin' stones"", ""playin' reprise"", 'turn on your love light']",shakedown street,42.6511674,-73.754968
1266,Nassau Coliseum,Uniondale,USA,1991-03-27,1991,NY,"['hell in a bucket', 'cold rain and snow', 'new minglewood blues', 'row jimmy', 'mama tried', ""maggie's farm"", 'loose lucy', 'picasso moon', 'rubin and cherise', 'scarlet begonias', 'fire on the mountain', 'estimated prophet', ""uncle john's band"", 'drums', 'space', 'all along the watchtower', 'stella blue', 'sugar magnolia', 'box of rain']",hell in a bucket,40.7157545,-73.5898872
1267,Nassau Coliseum,Uniondale,USA,1991-03-28,1991,NY,"['bertha', 'greatest story ever told', 'loser', 'black-throated wind', 'ramble on rose', 'let it grow', 'victim or the crime', 'foolish heart', 'man smart/woman smarter', 'drums', 'space', 'china doll', ""goin' down the road feelin' bad"", ""good lovin'"", 'terrapin station']",bertha,40.7157545,-73.5898872
1268,Nassau Coliseum,Uniondale,USA,1991-03-29,1991,NY,"['feel like a stranger', 'sugaree', ""walkin' blues"", 'dire wolf', 'me and my uncle', 'mexicali blues', 'althea', 'masterpiece', 'iko iko', 'saint of circumstance', 'new speedway boogie', ""truckin'"", 'drums', 'space', 'the other one', 'wharf rat', ""throwin' stones"", 'touch of grey', 'brokedown palace']",feel like a stranger,40.7157545,-73.5898872
1269,Greensboro Coliseum,Greensboro,USA,1991-03-31,1991,NC,"['mississippi half-step', 'wang dang doodle', 'friend of the devil', 'queen jane approximately', 'west l.a. fadeaway', 'cassidy', 'might as well', 'samson and delilah', 'eyes of the world', ""playin' in the band"", 'drums', 'space', 'the wheel', 'around and around', 'johnny b. goode', ""knockin' on heaven's door""]",mississippi half-step,36.0726355,-79.7919754
1270,Greensboro Coliseum,Greensboro,USA,1991-04-01,1991,NC,"['jack straw', 'peggy-o', ""it's all over now"", 'candyman', ""tom thumb's blues"", 'picasso moon', 'bird song', 'china cat sunflower', 'i know you rider', 'looks like rain', 'dark star', 'drums', 'space', 'dark star reprise', ""playin' reprise"", 'black peter', 'turn on your love light', 'baby blue']",jack straw,36.0726355,-79.7919754
1271,The Omni,Atlanta,USA,1991-04-03,1991,GA,"['touch of grey', 'greatest story ever told', 'loser', 'little red rooster', 'brown eyed women', 'masterpiece', 'tennessee jed', 'music never stopped', ""don't ease me in"", 'victim or the crime', 'foolish heart', 'crazy fingers', ""truckin'"", ""smokestack lightnin'"", 'drums', 'space', 'all along the watchtower', 'stella blue', 'sugar magnolia', 'the weight']",touch of grey,33.7544657,-84.3898151
1272,The Omni,Atlanta,USA,1991-04-04,1991,GA,"['let the good times roll', 'feel like a stranger', 'they love each other', ""walkin' blues"", 'ramble on rose', 'stuck inside of mobile', 'high time', 'promised land', 'help on the way', 'slipknot!', ""franklin's tower"", 'estimated prophet', ""he's gone"", 'drums', 'space', 'i need a miracle', 'stander on the mountain', ""good lovin'"", 'u.s. blues']",let the good times roll,33.7544657,-84.3898151
1273,The Omni,Atlanta,USA,1991-04-05,1991,GA,"['shakedown street', 'new minglewood blues', 'stagger lee', 'mama tried', 'mexicali blues', 'friend of the devil', 'queen jane approximately', 'deal', 'iko iko', 'saint of circumstance', 'terrapin station', 'drums', 'space', 'the other one', 'wharf rat', ""throwin' stones"", 'not fade away', 'quinn the eskimo']",shakedown street,33.7544657,-84.3898151
1274,Orlando Arena,Orlando,USA,1991-04-07,1991,FL,"['jack straw', 'sugaree', 'wang dang doodle', 'row jimmy', 'black-throated wind', 'rubin and cherise', 'promised land', 'crazy fingers', ""playin' in the band"", ""uncle john's band"", 'drums', 'space', 'box of rain', ""goin' down the road feelin' bad"", 'turn on your love light', ""it's all over now""]",jack straw,28.5421218,-81.379045
1275,Orlando Arena,Orlando,USA,1991-04-08,1991,FL,"['mississippi half-step', ""walkin' blues"", 'peggy-o', 'me and my uncle', ""maggie's farm"", 'dire wolf', 'picasso moon', 'might as well', 'eyes of the world', 'man smart/woman smarter', 'ship of fools', ""truckin'"", 'drums', 'space', 'the wheel', 'i need a miracle', 'morning dew', 'johnny b. goode']",mississippi half-step,28.5421218,-81.379045
1276,Orlando Arena,Orlando,USA,1991-04-09,1991,FL,"['hell in a bucket', 'cold rain and snow', 'little red rooster', 'loose lucy', 'masterpiece', 'it must have been the roses', 'let it grow', 'china cat sunflower', 'i know you rider', 'saint of circumstance', 'foolish heart', 'drums', 'space', 'the other one', 'wharf rat', ""throwin' stones"", 'not fade away', 'brokedown palace']",hell in a bucket,28.5421218,-81.379045
1277,The Sam Boyd Silver Bowl,Las Vegas,USA,1991-04-27,1991,NV,"['comments: carlos santana and his band opened', 'touch of grey', ""walkin' blues"", 'friend of the devil', 'mexicali blues', ""maggie's farm"", 'loose lucy', 'cassidy', 'might as well', 'sugar magnolia', 'scarlet begonias', 'fire on the mountain', ""playin' in the band"", ""uncle john's band"", 'drums', 'space', 'i need a miracle', 'black peter', 'one more saturday night', 'the weight']",comments: carlos santana and his band opened,36.1674263,-115.1484131
1278,The Sam Boyd Silver Bowl,Las Vegas,USA,1991-04-28,1991,NV,"['comments: carlos santana and his band opened', 'jack straw', 'candyman', 'wang dang doodle', 'althea', 'me and my uncle', 'big river', 'bird song', 'foolish heart', 'saint of circumstance', 'crazy fingers', ""truckin'"", 'deal', 'drums', 'space', 'the other one', 'wharf rat', 'around and around', 'sunshine daydream', 'box of rain']",comments: carlos santana and his band opened,36.1674263,-115.1484131
1279,Cal Expo,Sacramento,USA,1991-05-03,1991,CA,"['bertha', 'greatest story ever told', 'west l.a. fadeaway', 'queen jane approximately', 'jack-a-roe', 'baby blue', 'tennessee jed', 'let it grow', 'china cat sunflower', 'i know you rider', 'estimated prophet', ""he's gone"", 'drums', 'space', 'the wheel', 'all along the watchtower', 'stella blue', 'turn on your love light', 'u.s. blues']",bertha,38.5810606,-121.493895
1280,Cal Expo,Sacramento,USA,1991-05-04,1991,CA,"['hell in a bucket', 'sugaree', 'new minglewood blues', 'loser', 'the race is on', 'row jimmy', 'masterpiece', 'new speedway boogie', 'music never stopped', 'victim or the crime', 'crazy fingers', ""playin' in the band"", ""uncle john's band"", 'drums', 'space', 'i need a miracle', 'stander on the mountain', 'one more saturday night', 'touch of grey']",hell in a bucket,38.5810606,-121.493895
1281,Cal Expo,Sacramento,USA,1991-05-05,1991,CA,"['help on the way', 'slipknot!', ""franklin's tower"", 'little red rooster', 'ramble on rose', 'picasso moon', 'brown eyed women', 'promised land', 'eyes of the world', 'man smart/woman smarter', 'ship of fools', ""truckin'"", 'terrapin station', 'drums', 'space', 'the other one', 'wharf rat', ""throwin' stones"", 'not fade away', ""knockin' on heaven's door""]",help on the way,38.5810606,-121.493895
1282,Shoreline,Mountain View,USA,1991-05-10,1991,CA,"['jack straw', 'they love each other', ""walkin' blues"", 'stagger lee', 'me and my uncle', ""maggie's farm"", 'cold rain and snow', 'desolation row', ""don't ease me in"", 'foolish heart', 'saint of circumstance', 'crazy fingers', ""truckin'"", 'new speedway boogie', 'drums', 'space', 'the wheel', 'all along the watchtower', 'black peter', 'sugar magnolia', ""it's all over now""]",jack straw,37.3893889,-122.0832101
1283,Shoreline,Mountain View,USA,1991-05-11,1991,CA,"['mississippi half-step', 'wang dang doodle', 'peggy-o', 'queen jane approximately', 'bird song', 'promised land', 'one more saturday night', 'iko iko', ""playin' in the band"", ""uncle john's band"", 'drums', 'space', 'i need a miracle', 'morning dew', 'around and around', 'quinn the eskimo']",mississippi half-step,37.3893889,-122.0832101
1284,Shoreline,Mountain View,USA,1991-05-12,1991,CA,"['picasso moon', 'althea', 'c.c. rider', 'it takes a train to cry', 'el paso', 'high time', 'black-throated wind', 'deal', 'help on the way', 'slipknot!', ""franklin's tower"", 'looks like rain', 'terrapin station', 'drums', 'space', ""goin' down the road feelin' bad"", ""throwin' stones"", 'turn on your love light', 'the weight']",picasso moon,37.3893889,-122.0832101
1285,L.A. Memorial Coliseum,Los Angeles,USA,1991-06-01,1991,CA,"['comments: johnny clegg and savuka opened', 'shakedown street', ""walkin' blues"", 'bertha', 'greatest story ever told', 'candyman', 'queen jane approximately', 'deal', 'picasso moon', 'foolish heart', ""playin' in the band"", ""uncle john's band"", 'drums', 'space', 'i need a miracle', 'black peter', ""throwin' stones"", 'not fade away', 'one more saturday night']",comments: johnny clegg and savuka opened,34.0536909,-118.242766
1286,Deer Creek Music Center,Noblesville,USA,1991-06-06,1991,IN,"['jack straw', 'they love each other', 'wang dang doodle', 'row jimmy', 'black-throated wind', 'big railroad blues', 'cassidy', 'might as well', 'china cat sunflower', 'i know you rider', 'estimated prophet', ""uncle john's band"", 'drums', 'space', 'the wheel', 'all along the watchtower', 'stella blue', 'turn on your love light', 'box of rain']",jack straw,40.0460881,-86.0139854
1287,Deer Creek Music Center,Noblesville,USA,1991-06-07,1991,IN,"['mississippi half-step', 'little red rooster', 'stagger lee', 'me and my uncle', ""maggie's farm"", 'loser', 'music never stopped', ""don't ease me in"", 'scarlet begonias', 'fire on the mountain', ""truckin'"", 'new speedway boogie', 'drums', 'space', 'i need a miracle', 'stander on the mountain', 'sugar magnolia', 'the weight']",mississippi half-step,40.0460881,-86.0139854
1288,Buckeye Lake Music Center,Hebron,USA,1991-06-09,1991,OH,"['comments: violent femmes opened', 'picasso moon', 'sugaree', 'new minglewood blues', 'ramble on rose', 'masterpiece', 'rubin and cherise', 'let it grow', 'samson and delilah', 'crazy fingers', ""playin' in the band"", ""he's gone"", 'drums', 'space', 'the other one', 'wharf rat', 'around and around', ""knockin' on heaven's door""]",comments: violent femmes opened,39.9617305,-82.4912676
1289,Charlotte Coliseum,Charlotte,USA,1991-06-11,1991,NC,"['iko iko', ""walkin' blues"", 'jack-a-roe', 'mama tried', 'mexicali blues', 'west l.a. fadeaway', 'queen jane approximately', 'bird song', 'promised land', 'victim or the crime', 'eyes of the world', 'looks like rain', 'terrapin station', 'drums', 'space', ""playin' reprise"", 'the wheel', ""throwin' stones"", 'not fade away', 'u.s. blues']",iko iko,35.2272086,-80.8430827
1290,Charlotte Coliseum,Charlotte,USA,1991-06-12,1991,NC,"['feel like a stranger', 'peggy-o', 'c.c. rider', 'althea', 'desolation row', 'loose lucy', 'hell in a bucket', ""don't ease me in"", 'touch of grey', 'saint of circumstance', 'ship of fools', 'man smart/woman smarter', 'drums', 'space', ""goin' down the road feelin' bad"", 'all along the watchtower', 'morning dew', 'brokedown palace']",feel like a stranger,35.2272086,-80.8430827
1291,RFK Stadium,Washington,USA,1991-06-14,1991,DC,"['comments: dwight yoakam opened', 'cold rain and snow', 'wang dang doodle', 'jack-a-roe', 'big river', ""maggie's farm"", 'row jimmy', 'black-throated wind', 'tennessee jed', 'music never stopped', 'help on the way', 'slipknot!', ""franklin's tower"", 'estimated prophet', 'dark star', 'drums', 'space', 'stella blue', 'turn on your love light', ""it's all over now""]",comments: dwight yoakam opened,38.8950982,-77.0363849
1292,Giants Stadium,East Rutherford,USA,1991-06-16,1991,NJ,"['comments: little feat opened', 'picasso moon', 'bertha', 'little red rooster', 'candyman', 'stuck inside of mobile', 'stagger lee', 'let it grow', 'jack straw', 'crazy fingers', 'china cat sunflower', 'i know you rider', 'drums', 'space', 'i need a miracle', 'black peter', ""throwin' stones"", 'not fade away', 'box of rain']",comments: little feat opened,40.833989,-74.0970865
1293,Giants Stadium,East Rutherford,USA,1991-06-17,1991,NJ,"['comments: little feat opened', 'eyes of the world', ""walkin' blues"", 'brown eyed women', 'masterpiece', 'loose lucy', 'cassidy', 'might as well', 'saint of circumstance', 'ship of fools', ""truckin'"", 'new speedway boogie', ""uncle john's band"", 'drums', 'space', 'china doll', ""playin' reprise"", 'sugar magnolia', 'the weight']",comments: little feat opened,40.833989,-74.0970865
1294,Pine Knob Music Theatre,Clarkston,USA,1991-06-19,1991,MI,"['feel like a stranger', 'they love each other', 'new minglewood blues', 'dire wolf', 'queen jane approximately', 'ramble on rose', 'promised land', 'victim or the crime', 'scarlet begonias', 'fire on the mountain', 'man smart/woman smarter', 'drums', 'space', 'stella blue', 'the other one', 'johnny b. goode', 'quinn the eskimo']",feel like a stranger,42.735863,-83.4188304
1295,Pine Knob Music Theatre,Clarkston,USA,1991-06-20,1991,MI,"['touch of grey', 'greatest story ever told', 'peggy-o', 'mexicali blues', ""maggie's farm"", 'bird song', ""throwin' stones"", 'iko iko', 'all along the watchtower', 'stander on the mountain', ""he's gone"", 'drums', 'space', 'the wheel', 'i need a miracle', 'wharf rat', ""throwin' stones reprise"", 'not fade away', 'brokedown palace']",touch of grey,42.735863,-83.4188304
1296,Soldier Field,Chicago,USA,1991-06-22,1991,IL,"['hell in a bucket', 'shakedown street', 'wang dang doodle', 'friend of the devil', 'masterpiece', 'brown eyed women', 'let it grow', 'foolish heart', 'looks like rain', 'crazy fingers', ""playin' in the band"", 'terrapin station', 'drums', 'space', ""playin' reprise"", 'black peter', 'one more saturday night', 'the weight']",hell in a bucket,41.8755616,-87.6244212
1297,Sandstone Aphitheatre,Bonner Springs,USA,1991-06-24,1991,KS,"['help on the way', 'slipknot!', ""franklin's tower"", 'c.c. rider', 'it takes a train to cry', 'me and my uncle', 'big river', 'althea', 'promised land', 'china cat sunflower', 'i know you rider', 'estimated prophet', ""uncle john's band"", 'drums', 'space', 'the other one', 'morning dew', 'around and around']",help on the way,39.0597129,-94.8837597
1298,Sandstone Aphitheatre,Bonner Springs,USA,1991-06-25,1991,KS,"['jack straw', 'sugaree', ""walkin' blues"", 'candyman', 'stuck inside of mobile', 'tennessee jed', 'music never stopped', 'scarlet begonias', 'fire on the mountain', ""truckin'"", ""smokestack lightnin'"", ""he's gone"", 'drums', 'space', 'comes a time', ""goin' down the road feelin' bad"", ""good lovin'"", ""it's all over now""]",jack straw,39.0597129,-94.8837597
1299,Hile High Stadium,Denver,USA,1991-06-28,1991,CO,"['comments: santana opened', 'touch of grey', 'greatest story ever told', 'mississippi half-step', 'wang dang doodle', 'peggy-o', 'black-throated wind', 'iko iko', 'cassidy', ""don't ease me in"", 'eyes of the world', 'picasso moon', 'crazy fingers', 'saint of circumstance', 'drums', 'space', 'i need a miracle', 'wharf rat', ""throwin' stones"", 'not fade away', 'box of rain']",comments: santana opened,39.7392364,-104.984862
1300,Cal Expo,Sacramento,USA,1991-08-12,1991,CA,"['iko iko', 'new minglewood blues', 'althea', 'me and my uncle', 'big river', 'bird song', 'promised land', 'china cat sunflower', 'i know you rider', ""playin' in the band"", 'terrapin station', 'drums', 'space', 'the wheel', 'i need a miracle', 'stella blue', 'turn on your love light', 'the weight']",iko iko,38.5810606,-121.493895
1301,Cal Expo,Sacramento,USA,1991-08-13,1991,CA,"['picasso moon', 'sugaree', ""walkin' blues"", 'candyman', 'stuck inside of mobile', 'high time', 'let it grow', 'foolish heart', 'saint of circumstance', 'eyes of the world', 'drums', 'space', 'all along the watchtower', 'black peter', 'sugar magnolia', 'black muddy river']",picasso moon,38.5810606,-121.493895
1302,Cal Expo,Sacramento,USA,1991-08-14,1991,CA,"['touch of grey', 'little red rooster', 'loser', 'black-throated wind', 'row jimmy', 'cassidy', ""don't ease me in"", 'cold rain and snow', 'box of rain', 'looks like rain', 'crazy fingers', 'estimated prophet', 'supplication jam', ""uncle john's band"", 'drums', 'space', 'the other one', 'wharf rat', 'around and around', ""knockin' on heaven's door""]",touch of grey,38.5810606,-121.493895
1303,Shoreline,Mountain View,USA,1991-08-16,1991,CA,"['jack straw', 'bertha', ""it's all over now"", 'ramble on rose', 'desolation row', 'dark star', 'promised land', 'scarlet begonias', 'victim or the crime', 'fire on the mountain', ""truckin'"", 'drums', 'space', ""playin' reprise"", 'stander on the mountain', ""good lovin'"", 'u.s. blues']",jack straw,37.3893889,-122.0832101
1304,Shoreline,Mountain View,USA,1991-08-17,1991,CA,"['help on the way', 'slipknot!', ""franklin's tower"", 'wang dang doodle', 'brown eyed women', 'queen jane approximately', 'tennessee jed', 'music never stopped', 'man smart/woman smarter', 'ship of fools', ""smokestack lightnin'"", ""he's gone"", 'drums', 'space', 'morning dew', 'one more saturday night', ""it's all over now""]",help on the way,37.3893889,-122.0832101
1305,Shoreline,Mountain View,USA,1991-08-18,1991,CA,"['hell in a bucket', 'jack-a-roe', 'c.c. rider', 'it takes a train to cry', 'beat it on down the line', 'west l.a. fadeaway', 'masterpiece', 'stagger lee', 'johnny b. goode', 'deal', 'samson and delilah', 'mississippi half-step', 'feel like a stranger', 'drums', 'space', 'china doll', ""goin' down the road feelin' bad"", ""throwin' stones"", 'not fade away', 'brokedown palace']",hell in a bucket,37.3893889,-122.0832101
1306,Richfield Coliseum,Richfield,USA,1991-09-04,1991,OH,"['let the good times roll', 'jack straw', 'jack-a-roe', ""walkin' blues"", 'friend of the devil', 'black-throated wind', 'tennessee jed', 'masterpiece', 'cold rain and snow', 'promised land', 'scarlet begonias', 'fire on the mountain', 'estimated prophet', ""he's gone"", 'drums', 'space', 'china doll', 'the wheel', ""throwin' stones"", 'not fade away', 'the weight']",let the good times roll,41.2397772,-81.6381785
1307,Richfield Coliseum,Richfield,USA,1991-09-05,1991,OH,"['mississippi half-step', 'little red rooster', 'stagger lee', 'queen jane approximately', 'ramble on rose', 'cassidy', ""don't ease me in"", 'china cat sunflower', 'i know you rider', 'man smart/woman smarter', 'ship of fools', ""truckin'"", ""smokestack lightnin'"", 'drums', 'space', 'i need a miracle', 'black peter', 'sugar magnolia', 'u.s. blues']",mississippi half-step,41.2397772,-81.6381785
1308,Richfield Coliseum,Richfield,USA,1991-09-06,1991,OH,"['comments: vince completes one year with the band - 09-07-90 richfield', 'feel like a stranger', 'bertha', 'wang dang doodle', 'peggy-o', ""tom thumb's blues"", 'baby blue', 'bird song', 'victim or the crime', 'crazy fingers', ""playin' in the band"", 'terrapin station', 'drums', 'space', 'all along the watchtower', 'stella blue', 'around and around', ""knockin' on heaven's door""]",comments: vince completes one year with the band - 09-07-90 richfield,41.2397772,-81.6381785
1309,Madison Square Garden,New York,USA,1991-09-08,1991,NY,"['comments: first vince ""attics""', 'touch of grey', 'greatest story ever told', 'loser', 'new minglewood blues', 'candyman', 'big river', ""maggie's farm"", 'row jimmy', 'let it grow', 'samson and delilah', 'eyes of the world', 'saint of circumstance', 'drums', 'space', 'the other one', 'wharf rat', ""good lovin'"", 'attics of my life']",comments: first vince attics,40.7127281,-74.0060152
1310,Madison Square Garden,New York,USA,1991-09-09,1991,NY,"['picasso moon', 'sugaree', 'me and my uncle', 'mexicali blues', 'they love each other', 'stuck inside of mobile', 'loose lucy', 'music never stopped', 'iko iko', 'looks like rain', 'new speedway boogie', ""playin' reprise"", ""uncle john's band"", 'drums', 'space', 'this could be the last time', 'morning dew', 'quinn the eskimo']",picasso moon,40.7127281,-74.0060152
1311,Madison Square Garden,New York,USA,1991-09-10,1991,NY,"['shakedown street', 'c.c. rider', 'it takes a train to cry', 'black-throated wind', 'high time', 'cassidy', 'deal', 'help on the way', 'slipknot!', ""franklin's tower"", 'estimated prophet', 'dark star', 'drums', 'space', 'dark star reprise', 'i need a miracle', 'standing on the moon', 'turn on your love light', ""it's all over now""]",shakedown street,40.7127281,-74.0060152
1312,Madison Square Garden,New York,USA,1991-09-12,1991,NY,"['hell in a bucket', 'bertha', ""walkin' blues"", 'ramble on rose', 'beat it on down the line', 'big railroad blues', ""tom thumb's blues"", 'let it grow', 'sugar magnolia', 'foolish heart', ""playin' in the band"", 'terrapin station', 'drums', 'space', 'the wheel', 'black peter', 'around and around', 'sunshine daydream', 'box of rain']",hell in a bucket,40.7127281,-74.0060152
1313,Madison Square Garden,New York,USA,1991-09-13,1991,NY,"['touch of grey', 'wang dang doodle', 'peggy-o', 'big river', 'cumberland blues', 'althea', 'masterpiece', 'bird song', 'victim or the crime', 'scarlet begonias', 'fire on the mountain', 'drums', 'space', 'the other one', 'stella blue', ""throwin' stones"", 'not fade away', ""knockin' on heaven's door""]",touch of grey,40.7127281,-74.0060152
1314,Madison Square Garden,New York,USA,1991-09-14,1991,NY,"['let the good times roll', 'jack straw', 'friend of the devil', 'little red rooster', 'jack-a-roe', 'desolation row', 'tennessee jed', 'promised land', 'china cat sunflower', 'i know you rider', 'ship of fools', ""truckin'"", 'spoonful', ""he's gone"", 'drums', 'space', 'all along the watchtower', 'china doll', 'one more saturday night', 'the weight']",let the good times roll,40.7127281,-74.0060152
1315,Madison Square Garden,New York,USA,1991-09-16,1991,NY,"['feel like a stranger', 'bertha', 'new minglewood blues', 'it must have been the roses', 'dire wolf', 'queen jane approximately', 'west l.a. fadeaway', 'music never stopped', ""don't ease me in"", 'mississippi half-step', 'saint of circumstance', 'comes a time', ""uncle john's band"", 'drums', 'space', ""goin' down the road feelin' bad"", 'attics of my life', ""good lovin'"", 'johnny b. goode']",feel like a stranger,40.7127281,-74.0060152
1316,Madison Square Garden,New York,USA,1991-09-17,1991,NY,"['iko iko', 'greatest story ever told', 'althea', 'little red rooster', 'loser', 'baby blue', 'brown eyed women', 'picasso moon', 'box of rain', 'cold rain and snow', 'samson and delilah', 'eyes of the world', 'drums', 'space', 'this could be the last time', 'black peter', ""throwin' stones"", 'not fade away', 'u.s. blues']",iko iko,40.7127281,-74.0060152
1317,Madison Square Garden,New York,USA,1991-09-18,1991,NY,"['midnight hour', 'ramble on rose', 'wang dang doodle', 'candyman', 'stuck inside of mobile', 'row jimmy', 'jack straw', 'victim or the crime', 'crazy fingers', ""playin' in the band"", 'terrapin station', 'drums', 'space', 'the wheel', 'i need a miracle', 'wharf rat', 'sugar magnolia', 'brokedown palace']",midnight hour,40.7127281,-74.0060152
1318,Boston Garden,Boston,USA,1991-09-20,1991,MA,"['touch of grey', 'little red rooster', 'jack-a-roe', 'black-throated wind', 'stagger lee', 'masterpiece', 'bird song', 'help on the way', 'slipknot!', 'fire on the mountain', 'estimated prophet', ""truckin'"", 'drums', 'space', 'all along the watchtower', 'morning dew', 'turn on your love light']",touch of grey,42.3588336,-71.0578303
1319,Boston Garden,Boston,USA,1991-09-21,1991,MA,"['hell in a bucket', 'they love each other', 'new minglewood blues', 'peggy-o', ""tom thumb's blues"", 'cassidy', 'deal', ""uncle john's band"", 'saint of circumstance', 'eyes of the world', 'drums', 'space', 'the other one', 'wharf rat', 'one more saturday night', ""it's all over now""]",hell in a bucket,42.3588336,-71.0578303
1320,Boston Garden,Boston,USA,1991-09-22,1991,MA,"['shakedown street', 'c.c. rider', 'it takes a train to cry', 'me and my uncle', ""maggie's farm"", 'brown eyed women', 'let it grow', 'samson and delilah', 'iko iko', 'looks like rain', ""he's gone"", ""nobody's fault but mine"", 'spoonful', 'drums', 'space', 'this could be the last time', 'stella blue', 'sugar magnolia', ""knockin' on heaven's door""]",shakedown street,42.3588336,-71.0578303
1321,Boston Garden,Boston,USA,1991-09-24,1991,MA,"['let the good times roll', 'feel like a stranger', 'althea', 'baby blue', 'high time', 'beat it on down the line', 'big railroad blues', 'desolation row', 'new speedway boogie', 'china cat sunflower', 'i know you rider', 'man smart/woman smarter', 'ship of fools', 'dark star', 'drums', 'space', 'foolish heart', 'i need a miracle', 'stander on the mountain', 'around and around', 'the weight']",let the good times roll,42.3588336,-71.0578303
1322,Boston Garden,Boston,USA,1991-09-25,1991,MA,"['help on the way', 'slipknot!', ""franklin's tower"", ""walkin' blues"", 'it must have been the roses', 'dire wolf', 'queen jane approximately', 'tennessee jed', 'music never stopped', 'victim or the crime', 'crazy fingers', ""playin' in the band"", 'terrapin station', 'drums', 'space', 'that would be something', ""playin' reprise"", 'china doll', ""throwin' stones"", 'not fade away', 'quinn the eskimo']",help on the way,42.3588336,-71.0578303
1323,Boston Garden,Boston,USA,1991-09-26,1991,MA,"['comments: first vince ""awbygn""', 'jack straw', 'cold rain and snow', 'wang dang doodle', 'candyman', 'mexicali blues', 'cumberland blues', 'picasso moon', 'box of rain', 'dark star', 'saint of circumstance', 'eyes of the world', 'drums', 'space', 'the other one', 'dark star', 'attics of my life', ""good lovin'"", 'brokedown palace', 'we bid you goodnight']",comments: first vince awbygn,42.3588336,-71.0578303
1324,Oakland Coliseum,Oakland,USA,1991-10-27,1991,CA,"['comments: with carlos santana and gary duncan', 'sugar magnolia', 'sugaree', ""walkin' blues"", 'althea', 'masterpiece', 'candyman', 'cassidy', 'touch of grey', 'china cat sunflower', 'i know you rider', 'samson and delilah', 'ship of fools', 'iko iko', 'hey bo diddley', 'mona', 'drums', 'space', 'the wheel', 'i need a miracle', 'wharf rat', ""good lovin'"", ""knockin' on heaven's door""]",comments: with carlos santana and gary duncan,37.8044557,-122.271356
1325,Oakland Coliseum,Oakland,USA,1991-10-28,1991,CA,"['bertha', 'greatest story ever told', 'peggy-o', 'wang dang doodle', 'loose lucy', 'stuck inside of mobile', 'bird song', 'saint of circumstance', 'crazy fingers', ""playin' in the band"", 'drums', 'space', 'all along the watchtower', 'stella blue', 'turn on your love light', 'the weight']",bertha,37.8044557,-122.271356
1326,Oakland Coliseum,Oakland,USA,1991-10-30,1991,CA,"['picasso moon', 'friend of the devil', 'me and my uncle', ""maggie's farm"", 'brown eyed women', 'baby blue', 'tennessee jed', 'music never stopped', 'eyes of the world', 'estimated prophet', 'terrapin station', 'drums', 'space', 'the other one', 'black peter', 'around and around', 'quinn the eskimo']",picasso moon,37.8044557,-122.271356
1327,Oakland Coliseum,Oakland,USA,1991-10-31,1991,CA,"['help on the way', 'slipknot!', ""franklin's tower"", 'little red rooster', 'loser', ""tom thumb's blues"", 'let it grow', 'scarlet begonias', 'fire on the mountain', ""truckin'"", 'spoonful', 'dark star', 'drums', 'space', 'dark star reprise', 'this could be the last time', 'stander on the mountain', ""throwin' stones"", 'not fade away', 'werewolves of london']",help on the way,37.8044557,-122.271356
1328,Polo Field Golden Gate Park,San Francisco,USA,1991-11-03,1991,CA,"['comments: bill graham memorial concert, fm broadcast', 'hell in a bucket', 'china cat sunflower', 'i know you rider', 'wang dang doodle', 'born on the bayou', 'green river', 'bad moon rising', 'proud mary', ""truckin'"", 'the other one', 'wharf rat', 'sunshine daydream', 'forever young', 'touch of grey']",comments: bill graham memorial concert,37.7879363,-122.4075201
1329,Oakland Coliseum,Oakland,USA,1991-12-27,1991,CA,"['cold rain and snow', 'little red rooster', 'they love each other', 'mama tried', 'mexicali blues', 'loose lucy', 'stuck inside of mobile', 'stagger lee', 'music never stopped', 'scarlet begonias', 'fire on the mountain', 'looks like rain', 'terrapin station', 'drums', 'space', 'the wheel', 'all along the watchtower', 'black peter', 'around and around', ""it's all over now""]",cold rain and snow,37.8044557,-122.271356
1330,Oakland Coliseum,Oakland,USA,1991-12-28,1991,CA,"['one more saturday night', 'jack straw', 'peggy-o', 'new minglewood blues', 'dire wolf', 'queen jane approximately', 'loser', 'cassidy', 'deal', 'foolish heart', 'man smart/woman smarter', ""uncle john's band"", ""playin' in the band"", 'drums', 'space', 'i need a miracle', 'stander on the mountain', ""throwin' stones"", 'one more saturday night reprise', 'u.s. blues']",one more saturday night,37.8044557,-122.271356
1331,Oakland Coliseum,Oakland,USA,1991-12-30,1991,CA,"['touch of grey', 'wang dang doodle', 'row jimmy', 'big river', ""maggie's farm"", 'ramble on rose', ""tom thumb's blues"", 'bird song', 'promised land', 'china cat sunflower', 'i know you rider', 'samson and delilah', 'ship of fools', 'saint of circumstance', 'drums', 'space', 'this could be the last time', 'stella blue', 'turn on your love light', 'the weight']",touch of grey,37.8044557,-122.271356
1332,Oakland Coliseum,Oakland,USA,1991-12-31,1991,CA,"['comments: baba olatungi and bela fleck and the flecktones opened, nationwide fm', 'broadcast', 'hell in a bucket', 'candyman', 'beat it on down the line', 'it must have been the roses', 'black-throated wind', 'west l.a. fadeaway', 'masterpiece', 'help on the way', 'slipknot!', ""franklin's tower"", 'not fade away', 'eyes of the world', 'estimated prophet', 'drums', 'space', 'the other one', 'wharf rat', 'sugar magnolia', ""knockin' on heaven's door""]",comments: baba olatungi and bela fleck and the flecktones opened,37.8044557,-122.271356
1333,Oakland Coliseum,Oakland,USA,1992-02-23,1992,CA,"['touch of grey', 'feel like a stranger', 'friend of the devil', 'masterpiece', 'althea', 'cassidy', 'iko iko', 'corina', 'the other one', 'long way to go home', 'same thing', 'drums', 'space', 'wave to the wind', 'the other one', 'so many roads', 'turn on your love light', 'quinn the eskimo']",touch of grey,37.8044557,-122.271356
1334,The Omni,Atlanta,USA,1992-03-01,1992,GA,"['jack straw', 'althea', 'wang dang doodle', 'row jimmy', 'stuck inside of mobile', 'so many roads', 'picasso moon', ""don't ease me in"", 'saint of circumstance', 'long way to go home', 'scarlet begonias', 'fire on the mountain', 'drums', 'space', 'this could be the last time', 'black peter', 'sugar magnolia', 'the weight']",jack straw,33.7544657,-84.3898151
1335,The Omni,Atlanta,USA,1992-03-02,1992,GA,"['cold rain and snow', 'little red rooster', 'brown eyed women', 'baby blue', 'loser', 'masterpiece', 'deal', 'china cat sunflower', 'i know you rider', 'man smart/woman smarter', 'terrapin station', 'drums', 'space', 'the other one', 'stella blue', 'around and around', ""knockin' on heaven's door""]",cold rain and snow,33.7544657,-84.3898151
1336,The Omni,Atlanta,USA,1992-03-03,1992,GA,"['hell in a bucket', 'sugaree', ""walkin' blues"", 'candyman', 'queen jane approximately', 'tennessee jed', 'corina', 'iko iko', ""playin' in the band"", ""uncle john's band"", 'wave to the wind', 'drums', 'space', 'china doll', ""throwin' stones"", 'turn on your love light', 'brokedown palace']",hell in a bucket,33.7544657,-84.3898151
1337,Hampton Coliseum,Hampton,USA,1992-03-05,1992,VA,"['help on the way', 'slipknot!', ""franklin's tower"", 'same thing', 'jack-a-roe', ""tom thumb's blues"", 'let it grow', 'eyes of the world', 'long way to go home', 'estimated prophet', ""he's gone"", 'drums', 'space', 'the wheel', 'i need a miracle', 'so many roads', ""good lovin'"", 'u.s. blues']",help on the way,37.0264414,-76.3442846
1338,Hampton Coliseum,Hampton,USA,1992-03-06,1992,VA,"['feel like a stranger', 'friend of the devil', 'mexicali blues', ""maggie's farm"", 'stagger lee', 'picasso moon', 'bird song', 'new speedway boogie', ""truckin'"", 'crazy fingers', 'corina', 'drums', 'space', 'this could be the last time', 'wharf rat', 'sugar magnolia', 'the weight']",feel like a stranger,37.0264414,-76.3442846
1339,Capitol Centre,Landover,USA,1992-03-08,1992,MD,"['let the good times roll', 'touch of grey', 'new minglewood blues', 'ramble on rose', 'black-throated wind', 'loose lucy', 'desolation row', 'big railroad blues', 'music never stopped', 'samson and delilah', 'long way to go home', 'foolish heart', 'looks like rain', 'wave to the wind', 'drums', 'space', 'all along the watchtower', 'so many roads', ""throwin' stones"", 'not fade away', 'quinn the eskimo']",let the good times roll,38.925313,-76.8815433
1340,Capitol Centre,Landover,USA,1992-03-09,1992,MD,"['jack straw', 'west l.a. fadeaway', 'me and my uncle', 'big river', 'row jimmy', 'cassidy', 'deal', 'victim or the crime', 'iko iko', 'corina', 'dark star', 'drums', 'space', 'i need a miracle', 'morning dew', 'satisfaction']",jack straw,38.925313,-76.8815433
1341,Nassau Coliseum,Uniondale,USA,1992-03-11,1992,NY,"['cold rain and snow', 'wang dang doodle', 'dire wolf', 'queen jane approximately', 'althea', 'baby blue', 'so many roads', 'picasso moon', 'china cat sunflower', 'i know you rider', ""playin' in the band"", 'terrapin station', 'drums', 'space', 'this could be the last time', 'black peter', 'around and around', ""knockin' on heaven's door""]",cold rain and snow,40.7157545,-73.5898872
1342,Nassau Coliseum,Uniondale,USA,1992-03-12,1992,NY,"['greatest story ever told', 'bertha', ""walkin' blues"", 'stagger lee', 'beat it on down the line', ""tom thumb's blues"", 'tennessee jed', 'promised land', 'saint of circumstance', 'ship of fools', 'corina', ""playin' reprise"", 'drums', 'space', 'the other one', 'stella blue', 'sugar magnolia', 'baby blue']",greatest story ever told,40.7157545,-73.5898872
1343,Nassau Coliseum,Uniondale,USA,1992-03-13,1992,NY,"['mississippi half-step', 'same thing', 'brown eyed women', 'el paso', 'candyman', 'masterpiece', 'bird song', 'long way to go home', 'crazy fingers', 'man smart/woman smarter', 'wave to the wind', 'drums', 'space', 'the wheel', 'wharf rat', ""throwin' stones"", 'turn on your love light', 'box of rain']",mississippi half-step,40.7157545,-73.5898872
1344,The Spectrum,Philadelphia,USA,1992-03-16,1992,PA,"['let the good times roll', 'feel like a stranger', 'friend of the devil', 'c.c. rider', 'it takes a train to cry', 'black-throated wind', 'ramble on rose', 'let it grow', 'corina', 'scarlet begonias', 'fire on the mountain', 'estimated prophet', 'drums', 'space', 'all along the watchtower', 'morning dew', 'johnny b. goode']",let the good times roll,39.9527237,-75.1635262
1345,The Spectrum,Philadelphia,USA,1992-03-17,1992,PA,"['box of rain', 'new minglewood blues', 'loser', 'stuck inside of mobile', 'tennessee jed', 'cassidy', 'long way to go home', ""truckin'"", 'spoonful', ""he's gone"", 'drums', 'space', 'i need a miracle', 'so many roads', 'sugar magnolia', 'the weight']",box of rain,39.9527237,-75.1635262
1346,The Spectrum,Philadelphia,USA,1992-03-18,1992,PA,"['touch of grey', 'wang dang doodle', 'jack-a-roe', 'baby blue', 'row jimmy', 'picasso moon', 'deal', 'eyes of the world', 'corina', ""playin' reprise"", ""uncle john's band"", 'drums', 'space', 'wave to the wind', 'wharf rat', ""throwin' stones"", 'not fade away', 'brokedown palace']",touch of grey,39.9527237,-75.1635262
1347,Copps Coliseum,Ontario,Canada,1992-03-20,1992,,"['hell in a bucket', 'althea', 'same thing', 'brown eyed women', 'mexicali blues', ""maggie's farm"", 'bird song', 'promised land', 'shakedown street', 'man smart/woman smarter', 'dark star', 'drums', 'space', 'the other one', 'standing on the moon', 'turn on your love light', 'u.s. blues']",hell in a bucket,-20.0623198,-43.9808603
1348,Copps Coliseum,Ontario,Canada,1992-03-21,1992,,"['help on the way', 'slipknot!', ""franklin's tower"", 'little red rooster', 'peggy-o', 'queen jane approximately', 'so many roads', 'long way to go home', 'corina', 'terrapin station', 'drums', 'space', 'this could be the last time', 'black peter', 'one more saturday night', 'box of rain']",help on the way,-20.0623198,-43.9808603
1349,The Palace,Auburn Hills,USA,1992-03-23,1992,MI,"['jack straw', 'cold rain and snow', ""walkin' blues"", 'loose lucy', 'masterpiece', 'west l.a. fadeaway', 'beat it on down the line', 'tennessee jed', 'music never stopped', 'victim or the crime', 'wave to the wind', 'crazy fingers', ""uncle john's band"", 'drums', 'space', 'the wheel', 'all along the watchtower', 'morning dew', 'gloria']",jack straw,42.6875323,-83.2341028
1350,The Palace,Auburn Hills,USA,1992-03-24,1992,MI,"['touch of grey', 'greatest story ever told', 'new speedway boogie', 'me and my uncle', 'big river', 'long way to go home', 'so many roads', 'corina', 'china cat sunflower', 'i know you rider', 'saint of circumstance', 'foolish heart', 'drums', 'space', 'i need a miracle', 'stella blue', ""throwin' stones"", 'not fade away', 'the weight']",touch of grey,42.6875323,-83.2341028
1351,Cal Expo,Sacramento,USA,1992-05-19,1992,CA,"['cold rain and snow', 'little red rooster', 'althea', 'queen jane approximately', 'tennessee jed', 'let it grow', 'china cat sunflower', 'i know you rider', 'looks like rain', 'long way to go home', 'terrapin station', 'drums', 'space', 'i need a miracle', 'black peter', 'sugar magnolia', ""baba o'riley"", 'tomorrow never knows']",cold rain and snow,38.5810606,-121.493895
1352,Cal Expo,Sacramento,USA,1992-05-20,1992,CA,"['jack straw', 'bertha', ""walkin' blues"", 'brown eyed women', 'desolation row', 'stagger lee', 'promised land', 'box of rain', ""truckin'"", 'crazy fingers', 'saint of circumstance', 'drums', 'space', 'the other one', 'wharf rat', 'around and around', 'u.s. blues']",jack straw,38.5810606,-121.493895
1353,Cal Expo,Sacramento,USA,1992-05-21,1992,CA,"['touch of grey', 'wang dang doodle', 'row jimmy', 'me and my uncle', ""maggie's farm"", 'bird song', 'scarlet begonias', 'fire on the mountain', 'estimated prophet', ""he's gone"", 'drums', 'space', 'all along the watchtower', 'standing on the moon', 'turn on your love light', 'gloria']",touch of grey,38.5810606,-121.493895
1354,Shoreline Amphitheater,Mountain View,USA,1992-05-23,1992,CA,"['hell in a bucket', 'sugaree', 'new minglewood blues', 'candyman', 'cassidy', 'loose lucy', 'music never stopped', 'box of rain', 'man smart/woman smarter', 'ship of fools', ""playin' in the band"", ""uncle john's band"", 'drums', 'space', 'the wheel', 'stella blue', 'one more saturday night', ""knockin' on heaven's door""]",hell in a bucket,37.3893889,-122.0832101
1355,Shoreline Amphitheater,Mountain View,USA,1992-05-24,1992,CA,"['shakedown street', 'same thing', 'dire wolf', 'masterpiece', 'loser', 'baby blue', 'foolish heart', 'eyes of the world', 'samson and delilah', 'so many roads', 'long way to go home', 'corina', 'drums', 'space', 'this could be the last time', 'morning dew', 'johnny b. goode']",shakedown street,37.3893889,-122.0832101
1356,Shoreline Amphitheater,Mountain View,USA,1992-05-25,1992,CA,"['let the good times roll', 'feel like a stranger', 'west l.a. fadeaway', 'mexicali blues', 'big river', ""tom thumb's blues"", 'tennessee jed', 'picasso moon', 'victim or the crime', 'iko iko', 'spoonful', 'new speedway boogie', 'drums', 'space', ""throwin' stones"", 'attics of my life', 'not fade away', ""baba o'riley"", 'tomorrow never knows']",let the good times roll,37.3893889,-122.0832101
1357,Sam Boyd Silver Bowl,Las Vegas,USA,1992-05-29,1992,NV,"['mississippi half-step', ""walkin' blues"", 'peggy-o', 'black-throated wind', 'they love each other', 'stuck inside of mobile', 'jack-a-roe', 'promised land', 'china cat sunflower', 'i know you rider', 'looks like rain', 'crazy fingers', ""playin' in the band"", 'drums', 'space', 'all along the watchtower', 'china doll', 'sugar magnolia', 'the weight']",mississippi half-step,36.1674263,-115.1484131
1358,Sam Boyd Silver Bowl,Las Vegas,USA,1992-05-30,1992,NV,"['jack straw', 'sugaree', 'wang dang doodle', 'high time', ""maggie's farm"", 'cumberland blues', 'cassidy', ""don't ease me in"", 'eyes of the world', 'long way to go home', ""truckin'"", ""smokestack lightnin'"", 'terrapin station', 'drums', 'space', 'spanish jam', 'i need a miracle', 'standing on the moon', 'one more saturday night', ""knockin' on heaven's door""]",jack straw,36.1674263,-115.1484131
1359,Sam Boyd Silver Bowl,Las Vegas,USA,1992-05-31,1992,NV,"['help on the way', 'slipknot!', ""franklin's tower"", 'new minglewood blues', 'it must have been the roses', 'queen jane approximately', 'bird song', 'picasso moon', 'scarlet begonias', 'fire on the mountain', 'man smart/woman smarter', 'so many roads', 'saint of circumstance', ""he's gone"", 'drums', 'space', 'attics of my life', 'spoonful', 'the other one', 'morning dew', ""baba o'riley"", 'tomorrow never knows']",help on the way,36.1674263,-115.1484131
1360,Rich Stadium,Orchard Park,USA,1992-06-06,1992,NY,"['touch of grey', 'greatest story ever told', 'althea', 'baby blue', 'friend of the devil', 'masterpiece', 'ramble on rose', 'let it grow', 'iko iko', 'estimated prophet', 'same thing', ""he's gone"", 'drums', 'space', 'the other one', 'the wheel', ""throwin' stones"", 'one more saturday night', ""baba o'riley"", 'tomorrow never knows']",touch of grey,42.7670376,-78.7435517
1361,Richfield Coliseum,Richfield,USA,1992-06-08,1992,OH,"['feel like a stranger', 'loser', 'little red rooster', 'so many roads', ""tom thumb's blues"", 'black-throated wind', ""don't ease me in"", 'china cat sunflower', 'i know you rider', 'crazy fingers', 'corina', 'drums', 'space', 'dark star', 'this could be the last time', 'stella blue', 'sugar magnolia', 'u.s. blues']",feel like a stranger,41.2397772,-81.6381785
1362,Richfield Coliseum,Richfield,USA,1992-06-09,1992,OH,"['cold rain and snow', 'wang dang doodle', 'peggy-o', 'me and my uncle', 'big river', 'stagger lee', 'cassidy', 'deal', 'victim or the crime', 'ship of fools', 'long way to go home', 'eyes of the world', 'drums', 'space', 'all along the watchtower', 'black peter', 'turn on your love light', 'brokedown palace']",cold rain and snow,41.2397772,-81.6381785
1363,Knickerbocker Arena,Albany,USA,1992-06-11,1992,NY,"['bertha', 'new minglewood blues', 'row jimmy', 'queen jane approximately', 'dire wolf', 'beat it on down the line', 'loose lucy', 'music never stopped', 'foolish heart', ""playin' in the band"", ""uncle john's band"", 'drums', 'space', 'i need a miracle', 'wharf rat', 'around and around', 'quinn the eskimo']",bertha,42.6511674,-73.754968
1364,Knickerbocker Arena,Albany,USA,1992-06-12,1992,NY,"['jack straw', 'sugaree', 'mexicali blues', ""maggie's farm"", 'brown eyed women', 'black-throated wind', 'new speedway boogie', 'promised land', 'scarlet begonias', 'fire on the mountain', 'long way to go home', ""truckin'"", ""smokestack lightnin'"", 'drums', 'space', 'this could be the last time', 'china doll', 'sugar magnolia', 'attics of my life']",jack straw,42.6511674,-73.754968
1365,Giants Stadium,East Rutherford,USA,1992-06-14,1992,NJ,"['shakedown street', ""walkin' blues"", 'candyman', 'desolation row', 'jack-a-roe', 'picasso moon', ""don't ease me in"", 'samson and delilah', 'ship of fools', 'long way to go home', 'corina', 'drums', 'space', 'spoonful', 'the other one', 'morning dew', ""baba o'riley"", 'tomorrow never knows']",shakedown street,40.833989,-74.0970865
1366,Giants Stadium,East Rutherford,USA,1992-06-15,1992,NJ,"['hell in a bucket', 'sugaree', 'same thing', 'tennessee jed', 'masterpiece', 'bird song', 'box of rain', 'saint of circumstance', 'so many roads', 'terrapin station', 'drums', 'space', 'i need a miracle', 'standing on the moon', ""throwin' stones"", 'not fade away', ""knockin' on heaven's door""]",hell in a bucket,40.833989,-74.0970865
1367,Charlotte Coliseum,Charlotte,USA,1992-06-17,1992,NC,"['touch of grey', 'greatest story ever told', 'west l.a. fadeaway', 'mama tried', 'big river', 'jack-a-roe', 'baby blue', 'deal', 'china cat sunflower', 'i know you rider', 'long way to go home', 'estimated prophet', 'drums', 'space', 'the wheel', 'black peter', ""good lovin'"", 'u.s. blues']",touch of grey,35.2272086,-80.8430827
1368,Charlotte Coliseum,Charlotte,USA,1992-06-18,1992,NC,"['feel like a stranger', 'peggy-o', 'little red rooster', 'althea', ""tom thumb's blues"", 'let it grow', 'man smart/woman smarter', 'eyes of the world', 'looks like rain', ""he's gone"", 'drums', 'space', 'all along the watchtower', 'morning dew', 'satisfaction']",feel like a stranger,35.2272086,-80.8430827
1369,RFK Stadium,Washington,USA,1992-06-20,1992,DC,"['cold rain and snow', 'wang dang doodle', 'friend of the devil', 'mexicali blues', ""maggie's farm"", 'row jimmy', 'picasso moon', 'tennessee jed', 'promised land', 'corina', 'crazy fingers', ""playin' in the band"", ""uncle john's band"", 'drums', 'space', 'casey jones', ""throwin' stones"", 'one more saturday night', ""baba o'riley"", 'tomorrow never knows']",cold rain and snow,38.8950982,-77.0363849
1370,Star Lake Amphitheater,Burgettstown,USA,1992-06-22,1992,PA,"['jack straw', 'loser', ""walkin' blues"", 'it must have been the roses', 'queen jane approximately', 'ramble on rose', 'beat it on down the line', 'deal', 'scarlet begonias', 'fire on the mountain', 'victim or the crime', 'dark star', 'drums', 'space', 'spanish jam', 'the other one', 'stella blue', ""goin' down the road feelin' bad"", 'around and around', ""knockin' on heaven's door""]",jack straw,40.3820133,-80.3928423
1371,Star Lake Amphitheater,Burgettstown,USA,1992-06-23,1992,PA,"['help on the way', 'slipknot!', ""franklin's tower"", 'new minglewood blues', 'stagger lee', 'black-throated wind', 'big railroad blues', 'stuck inside of mobile', 'new speedway boogie', ""truckin'"", 'spoonful', 'so many roads', 'long way to go home', 'corina', 'drums', 'space', 'this could be the last time', 'standing on the moon', 'sugar magnolia', 'brokedown palace']",help on the way,40.3820133,-80.3928423
1372,Soldier's Field,Chicago,USA,1992-06-25,1992,IL,"['bertha', 'greatest story ever told', 'west l.a. fadeaway', 'me and my uncle', 'big river', 'ramble on rose', 'masterpiece', 'brown eyed women', 'music never stopped', 'iko iko', 'good morning little school girl', 'long way to go home', 'saint of circumstance', ""he's gone"", 'drums', 'space', 'the wheel', 'so many roads', 'all along the watchtower', 'turn on your love light', 'gloria']",bertha,41.8755616,-87.6244212
1373,Soldiers Field,Chicago,USA,1992-06-26,1992,IL,"['hell in a bucket', 'peggy-o', 'same thing', 'loose lucy', 'mexicali blues', ""maggie's farm"", 'tennessee jed', 'picasso moon', 'corina', 'crazy fingers', ""playin' in the band"", ""uncle john's band"", 'drums', 'space', 'i need a miracle', 'wharf rat', ""throwin' stones"", 'not fade away', 'the weight']",hell in a bucket,41.8755616,-87.6244212
1374,Deer Creek,Noblesville,USA,1992-06-28,1992,IN,"['help on the way', 'slipknot!', ""franklin's tower"", 'wang dang doodle', ""tom thumb's blues"", 'to lay me down', 'el paso', 'new speedway boogie', ""smokestack lightnin'"", 'china cat sunflower', 'i know you rider', 'estimated prophet', 'long way to go home', 'drums', 'space', 'this could be the last time', 'china doll', 'around and around', 'casey jones']",help on the way,40.0460881,-86.0139854
1375,Deer Creek,Noblesville,USA,1992-06-29,1992,IN,"['feel like a stranger', 'althea', 'little red rooster', 'so many roads', 'desolation row', 'deal', 'box of rain', 'victim or the crime', 'ship of fools', 'corina', 'drums', 'space', 'the other one', 'stella blue', 'sugar magnolia', 'brokedown palace']",feel like a stranger,40.0460881,-86.0139854
1376,Buckeye Lake,Hebron,USA,1992-07-01,1992,OH,"['touch of grey', 'greatest story ever told', 'stagger lee', 'masterpiece', 'brown eyed women', 'picasso moon', 'bird song', 'promised land', 'saint of circumstance', 'midnight hour', 'west l.a. fadeaway', ""truckin'"", 'spoonful', 'drums', 'space', 'i need a miracle', 'wharf rat', 'turn on your love light', ""baba o'riley"", 'tomorrow never knows']",touch of grey,39.9617305,-82.4912676
1377,McNichols Arena,Denver,USA,1992-12-02,1992,CO,"['feel like a stranger', 'they love each other', 'same thing', 'jack-a-roe', 'baby blue', 'so many roads', 'let it grow', 'china cat sunflower', 'i know you rider', 'long way to go home', ""truckin'"", ""he's gone"", 'drums', 'space', 'i need a miracle', 'wharf rat', 'turn on your love light', 'rain']",feel like a stranger,39.7392364,-104.984862
1378,McNichols Arena,Denver,USA,1992-12-03,1992,CO,"['touch of grey', 'little red rooster', 'peggy-o', 'queen jane approximately', 'ramble on rose', 'cassidy', ""don't ease me in"", ""playin' in the band"", 'eyes of the world', 'corina', 'terrapin station', 'drums', 'space', 'the other one', 'morning dew', 'gloria']",touch of grey,39.7392364,-104.984862
1379,Compton Terrace,Tempe,USA,1992-12-05,1992,AZ,"['let the good times roll', 'hell in a bucket', 'sugaree', 'new minglewood blues', 'tennessee jed', ""tom thumb's blues"", 'candyman', 'music never stopped', 'scarlet begonias', 'fire on the mountain', 'estimated prophet', 'drums', 'space', 'the wheel', 'all along the watchtower', 'black peter', 'one more saturday night', 'the weight']",let the good times roll,33.4255117,-111.940016
1380,Compton Terrace,Tempe,USA,1992-12-06,1992,AZ,"['here comes sunshine', 'greatest story ever told', 'friend of the devil', 'me and my uncle', ""maggie's farm"", 'althea', 'masterpiece', 'deal', 'samson and delilah', 'crazy fingers', ""uncle john's band"", ""playin' reprise"", 'drums', 'space', 'this could be the last time', 'china doll', ""throwin' stones"", 'not fade away', 'brokedown palace']",here comes sunshine,33.4255117,-111.940016
1381,Oakland Coliseum,Oakland,USA,1992-12-11,1992,CA,"['cold rain and snow', 'wang dang doodle', 'althea', 'masterpiece', 'stagger lee', 'cassidy', 'deal', 'iko iko', 'looks like rain', 'eyes of the world', 'corina', 'drums', 'space', 'the wheel', 'stella blue', 'sugar magnolia', 'u.s. blues']",cold rain and snow,37.8044557,-122.271356
1382,Oakland Coliseum,Oakland,USA,1992-12-12,1992,CA,"['jack straw', 'bertha', 'little red rooster', 'friend of the devil', 'desolation row', 'bird song', 'picasso moon', 'crazy fingers', 'man smart/woman smarter', 'dark star', 'drums', 'space', 'i need a miracle', 'standing on the moon', 'one more saturday night', 'rain']",jack straw,37.8044557,-122.271356
1383,Oakland Coliseum,Oakland,USA,1992-12-13,1992,CA,"['mississippi half-step', 'baby blue', 'west l.a. fadeaway', 'me and my uncle', ""maggie's farm"", 'tennessee jed', 'promised land', 'here comes sunshine', 'long way to go home', 'victim or the crime', 'terrapin station', 'drums', 'space', 'the other one', 'morning dew', 'the weight']",mississippi half-step,37.8044557,-122.271356
1384,Oakland Coliseum,Oakland,USA,1992-12-16,1992,CA,"['feel like a stranger', 'brown eyed women', 'same thing', 'loose lucy', 'stuck inside of mobile', 'row jimmy', 'let it grow', 'shakedown street', 'samson and delilah', 'ship of fools', ""playin' in the band"", 'drums', 'space', 'dark star', 'all along the watchtower', 'stella blue', ""good lovin'"", 'casey jones']",feel like a stranger,37.8044557,-122.271356
1385,Oakland Coliseum,Oakland,USA,1992-12-17,1992,CA,"['touch of grey', ""walkin' blues"", 'loser', 'queen jane approximately', 'so many roads', 'music never stopped', 'scarlet begonias', 'fire on the mountain', 'long way to go home', 'corina', ""uncle john's band"", ""playin' reprise"", 'drums', 'space', 'this could be the last time', 'here comes sunshine', ""throwin' stones"", 'not fade away', ""baba o'riley"", 'tomorrow never knows']",touch of grey,37.8044557,-122.271356
1386,Oakland Coliseum Arena,Oakland,USA,1993-01-24,1993,CA,"['jack straw', 'sugaree', ""walkin' blues"", 'loser', 'queen jane', 'bird song', ""playin' in the band"", 'crazy fingers', 'samson and delilah', ""he's gone"", 'drums', 'space', 'the last time', 'black peter', 'sugar magnolia', ""knockin' on heaven's door""]",jack straw,37.8044557,-122.271356
1387,Oakland Coliseum Arena,Oakland,USA,1993-01-25,1993,CA,"['shakedown street', 'the same thing', 'althea', 'mama tried', ""maggie's farm"", 'loose lucy', 'music never stopped', 'china cat sunflower', 'i know you rider', 'long way to go home', 'corina', ""playin' reprise"", ""uncle john's band"", 'drums', 'space', 'watchtower', 'wharf rat', 'around and around', 'box of rain']",shakedown street,37.8044557,-122.271356
1388,Oakland Coliseum,Oakland,USA,1993-01-26,1993,CA,"['picasso moon', 'row jimmy', 'wang dang doodle', 'brown eyed women', 'desolation row', 'ramble on rose', 'promised land', 'women are smarter', 'eyes of the world', 'estimated prophet', 'terrapin station', 'drums', 'space', 'the other one', 'stella blue', 'lovelight', 'gloria']",picasso moon,37.8044557,-122.271356
1389,Oakland Coliseum,Oakland,USA,1993-02-21,1993,CA,"['bertha', 'greatest story ever told', 'lazy river road', 'eternity', 'ramble on rose', 'queen jane', 'row jimmy', 'promised land', 'liberty', 'corina', 'crazy fingers', 'estimated prophet', 'samson and delilah', 'drums', 'space', 'the wheel', 'i need a miracle', 'morning dew', 'us blues']",bertha,37.8044557,-122.271356
1390,Oakland Coliseum,Oakland,USA,1993-02-22,1993,CA,"['hell in a bucket', 'sugaree', ""walkin' blues"", 'althea', 'masterpiece', 'so many roads', 'cassidy', ""don't ease me in"", 'saint of circumstance', 'scarlet begonias', 'fire on the mountain', 'wave to the wind', 'drums', 'space', 'the days between', ""throwin' stones"", 'not fade away', ""knockin' on heaven's door""]",hell in a bucket,37.8044557,-122.271356
1391,Oakland Coliseum,Oakland,USA,1993-02-23,1993,CA,"['cold rain and snow', 'wang dang doodle', 'loser', 'memphis blues', 'broken arrow', 'long way to go home', 'johnny b goode', 'mardi gras parade', 'aiko aiko', 'corina', 'lazy river road', ""playin' in the band"", 'drums', 'space', 'the other one', 'stella blue', 'lovelight', 'brokedown palace']",cold rain and snow,37.8044557,-122.271356
1392,Rosemont Horizon,Rosemont,USA,1993-03-09,1993,IL,"['here comes sunshine', 'wang dang doodle', 'loose lucy', 'me and my uncle', 'mexicali blues', 'broken arrow', 'row jimmy', 'eternity', 'liberty', 'china cat sunflower', 'i know you rider', 'victim or the crime', 'ship of fools', ""playin' in the band"", 'drums', 'space', 'the last time', 'black peter', 'sugar magnolia', ""knockin' on heaven's door""]",here comes sunshine,41.9941334,-87.8756737
1393,Rosemont Horizon,Rosemont,USA,1993-03-10,1993,IL,"['feels like a stranger', 'stagger lee', 'the same thing', 'peggyo', 'queen jane', 'ramble on rose', 'let it grow', 'eyes of the world', 'long way to go home', 'lazy river road', 'corina', 'drums', 'space', 'the wheel', 'watchtower', 'standing on the moon', 'not fade away', 'baby blue']",feels like a stranger,41.9941334,-87.8756737
1394,Rosemont Horizon,Rosemont,USA,1993-03-11,1993,IL,"['help on the way', 'slipknot', ""franklin's tower"", 'little red rooster', 'althea', 'masterpiece', 'so many roads', 'music never stopped', 'aiko aiko', 'wave to the wind', ""truckin'"", 'spoonful', ""he's gone"", 'drums', 'space', 'the other one', 'the days between', 'around and around', 'liberty']",help on the way,41.9941334,-87.8756737
1395,Richfield Coliseum,Richfield,USA,1993-03-14,1993,OH,"['cold rain and snow', ""walkin' blues"", 'brown eyed women', ""tom thumb's blues"", 'lazy river road', 'eternity', ""don't ease me in"", 'touch of grey', 'samson and delilah', 'long way to go home', 'corina', 'terrapin station', 'drums', 'space', 'i need a miracle', 'stella blue', ""throwin' stone"", 'lovelight', 'i fought the law']",cold rain and snow,41.2397772,-81.6381785
1396,Capital Centre,Landover,USA,1993-03-16,1993,MD,"['jack straw', 'row jimmy', 'minglewood blues', 'so many roads', 'cassidy', 'tennessee jed', 'promised land', 'scarlet begonias', 'fire on the mountain', 'women are smarter', ""uncle john's band"", 'drums', 'space', 'the last time', 'morning dew', 'sugar magnolia', 'us blues']",jack straw,38.925313,-76.8815433
1397,Capital Centre,Landover,USA,1993-03-17,1993,MD,"['shakedown street', 'wang dang doodle', 'lazy river road', 'desolation row', 'ramble on rose', 'eternity', 'liberty', 'picasso moon', 'crazy fingers', ""playin' in the band"", 'dark star', 'drums', 'space', 'the other one', 'the days between', 'good lovin', 'lucy in the sky with diamonds']",shakedown street,38.925313,-76.8815433
1398,Capital Centre,Landover,USA,1993-03-18,1993,MD,"['hell in a bucket', 'sugaree', 'walkin blues', 'broken arrow', 'loose lucy', 'masterpiece', 'friend of the devil', 'music never stopped', 'china cat sunflower', 'i know you rider', 'long way to go home', 'wave to the wind', 'estimated prophet', 'terrapin station', 'drums', 'space', 'corina', 'wharf rat', ""throwin' stones"", 'not fade away', 'i fought the law']",hell in a bucket,38.925313,-76.8815433
1399,The Omni,Atlanta,USA,1993-03-20,1993,GA,"['mississippi halfstep', ""it's all over now"", 'so many roads', 'me and my uncle', ""maggie's farm"", 'birdsong', 'promised land', 'eyes of the world', 'looks like rain', 'lazy river road', ""truckin'"", 'smokestack lightning', 'drums', 'space', 'the wheel', 'watchtower', 'standing on the moon', 'one more saturday night', 'liberty']",mississippi halfstep,33.7544657,-84.3898151
1400,The Omni,Atlanta,USA,1993-03-21,1993,GA,"['feels like a stranger', 'west la fadeaway', 'black throated wind', 'candyman', 'queen jane', 'brown eyed women', 'eternity', 'liberty', 'samson and delilah', 'long way to go home', 'broken arrow', 'saint of circumstance', ""he's gone"", 'drums', 'space', 'i need a miracle', 'the days between', 'around and around', ""baba o'riley"", 'tomorrow never knows']",feels like a stranger,33.7544657,-84.3898151
1401,The Omni,Atlanta,USA,1993-03-22,1993,GA,"['help on the way', 'slipknot', ""franklin's tower"", 'little red rooster', 'althea', 'biodtl', ""tom thumb's blues"", 'lazy river road', 'picasso', 'wave to the wind', 'aiko aiko', 'corina', ""uncle john's band"", 'china doll', 'drums', 'space', 'the last time', 'stella blue', 'sugar magnolia', 'i fought the law']",help on the way,33.7544657,-84.3898151
1402,"The Dean Dome, University of NC",Chapel Hill,USA,1993-03-24,1993,NC,"['jack straw', 'stagger lee', 'wang dang doodle', 'it must have been the roses', 'memphis blues', 'tennessee jed', 'let it grow', 'here comes sunshine', ""playin' in the band"", 'box of rain', 'crazy fingers', 'drums', 'space', 'spanish jam', 'gdtrfb', ""throwin' stones"", 'not fade away', 'lucy in the sky with diamonds']",jack straw,35.9131542,-79.05578
1403,"The Dean Dome, University of NC",Chapel Hill,USA,1993-03-25,1993,NC,"['touch of grey', 'greatest story ever told', 'so many roads', 'minglewood blues', 'lazy river road', 'mexicali blue', 'big river', 'friend of the devil', 'eternity', 'liberty', 'china cat sunflower', 'i know you rider', 'women are smarter', 'wave to the wind', 'terrapin station', 'drums', 'space', 'long way to go home', 'the other one', 'morning dew', 'the weight']",touch of grey,35.9131542,-79.05578
1404,Knickerbocker Arena,Albany,USA,1993-03-27,1993,NY,"['hell in a bucket', 'bertha', 'the same thing', 'peggyo', 'queen jane', 'broken arrow', 'loose lucy', 'cassidy', 'casey jones', 'eyes of the world', 'estimated prophet', 'comes a time', 'corina', 'drums', 'space', 'the wheel', 'watchtower', 'the days between', 'one more saturday night', 'i fought the law']",hell in a bucket,42.6511674,-73.754968
1405,Knickerbocker Arena,Albany,USA,1993-03-28,1993,NY,"['mississippi half step', ""walkin' blues"", 'so many roads', 'masterpiece', 'high time', 'eternity', 'deal', 'scarlet begonias', 'fire on the mountain', 'samson and delilah', 'ship of fools', 'wave to the wind', ""truckin'"", 'drums', 'space', 'long way to go home', 'attics of my life', 'lovelight', ""knockin' on heaven's door""]",mississippi half step,42.6511674,-73.754968
1406,Knickerbocker Arena,Albany,USA,1993-03-29,1993,NY,"['let the good times roll', 'feels like a stranger', 'loser', 'little red rooster', 'ramble on rose', 'black throated wind', 'lazy river road', 'johnny b goode', 'here comes sunshine', 'looks like rain', 'box of rain', ""he's gone"", 'drums', 'space', 'the last time', 'wharf rat', ""throwin' stones"", 'not fade away', 'liberty']",let the good times roll,42.6511674,-73.754968
1407,Nassau Coliseum,Uniondale,USA,1993-03-31,1993,NY,"['cold rain and snow', 'wang dang doodle', 'althea', ""it's all over now"", 'row jimmy', 'let it grow', 'cumberland blues', ""truckin'"", 'lazy river road', ""playin' in the band"", ""uncle john's band"", 'drums', 'space', 'i need a miracle', 'standing on the moon', 'sugar magnolia', 'i fought the law']",cold rain and snow,40.7157545,-73.5898872
1408,Nassau Coliseum,Uniondale,USA,1993-04-01,1993,NY,"['jack straw', 'they love eachother', 'minglewood blues', 'candyman', 'desolation row', 'stagger lee', 'eternity', 'liberty', 'aiko aiko', 'saint of circumstance', 'crazy fingers', 'wave to the wind', 'drums', 'space', 'long way to go home', 'the days between', 'lovelight', 'rain']",jack straw,40.7157545,-73.5898872
1409,Nassau Coliseum,Uniondale,USA,1993-04-02,1993,NY,"['help on the way', 'slipknot', ""franklin's tower"", 'the same thing', 'jack-a-roe', 'queen jane', 'brown eyed women', 'picasso moon', 'scarlet begonias', 'fire on the mountain', 'women are smarter', 'terrapin station', 'corina', 'drums', 'space', 'the last time', 'black peter', 'around and around', 'brokedown palace']",help on the way,40.7157545,-73.5898872
1410,Nassau Coliseum,Uniondale,USA,1993-04-04,1993,NY,"['midnight hour', 'sugaree', ""walkin' blues"", 'dire wolf', 'masterpiece', 'so many roads', 'eternity', 'birdsong', 'eyes of the world', 'samson and delilah', 'broken arrow', 'estimated prophet', 'drums', 'space', 'the other one', 'attics of my life', ""throwin' stones"", 'not fade away', 'liberty']",midnight hour,40.7157545,-73.5898872
1411,Nassau Coliseum,Uniondale,USA,1993-04-05,1993,NY,"['touch of grey', 'greatest story ever told', 'lazy river road', ""tom thumb's blues"", 'black throated wind', 'tennessee jed', 'music never stopped', 'deal', 'i fought the law', 'long way to go home', 'corina', ""he's gone"", 'drums', 'space', 'i need a miracle', 'wharf rat', 'gloria', 'us blues']",touch of grey,40.7157545,-73.5898872
1413,Sam Boyd Silver Bowl,Las Vegas,USA,1993-05-14,1993,NV,"['cold rain and snow', 'wang dang doodle', 'lazy river road', 'queen jane', 'ramble on rose', 'black throated wind', 'liberty', 'scarlet begonias', 'fire on the mountain', 'long way to go home', 'corina', ""uncle john's band"", 'drums', 'space', 'i need a miracle', 'standing on the moon', 'sugar magnolia', 'i fought the law']",cold rain and snow,36.1674263,-115.1484131
1414,Sam Boyd Silver Bowl,Las Vegas,USA,1993-05-15,1993,NV,"['picasso moon', 'peggyo', 'the same thing', 'tennessee jed', 'broken arrow', 'bird song', 'here comes sunshine', ""playin' in the band"", 'crazy fingers', ""playin' reprise"", 'drums', 'space', 'watchtower', 'the days between', 'one more saturday night', 'lucy in the sky with diamonds']",picasso moon,36.1674263,-115.1484131
1415,Sam Boyd Silver Bowl,Las Vegas,USA,1993-05-16,1993,NV,"['touch of grey', ""walkin' blues"", 'althea', 'masterpiece', 'row jimmy', 'cassidy', 'samson and delilah', 'help on the way', 'slipknot!', ""franklin's tower"", 'looks like rain', 'terrapin station', 'drums', 'space', 'the other one', 'wharf rat', ""throwin' stones"", 'lovelight', 'brokedown palace']",touch of grey,36.1674263,-115.1484131
1416,Shoreline Ampitheatre,Mountain View,USA,1993-05-21,1993,CA,"['let the good times roll', 'feels like a stranger', 'friend of the devil', 'me and my uncle', 'big river', 'west la fadeaway', 'eternity', 'liberty', 'china cat sunflower', 'i know you rider', 'long way to go home', 'estimated prophet', ""he's gone"", 'drums', 'space', 'watchtower', 'morning dew', ""baba o'riley"", 'tomorrow never knows']",let the good times roll,37.3893889,-122.0832101
1417,Shoreline Ampitheatre,Mountain View,USA,1993-05-22,1993,CA,"['mississippi half step', 'little red rooster', 'brown eyed women', 'broken arrow', 'supplication', 'stagger lee', 'promised land', 'foolish heart', 'women are smarter', 'ship of fools', 'corina', 'drums', 'space', 'the last time', 'stella blue', 'one more saturday night', 'i fought the law']",mississippi half step,37.3893889,-122.0832101
1418,Shoreline Ampitheatre,Mountain View,USA,1993-05-23,1993,CA,"['jack straw', 'loser', ""tom thumb's blues"", ""it's all over now"", 'bird song', 'music never stopped', 'aiko aiko', 'wave to the wind', 'saint of circumstance', 'terrapin station', 'drums', 'space', 'i need a miracle', 'the days between', 'not fade away', 'lucy in the sky with diamonds']",jack straw,37.3893889,-122.0832101
1419,Cal Expo,Sacramento,USA,1993-05-25,1993,CA,"['bertha', 'greatest story ever told', 'jack a roe', 'wang dang doodle', 'loose lucy', 'queen jane', 'lazy river road', 'let it grow', ""don't ease me in"", 'eyes of the world', 'looks like rain', 'long way to go home', ""truckin'"", 'drums', 'space', 'the wheel', ""throwin' stones"", 'gdtrfb', 'johnny b goode', 'rain']",bertha,38.5810606,-121.493895
1420,Cal Expo,Sacramento,USA,1993-05-26,1993,CA,"['samson and delilah', 'here comes sunshine', ""walkin' blues"", 'broken arrow', 'ramble on rose', 'memphis blues', 'deal', 'box of rain', 'victim or the crime', 'crazy fingers', ""playin' in the band"", 'drums', 'space', 'corina', ""playin' reprise"", 'china doll', 'around and around', 'liberty']",samson and delilah,38.5810606,-121.493895
1421,Cal Expo,Sacramento,USA,1993-05-27,1993,CA,"['shakedown street', 'the same thing', 'dire wolf', 'biodtl', 'high time', 'masterpiece', 'cumberland blues', 'promised land', 'picasso moon', 'fire on the mountain', 'wave to the wind', 'cassidy', ""uncle john's band"", 'cassidy', 'drums', 'space', 'the other one', 'wharf rat', 'sugar magnolia', 'gloria']",shakedown street,38.5810606,-121.493895
1422,Giant's Stadium,East Rutherford,USA,1993-06-05,1993,NJ,"['hell in a bucket', 'sugaree', 'wang dang doodle', 'peggyo', 'eternity', 'candyman', 'music never stopped', 'easy answers', 'music never stopped', 'scarlet begonias', 'fire on the mountain', 'long way to go home', 'crazy fingers', 'estimated prophet', 'drums', 'space', 'the other one', 'stella blue', 'one more saturday night', 'box of rain']",hell in a bucket,40.833989,-74.0970865
1423,Giant's Stadium,East Rutherford,USA,1993-06-06,1993,NJ,"['here comes sunshine', 'minglewood blues', 'ramble on rose', 'broken arrow', 'when i paint my masterpiece', 'lazy river road', 'let it grow', 'bertha', ""good lovin'"", ""uncle john's band"", ""playin' in the band"", 'drums', 'space', 'corina', 'attics of my life', ""throwin' stones"", 'not fade away', 'liberty']",here comes sunshine,40.833989,-74.0970865
1424,The Palace,Auburn Hills,USA,1993-06-08,1993,MI,"['picasso moon', 'althea', 'queen jane', 'it must have been the roses', ""it's all over now"", 'bird song', ""truckin'"", 'new speedway boogie', 'that would be something', 'long way to go home', 'saint of circumstance', ""he's gone"", 'drums', 'space', 'the last time', 'standing on the moon', 'lovelight', 'i fought the law']",picasso moon,42.6875323,-83.2341028
1425,The Palace,Auburn Hills,USA,1993-06-09,1993,MI,"['help on the way', 'slipknot!', ""franklin's tower"", 'little red rooster', 'loose lucy', 'easy answers', 'bertha', 'china cat sunflower', 'i know you rider', 'women are smarter', 'wave to the wind', 'terrapin station', 'drums', 'space', 'i need a miracle', 'wharf rat', 'around and around', 'liberty']",help on the way,42.6875323,-83.2341028
1426,Buckeye Lake Music Center,Hebron,USA,1993-06-11,1993,OH,"['jack straw', 'foolish heart', 'the same thing', 'lazy river road', ""tom thumb's blues"", 'masterpiece', 'so many roads', 'promised land', 'eyes of the world', 'playing in the band', ""uncle john's band"", 'corina', 'drums', 'space', 'the wheel', 'watchtower', 'black peter', 'sugar magnolia', 'brokedown palace']",jack straw,39.9617305,-82.4912676
1427,Rich Stadium,Orchard Park,USA,1993-06-13,1993,NY,"['touch of grey', 'minglewood blues', 'loser', 'me and my uncle', 'mexicali blues', 'broken arrow', 'tennessee jed', 'cassidy', 'deal', 'samson and delilah', 'lazy river road', 'looks like rain', 'long way to go home', ""truckin'"", 'drums', 'space', 'the other one', 'the days between', 'johnny b goode', 'i fought the law']",touch of grey,42.7670376,-78.7435517
1430,Soldiers Field,Chicago,USA,1993-06-18,1993,IL,"['hell in a bucket', 'sugaree', ""walkin' blues"", 'stagger lee', 'queen jane', 'row jimmy', 'music never stopped', 'box of rain', 'aiko aiko', ""playin' in the band"", ""uncle john's band"", 'drums', 'space', 'watchtower', 'china doll', 'lovelight', 'liberty']",hell in a bucket,41.8755616,-87.6244212
1431,Soldiers Field,Chicago,USA,1993-06-19,1993,IL,"['touch of grey', 'little red rooster', 'lazy river road', 'me and my uncle', ""maggie's farm"", 'broken arrow', 'deal', 'china cat sunflower', 'i know you rider', 'long way to go home', ""truckin'"", 'smokestack lightning', 'drums', 'space', 'the other one', 'standing on the moon', ""throwin' stones"", 'one more saturday night', 'rain']",touch of grey,41.8755616,-87.6244212
1432,Deer Creek,Noblesville,USA,1993-06-21,1993,IN,"['jack straw', 'friend of the devil', 'spoonful', 'jack a roe', 'black throated wind', 'loose lucy', 'eternity', 'so many roads', 'promised land', 'scarlet begonias', 'fire on the mountain', 'women are smarter', 'ship of fools', 'corina', 'drums', 'space', 'the last time', 'black peter', 'around and around', 'i fought the law']",jack straw,40.0460881,-86.0139854
1433,Deer Creek,Noblesville,USA,1993-06-22,1993,IN,"['help on the way', 'slipknot', ""franklin's tower"", 'wang dang doodle', 'high time', ""it's all over now"", ""tom thumb's blues"", 'tennessee jed', 'picasso moon', 'victim or the crime', 'crazy fingers', 'looks like rain', ""he's gone"", 'drums', 'space', 'i need a miracle', 'the days between', 'johnny b goode', 'liberty']",help on the way,40.0460881,-86.0139854
1434,Deer Creek,Noblesville,USA,1993-06-23,1993,IN,"['let the good times roll', 'hell in a bucket', 'lazy river road', 'memphis blues', 'loser', 'broken arrow', 'easy answers', 'samson and delilah', 'long way to go home', 'wave to the wind', 'terrapin station', 'drums', 'space', 'dark star', 'the wheel', ""good lovin'"", 'lucy in the sky with diamonds']",let the good times roll,40.0460881,-86.0139854
1435,RFK Stadium,Washington,USA,1993-06-25,1993,DC,"['mississippi half step', 'little red rooster', ""tom thumb's blues"", 'althea', 'cassidy', 'cumberland blues', 'promised land', 'china cat sunflower', 'i know you rider', 'saint of circumstance', ""uncle john's band"", 'corina', 'drums', 'space', 'i need a miracle', 'wharf rat', 'sugar magnolia', 'the weight']",mississippi half step,38.8950982,-77.0363849
1436,RFK Stadium,Washington,USA,1993-06-26,1993,DC,"['feels like a stranger', 'brown eyed women', 'spoonful', 'lazy river road', 'masterpiece', 'birdsong', 'picasso moon', 'aiko aiko', 'long way to go home', ""playin' in the band"", 'terrapin station', 'drums', 'space', 'the last time', 'the days between', 'throwin stones', 'one more saturday night', 'liberty']",feels like a stranger,38.8950982,-77.0363849
1437,Autzen Stadium,Eugene,USA,1993-08-21,1993,OR,"['here comes sunshine', ""walkin' blues"", 'lazy river road', 'queen jane', 'bird song', 'promised land', 'china cat sunflower', 'i know you rider', 'long way to go home', ""truckin'"", ""good mornin' little school girl"", 'smokestack lightning', 'drums', 'space', 'the last time', 'standing on the moon', 'one more saturday night', 'i fought the law']",here comes sunshine,44.0505054,-123.0950506
1438,Autzen Stadium,Eugene,USA,1993-08-22,1993,OR,"['jack straw', 'bertha', 'little red rooster', 'broken arrow', 'althea', 'masterpiece', 'tennessee jed', 'music never stopped', 'help on the way', 'slipknot', ""franklin's tower"", 'samson and delilah', 'ship of fools', 'corina', 'drums', 'space', 'the wheel', 'i need a miracle', 'the days between', 'not fade away', 'liberty']",jack straw,44.0505054,-123.0950506
1439,Shoreline Ampitheatre,Mountain View,USA,1993-08-25,1993,MA,"['touch of grey', 'greatest story ever told', 'peggy o', 'the same thing', 'friend of the devil', 'easy answers', 'so many roads', 'promised land', 'scarlet begonias', 'fire on the mountain', 'estimated prophet', 'terrapin station', 'drums', 'space', 'watchtower', 'attics of my life', 'sugar magnolia', 'lucy in the sky with diamonds']",touch of grey,37.3893889,-122.0832101
1440,Shoreline Ampitheatre,Mountain View,USA,1993-08-26,1993,MA,"['hell in a bucket', 'bertha', 'wang dang doodle', 'candyman', ""tom thumb's blues"", 'let it grow', ""don't ease me in"", 'crazy fingers', 'saint of circumstance', 'long way to go home', ""he's gone"", 'drums', 'space', 'the other one', 'stella blue', 'around and around', 'rain']",hell in a bucket,37.3893889,-122.0832101
1441,Shoreline Ampitheatre,Mountain View,USA,1993-08-27,1993,MA,"['mississippi half step', 'minglewood blues', 'lazy river road', 'broken arrow', 'loose lucy', 'johnny b goode', 'aiko aiko', 'wave to the wind', ""playin' in the band"", ""uncle john's band"", 'corina', 'drums', 'space', 'i need a miracle', 'days between', ""throwin' stones"", 'lovelight', 'i fought the law']",mississippi half step,37.3893889,-122.0832101
1442,Richfield Coliseum,Richfield,USA,1993-09-08,1993,OH,"['feels like a stranger', 'peggyo', 'wang dang doodle', 'brown eyed women', 'masterpiece', 'liberty', 'johnny b goode', 'foolish heart', 'estimated prophet', 'eyes of the world', 'drums', 'space', 'i need a miracle', 'black peter', 'sugar magnolia', 'the weight']",feels like a stranger,41.2397772,-81.6381785
1443,Richfield Coliseum,Richfield,USA,1993-09-09,1993,OH,"['here comes sunshine', 'spoonful', 'stagger lee', 'queen jane', 'tennessee jed', 'easy answers', ""don't ease me in"", 'victim or the crime', 'crazy fingers', 'saint of circumstance', 'terrapin station', 'drums', 'space', 'the last time', 'morning dew', 'i fought the law']",here comes sunshine,41.2397772,-81.6381785
1444,Richfield Coliseum,Richfield,USA,1993-09-10,1993,OH,"['jack straw', 'they love eachother', 'little red rooster', ""tom thumb's blues"", 'ramble on rose', 'black throated wind', 'bertha', 'china cat sunflower', 'i know you rider', 'long way to go home', 'corina', ""uncle john's band"", 'drums', 'space', 'the wheel', 'watchtower', 'attics of my life', 'not fade away', 'us blues']",jack straw,41.2397772,-81.6381785
1445,The Spectrum,Philadelphia,USA,1993-09-12,1993,PA,"['touch of grey', ""walkin' blues"", 'loser', 'desolation row', 'cumberland blues', 'eternity', 'loose lucy', 'picasso moon', 'samson and delilah', 'lazy river road', ""truckin'"", ""he's gone"", 'drums', 'space', 'the other one', 'stella blue', ""throwin' stones"", 'lovelight', ""knockin' on heaven's door""]",touch of grey,39.9527237,-75.1635262
1446,The Spectrum,Philadelphia,USA,1993-09-13,1993,PA,"['hell in a bucket', 'jack a roe', 'the same thing', 'stagger lee', 'black throated wind', 'dire wolf', 'let it grow', 'scarlet begonias', 'fire on the mountain', 'playing in the band', 'dark star', 'terrapin station', 'drums', 'space', 'easy answers', 'days between', ""good lovin'"", 'i fought the law']",hell in a bucket,39.9527237,-75.1635262
1447,The Spectrum,Philadelphia,USA,1993-09-14,1993,PA,"['help on the way', 'slipknot', ""franklin's tower"", 'minglewood blues', 'broken arrow', 'brown eyed women', 'masterpiece', 'birdsong', 'aiko aiko', 'looks like rain', 'long way to go home', 'crazy fingers', 'corina', 'drums', 'space', 'the last time', 'wharf rat', 'sugar magnolia', 'brokedown palace']",help on the way,39.9527237,-75.1635262
1448,Madison Square Garden,New York,USA,1993-09-16,1993,NY,"['rain', 'shakedown street', 'wang dang doodle', 'cold rain and snow', 'queen jane', 'althea', 'eternity', ""don't ease me in"", 'china cat sunflower', 'i know you rider', 'estimated prophet', 'eyes of the world', 'drums', 'space', 'long way to go home', 'the days between', ""throwin' stones"", 'not fade away', 'liberty']",rain,40.7127281,-74.0060152
1449,Madison Square Garden,New York,USA,1993-09-17,1993,NY,"['jack straw', 'sugaree', ""walkin' blues"", 'ramble on rose', ""tom thumb's blues"", 'easy answers', 'lazy river road', 'promised land', 'foolish heart', 'women are smarter', 'ship of fools', 'saint of circumstance', 'drums', 'space', 'i need a miracle', 'that would be something', 'standing on the moon', 'lovelight', 'i fought the law']",jack straw,40.7127281,-74.0060152
1450,Madison Square Garden,New York,USA,1993-09-18,1993,NY,"['mississippi half step', 'little red rooster', 'althea', 'masterpiece', 'brown eyed women', 'cassidy', 'loose lucy', 'aiko aiko', 'victim or the crime', ""uncle john's band"", 'corina', 'drums', 'space', 'the wheel', 'watchtower', 'china doll', 'one more saturday night', 'gloria']",mississippi half step,40.7127281,-74.0060152
1451,Madison Square Garden,New York,USA,1993-09-20,1993,NY,"['touch of grey', 'greatest story ever told', 'row jimmy', 'the race is on', 'dire wolf', 'memphis blues', 'lazy river road', 'johnny b goode', 'samson and delilah', 'so many roads', ""truckin'"", ""he's gone"", 'drums', 'space', 'the other one', 'gdtrfb', 'morning dew', ""baba o'riley"", 'tomorrow never knows']",touch of grey,40.7127281,-74.0060152
1452,Madison Square Garden,New York,USA,1993-09-21,1993,NY,"['hell in a bucket', 'bertha', 'the same thing', 'peggyo', 'broken arrow', 'tennessee jed', 'music never stopped', 'here comes sunshine', 'long way to go home', ""playin' in the band"", 'terrapin station', 'drums', 'space', 'the last time', 'stella blue', 'sugar magnolia', 'the weight']",hell in a bucket,40.7127281,-74.0060152
1453,Madison Square Garden,New York,USA,1993-09-22,1993,NY,"['help on the way', 'slipknot', ""franklin's tower"", 'minglewood blues', 'ramble on rose', 'masterpiece', 'birdsong', 'easy answers', 'lazy river road', 'estimated prophet', 'dark star', 'drums', 'space', 'wharf rat', ""throwin' stones"", 'lovelight', 'i fought the law']",help on the way,40.7127281,-74.0060152
1454,Boston Garden,Boston,USA,1993-09-24,1993,MA,"['feels like a stranger', 'jack a roe', 'little red rooster', 'stagger lee', 'queen jane', 'loose lucy', 'picasso moon', 'scarlet begonias', 'fire on the mountain', 'women are smarter', 'long way to go home', ""he's gone"", 'drums', 'space', 'the last time', 'the days between', 'around and around', 'liberty']",feels like a stranger,42.3588336,-71.0578303
1455,Boston Garden,Boston,USA,1993-09-25,1993,MA,"['cold rain and snow', 'wang dang doodle', 'loser', ""it's all over now"", ""tom thumb's blues"", 'cassidy', 'deal', 'foolish heart', 'box of rain', 'crazy fingers', 'corina', 'drums', 'space', 'the wheel', 'watchtower', 'black peter', 'one more saturday night', 'i fought the law']",cold rain and snow,42.3588336,-71.0578303
1456,Boston Garden,Boston,USA,1993-09-26,1993,MA,"['jack straw', 'althea', ""walkin' blues"", 'high time', 'me and my uncle', ""maggie's farm"", 'lazy river road', 'easy answers', ""don't ease me in"", 'aiko aiko', 'saint of circumstance', 'ship of fools', ""truckin'"", 'drums', 'space', 'i need a miracle', 'standing on the moon', 'rain']",jack straw,42.3588336,-71.0578303
1457,Boston Garden,Boston,USA,1993-09-28,1993,MA,"['touch of grey', 'greatest story ever told', 'row jimmy', 'minglewood blues', 'so many roads', 'masterpiece', 'birdsong', 'china cat sunflower', 'i know you rider', 'samson and delilah', ""uncle john's band"", ""playin' in the band"", 'drums', 'space', 'attics of my life', ""throwin' stones"", 'good lovin', 'us blues']",touch of grey,42.3588336,-71.0578303
1458,Boston Garden,Boston,USA,1993-09-29,1993,MA,"['hell in a bucket', 'sugaree', 'the same thing', 'loose lucy', 'black throated wind', 'dire wolf', 'eternity', 'tennessee jed', 'eyes of the world', 'looks like rain', 'long way to go home', 'terrapin station', 'drums', 'space', ""playin' reprise"", 'stella blue', 'sugar magnolia', 'liberty']",hell in a bucket,42.3588336,-71.0578303
1459,Boston Garden,Boston,USA,1993-09-30,1993,MA,"['here comes sunshine', 'spoonful', 'candyman', 'el paso', 'broken arrow', 'stagger lee', 'easy answers', ""don't ease me in"", 'lucy in the sky with diamonds', 'wave to the wind', 'crazy fingers', 'estimated prophet', ""he's gone"", 'drums', 'space', 'the other one', 'wharf rat', 'not fade away', 'brokedown palace']",here comes sunshine,42.3588336,-71.0578303
1460,Los Angeles Sports Arena,Los Angeles,USA,1993-12-08,1993,CA,"['rain', 'let the good times roll', 'king bee', 'stagger lee', 'me and my uncle', 'mexicali blues', 'lazy river road', 'masterpiece', 'row jimmy', 'picasso moon', 'aiko aiko', 'long way to go home', ""playin' in the band"", ""uncle john's band"", 'drums', 'space', 'the last time', 'morning dew', 'sugar magnolia', 'i fought the law']",rain,34.0536909,-118.242766
1461,Los Angeles Sports Arena,Los Angeles,USA,1993-12-09,1993,CA,"['touch of grey', 'wang dang doodle', 'peggyo', 'queen jane approximately', 'broken arrow', 'loose lucy', 'easy answers', ""don't ease me in"", 'china cat sunflower', 'i know you rider', 'estimated prophet', 'wave to the wind', ""he's gone"", 'drums', 'space', 'the other one', 'wharf rat', 'lovelight', 'liberty']",touch of grey,34.0536909,-118.242766
1462,Los Angeles Sports Arena,Los Angeles,USA,1993-12-10,1993,CA,"['hell in a bucket', 'sugaree', 'loser', 'little red rooster', 'so many roads', ""tom thumb's blues"", 'eternity', 'bertha', 'scarlet begonias', 'fire on the mountain', 'corina', 'terrapin station', 'drums', 'space', 'i need a miracle', 'standing on the moon', 'not fade away', 'brokedown palace']",hell in a bucket,34.0536909,-118.242766
1463,San Diego Sports Areana,San Diego,USA,1993-12-12,1993,CA,"['cold rain and snow', 'new minglewood blues', 'friend of the devil', 'black throated wind', 'althea', 'biodtl', 'bird song', 'promised land', 'shakedown street', 'samson and delilah', 'ship of fools', ""truckin'"", ""nobody's fault but mine"", 'that would be something', 'drums', 'space', 'the wheel', 'watchtower', 'stella blue', 'around and around', 'i fought the law']",cold rain and snow,32.7174202,-117.162772
1464,San Diego Sports Areana,San Diego,USA,1993-12-13,1993,CA,"['feels like a stranger', 'ramble on rose', 'the same thing', 'brown eyed women', 'broken arrow', 'easy answers', 'mississippi half step', 'lucy in the sky with diamonds', 'women are smarter', 'long way to go home', 'eyes of the world', 'drums', 'space', 'the last time', 'the days between', ""throwin' stones"", 'liberty']",feels like a stranger,32.7174202,-117.162772
1465,Oakland Coliseum,Oakland,USA,1993-12-17,1993,CA,"['here comes sunshine', ""walkin' blues"", 'jack a roe', 'desolation row', 'ramble on rose', 'broken arrow', 'lazy river road', 'music never stopped', 'help on the way', 'slipknot', ""franklin's tower"", 'saint of circumstance', 'crazy fingers', 'corina', 'drums', 'space', 'the last time', 'attics of my life', ""good lovin'"", 'i fought the law']",here comes sunshine,37.8044557,-122.271356
1466,Oakland Coliseum,Oakland,USA,1993-12-18,1993,CA,"['jack straw', 'they love each other', 'spoonful', 'friend of the devil', 'masterpiece', 'tennessee jed', 'easy answers', 'deal', 'long way to go home', 'china cat sunflower', 'i know you rider', ""playin' in the band"", ""uncle john's band"", 'drums', 'space', 'i need a miracle', 'stella blue', 'one more saturday night', 'box of rain']",jack straw,37.8044557,-122.271356
1467,Oakland Coliseum,Oakland,USA,1993-12-19,1993,CA,"['bertha', 'wang dang doodle', 'loose lucy', 'queen jane', 'it must have been the roses', ""it's all over now"", 'birdsong', 'promised land', 'scarlet begonias', 'fire on the mountain', 'estimated prophet', 'so many roads', ""truckin'"", 'smokestack lightning', 'drums', 'space', 'the other one', 'days between', 'sugar magnolia', 'brokedown palace']",bertha,37.8044557,-122.271356
1468,Oakland Coliseum,Oakland,USA,1994-02-25,1994,CA,"['jack straw', 'peggy-o', ""walkin' blues"", 'ramble on rose', 'queen jane', 'loser', 'cassidy', ""don't ease me in"", 'victim or the crime', 'iko! iko!', 'way to go home', ""truckin'"", 'smokestack lightning', ""he's gone"", 'drums', 'space', 'the last time', 'stella blue', 'sugar magnolia', 'i fought the law', '18 songs']",jack straw,37.8044557,-122.271356
1469,Oakland Coliseum,Oakland,USA,1994-02-26,1994,CA,"['cold rain & snow', 'wang dang doodle', 'althea', 'black throated wind', 'loose lucy', 'broken arrow', 'music never stopped', 'eyes of the world', 'estimated prophet', 'terrapin', 'drums', 'space', 'i need a miracle', 'standing on the moon', 'one more saturday night', 'liberty', '14 songs']",cold rain & snow,37.8044557,-122.271356
1470,Oakland Coliseum,Oakland,USA,1994-02-27,1994,CA,"['hell in a bucket', 'row jimmy', 'minglewood', 'lazy river road', 'mama tried', 'mexicali blues', 'tennessee jed', 'easy answers', 'touch of grey', 'samson & delilah', ""uncle john's band"", 'corrina', 'drums (w/ dragon dance parade)', 'space', 'other one', 'cosmic charlie tease', 'wharf rat', 'lovelight', 'rain', '16 songs']",hell in a bucket,37.8044557,-122.271356
1471,Rosemont Horizon,Rosemont,USA,1994-03-16,1994,IL,"['jack straw', 'friend of the devil', 'minglewood', 'lazy river road', ""tom thumb's blues"", 'beat it on down the line', 'high time', 'easy answers', ""don't ease me in"", 'scarlet begonias', 'fire on the mountain', 'looks like rain+', 'way to go home', 'dark star (1st verse only)', 'drums', 'space', 'i need a miracle', 'standing on the moon', 'sugar magnolia', 'i fought the law', '18 songs']",jack straw,41.9941334,-87.8756737
1472,Rosemont Horizon,Rosemont,USA,1994-03-17,1994,IL,"['touch of grey', 'wang dang doodle', 'althea', 'me & my uncle+', 'mexicali blues+', 'lazy river road', 'eternity', 'box of rain', 'iko! iko!', 'playing in the band', ""uncle john's band"", 'drums', 'space', 'the wheel', 'watchtower', 'morning dew', 'rain', '15 songs']",touch of grey,41.9941334,-87.8756737
1473,Rosemont Horizon,Rosemont,USA,1994-03-18,1994,IL,"['feel like a stranger', 'deal', 'el paso+', 'brown-eyed women', 'masterpiece', 'ramble on rose', 'music never stopped', 'here comes sunshine', 'saint of circumstance', 'ship of fools', 'corrina', 'drums', 'space', 'other one', 'wharf rat', 'around & around', 'us blues', '15 songs']",feel like a stranger,41.9941334,-87.8756737
1474,Richfield Coliseum,Richfield,USA,1994-03-20,1994,OH,"['cold rain & snow', 'all over now', 'candyman', 'mama tried+', 'big river+', 'lazy river road', 'let it grow', ""don't ease me in"", 'samson & delilah', 'way to go home', 'crazy fingers', 'estimated prophet', 'drums', 'space', 'the last time', 'black peter', 'throwing stones', 'not fade away', 'i fought the law', '17 songs']",cold rain & snow,41.2397772,-81.6381785
1475,Richfield Coliseum,Richfield,USA,1994-03-21,1994,OH,"['greatest story', 'bertha', 'same thing', 'peggy-o', 'queen jane', 'west la fadeaway', 'eternity', 'tennessee jed', 'picasso moon', 'new speedway boogie', 'victim or the crime', ""he's gone"", 'drums', 'space', 'lovelight', 'stella blue', 'lovelight reprise', 'liberty', '15 songs']",greatest story,41.2397772,-81.6381785
1476,Nassau Coliseum,Uniondale,USA,1994-03-23,1994,NY,"['shakedown street', 'little red rooster', 'row jimmy', 'el paso+', 'might as well', 'promised land', 'china cat sunflower', 'i know you rider', 'women are smarter', 'so many roads', ""truckin'"", 'drums', 'space', 'i need a miracle', 'standing on the moon', ""good lovin'"", 'us blues', '15 songs']",shakedown street,40.7157545,-73.5898872
1477,Nassau Coliseum,Uniondale,USA,1994-03-24,1994,NY,"['hell in a bucket', 'sugaree', ""walkin' blues"", 'loser', 'me & my uncle+', ""maggie's farm+"", 'loose lucy', 'cassidy', 'eyes of the world', 'looks like rain', 'way to go home', 'terrapin', 'drums', 'space', 'the wheel', 'throwing stones', 'not fade away', 'liberty', '16 songs']",hell in a bucket,40.7157545,-73.5898872
1478,Nassau Coliseum,Uniondale,USA,1994-03-25,1994,NY,"['help on the way', 'slipknot!', ""franklin's tower"", 'wang dang doodle', 'althea', 'black throated wind+', 'ramble on rose', 'eternity', ""don't ease me in"", 'mississippi half-step', 'picasso moon', 'lazy river road', 'corrina', 'drums', 'space', 'the last time', 'attics of my life', 'around & around', 'the weight', '17 songs', 'both sets with bruce hornsby, accordian & vocals']",help on the way,40.7157545,-73.5898872
1479,Nassau Coliseum,Uniondale,USA,1994-03-27,1994,NY,"['jack straw', 'jack-a-roe', 'all over now', 'stagger lee', 'queen jane', 'candyman', 'easy answers', 'deal', 'samson & deiliah', '---technical problems---', 'iko! iko!', 'playing in the band', ""uncle john's band"", 'drums', 'space', 'other one', 'morning dew', 'johnny b. goode', '15 songs']",jack straw,40.7157545,-73.5898872
1480,Nassau Coliseum,Uniondale,USA,1994-03-28,1994,NY,"['good times roll', 'bertha', 'greatest story', 'west la fadeaway', 'masterpiece', 'must have been the roses', 'beat it on down the line', 'peggy-o', 'music never stopped', 'rain', 'victim or the crime', 'box of rain', ""he's gone"", 'that would be something', ""goin down the road (feelin' bad)"", 'drums', 'space', 'watchtower', 'days between', 'lovelight', 'brokedown palace', '19 songs']",good times roll,40.7157545,-73.5898872
1481,The Omni,Atlanta,USA,1994-03-30,1994,GA,"['here comes sunshine', 'feel like a stranger', 'jack-a-roe', 'same thing', 'lazy river road', 'el paso+', 'new speedway boogie', 'promised land', 'scarlet begonias', 'fire on the mountain', 'playing in the band', 'dark star (1st verse only)', 'drums', 'space', 'i need a miracle', 'stella blue', 'sugar magnolia', 'liberty', '16 songs']",here comes sunshine,33.7544657,-84.3898151
1482,The Omni,Atlanta,USA,1994-03-31,1994,GA,"['touch of grey', 'king bee', 'friend of the devil', 'desolation row', 'tennessee jed', 'easy answers', 'eyes of the world', 'saint of circumstance', 'way to go home', 'crazy fingers', 'corrina', 'drums', 'space', 'the last time', 'standing on the moon', 'i fought the law', '14 songs']",touch of grey,33.7544657,-84.3898151
1483,Blockbuster Desert Sky Pavillion,Phoenix,USA,1994-03-04,1994,AZ,"['mississippi half-step', 'little red rooster', 'ramble on rose', 'me & my uncle+', 'big river+', 'bird song', 'promised land', 'iko! iko!', 'looks like rain+', 'crazy fingers', 'estimated prophet', 'drums', 'space', 'i need a miracle', 'black peter', 'throwing stones', 'us blues', '15 songs']",mississippi half-step,33.4484367,-112.074141
1484,Blockbuster Desert Sky Pavillion,Phoenix,USA,1994-03-05,1994,AZ,"['feel like a stranger', 'stagger lee', 'el paso+', 'loose lucy', 'broken arrow', 'eternity', 'bertha', 'china cat sunflower', 'i know you rider', 'way to go home', 'saint of circumstance', ""he's gone"", 'drums', 'space', 'watchtower', 'stella blue', 'one more saturday night', 'i fought the law', '16 songs']",feel like a stranger,33.4484367,-112.074141
1485,Blockbuster Desert Sky Pavillion,Phoenix,USA,1994-03-06,1994,AZ,"['help on the way', 'slipknot!', ""franklin's tower"", 'spoonful', 'jack-a-roe', 'masterpiece', 'brown-eyed women', 'let it grow', 'easy answers', 'lazy river road', 'playing in the band', 'eyes of the world', 'drums', 'space', 'the wheel', 'attics of my life', ""good lovin'"", 'liberty', '17 songs']",help on the way,33.4484367,-112.074141
1486,The Omni,Atlanta,USA,1994-04-01,1994,GA,"['picasso moon', 'deal', 'wang dang doodle', 'dire wolf', 'black throated wind+', 'bird song', 'china cat sunflower', 'i know you rider', 'box of rain', 'estimated prophet', ""he's gone"", 'that would be something', 'drums', 'space', 'other one', 'wharf rat', 'lovelight', 'brokedown palace', '16 songs']",picasso moon,33.7544657,-84.3898151
1487,Orlando Arena,Orlando,USA,1994-04-04,1994,FL,"['help on the way', 'slipknot!', ""franklin's tower"", 'little red rooster', 'brown-eyed women', 'masterpiece+', 'loose lucy', 'cassidy', ""don't ease me in"", 'iko! iko!', 'way to go home', ""truckin'"", 'terrapin', 'drums', 'space', 'days between', 'throwing stone', 'not fade away', 'i fought the law', '17 songs']",help on the way,28.5421218,-81.379045
1488,Miami Arena,Miami,USA,1994-04-06,1994,FL,"['jack straw', 'jack-a-roe', 'wang dang doodle', 'broken arrow', 'west la fadeaway', 'el paso+', 'row jimmy', 'promised land', 'here comes sunshine', 'samson & delilah', 'cumberland blues', 'way to go home', 'women are smarter', 'drums', 'space', 'the wheel', 'watchtower', 'standing on the moon', 'johnny b. goode', '17 songs']",jack straw,25.7741566,-80.1935973
1489,Miami Arena,Miami,USA,1994-04-07,1994,FL,"['shakedown street', ""walkin' blues"", 'friend of the devil', 'queen jane', 'ramble on rose', 'music never stopped', 'eyes of the world', 'playing in the band', 'terrapin', 'drums', 'space', 'the last time', 'stella blue', 'sugar magnolia', 'liberty', '13 songs']",shakedown street,25.7741566,-80.1935973
1490,Miami Arena,Miami,USA,1994-04-08,1994,FL,"['hell in a bucket', 'peggy-o', 'all over now', 'so many roads', 'masterpiece+', 'bird song', 'scarlet begonias', 'fire on the mountain', 'saint of circumstance', 'lazy river road', 'corrina', 'drums', 'space', 'i need a miracle', 'days between', 'around & around', 'i fought the law', '15 songs']",hell in a bucket,25.7741566,-80.1935973
1491,Cal Expo Amphitheatre,Sacramento,USA,1994-06-08,1994,CA,"['mississippi half-step', ""walkin' blues"", 'peggy-o', 'me & my uncle', 'big river', 'stagger lee', 'cassidy', ""don't ease me in"", 'picasso moon', 'big railroad blues', 'playing in the band', ""uncle john's band"", 'drums', 'space', 'samba in the rain (new vince song)', 'watchtower', 'standing on the moon', 'lovelight', 'i fought the law', '17 songs']",mississippi half-step,38.5810606,-121.493895
1492,Cal Expo Amphitheatre,Sacramento,USA,1994-06-09,1994,CA,"['jack straw', 'friend of the devil', 'wang dang doodle', 'ramble on rose', 'if the shoe fits (new phil song)', 'deal', 'china cat sunflower', 'i know you rider', 'estimated prophet', ""he's gone"", 'drums', 'space', 'the last time', 'stella blue', 'throwing stones', 'not fade away', 'box of rain', '15 songs']",jack straw,38.5810606,-121.493895
1493,Cal Expo Amphitheatre,Sacramento,USA,1994-06-10,1994,CA,"['here comes sunshine', 'the same thing', 'lazy river road', 'el paso', 'loser', 'easy answers', ""don't ease me in"", 'sugar magnolia', 'touch of grey', 'looks like rain', 'way to go home', 'drums', 'space', 'other one', 'wharf rat', 'around & around', 'sunshine daydream', 'brokedown palace', '16 songs']",here comes sunshine,38.5810606,-121.493895
1494,Memorial Stadium,Seattle,USA,1994-06-13,1994,WA,"['hell in a bucket', 'row jimmy', 'minglewood', 'tennessee jed', 'queen jane', 'bird song', 'promised land', 'scarlet begonias', 'fire on the mountain', 'corrina', 'terrapin', 'drums', 'space', 'i need a miracle', 'morning dew', 'u.s. blues', '14 songs']",hell in a bucket,47.6038321,-122.330062
1495,Memorial Stadium,Seattle,USA,1994-06-14,1994,WA,"['shakedown street', 'little red rooster', 'loose lucy', 'masterpiece', 'althea', 'eternity', 'victim or the crime', 'lazy river road', 'samba in the rain', ""truckin'"", 'that would be something', 'drums', 'space', 'way to go home', 'standing on the moon', 'sugar magnolia', 'liberty', '15 songs']",shakedown street,47.6038321,-122.330062
1496,Autzen Stadium,Eugene,USA,1994-06-17,1994,OR,"['bertha', 'greatest story', 'lazy river road', 'wang dang doodle', 'ramble on rose', 'black throated wind', ""tom thumb's blues"", 'deal', 'rain', 'eyes of the world', 'samba in the rain', 'saint of circumstance', 'drums', 'space', 'the wheel', 'attics of my life', 'throwing stones', 'not fade away', 'u.s. blues', '17 songs']",bertha,44.0505054,-123.0950506
1497,Autzen Stadium,Eugene,USA,1994-06-18,1994,OR,"['jack straw', 'sugaree', 'all over now', 'tennessee jed', 'me & my uncle', ""maggie's farm"", 'candyman', 'easy answers', 'china cat sunflower', 'i know you rider', 'women are smarter', 'crazy fingers', 'corrrina', 'drums', 'space', 'the last time', 'the days between', 'one more saturday night', 'i fought the law', '17 songs']",jack straw,44.0505054,-123.0950506
1498,Autzen Stadium,Eugene,USA,1994-06-19,1994,OR,"['touch of grey', ""walkin' blues"", 'brown-eyed women', 'el paso', 'if the shoe fits', 'bird song', 'scarlet begonias', 'fire on the mountain ', 'samson & delilah', 'way to go home', 'playing in the band', ""uncle john's band"", 'drums', 'space', 'other one', 'wharf rat', ""good lovin'"", ""heaven's door""]",touch of grey,44.0505054,-123.0950506
1499,"Sam Boyd Silver Bowl, UNLV",Las Vegas,USA,1994-06-24,1994,NV,"['let the good times roll', 'feel like a stranger', 'althea', 'the same thing', 'broken arrow', 'cumberland blues', 'eternity', ""don't ease me in"", 'iko! iko!', 'samba in the rain', 'estimated prophet', ""he's gone"", 'drums', 'space', ""goin' down the road"", 'i need a miracle', 'standing on the moon', 'johnny b. goode', '16 songs']",let the good times roll,36.1674263,-115.1484131
1500,"Sam Boyd Silver Bowl, UNLV",Las Vegas,USA,1994-06-25,1994,NV,"['mississippi half-step', 'little red rooster', 'lazy river road', 'masterpiece', 'loose lucy', 'cassidy', 'if the shoe fits', 'way to go home', 'easy answers', ""uncle john's band"", 'corrina', 'drums', 'space', 'the last time', 'stella blue', 'one more saturday night', 'liberty', '15 songs']",mississippi half-step,36.1674263,-115.1484131
1501,"Sam Boyd Silver Bowl, UNLV",Las Vegas,USA,1994-06-26,1994,NV,"['hell in a bucket', 'peggy-o', 'minglewood', 'ramble on rose', 'el paso', 'so many roads', ""tom thumb's blues"", 'the music never stopped', 'victim or the crime', 'eyes of the world', 'box of rain', 'saint of circumstance', 'terrapin', 'drums', 'space', 'the wheel', 'watchtower', 'morning dew', 'u.s. blues', '17 songs']",hell in a bucket,36.1674263,-115.1484131
1502,Shoreline Amphitheatre,Mountain View,USA,1994-07-01,1994,CA,"['cold rain & snow', 'wang dang doodle', 'dire wolf', 'queen jane', 'stagger lee', 'black throated wind', 'bertha', 'picasso moon', ""don't ease me in"", 'foolish heart', 'i want to tell you (new tune)', 'samba in the rain', 'women are smarter', 'ship of fools', 'playing in the band', 'drums', 'space', 'the last time', 'attics of my life', 'sugar magnolia', 'no encore', '18 songs']",cold rain & snow,37.3893889,-122.0832101
1503,Shoreline Amphitheatre,Mountain View,USA,1994-07-02,1994,CA,"['the music never stopped', 'sugaree', 'the music never stopped', 'friend of the devil', 'desolation row', 'tennessee jed', 'eternity', 'help on the way', 'slipknot!', ""franklin's tower"", 'if the shoe fits', ""truckin'"", 'smokestack lightning', ""he's gone"", 'drums', 'space', 'stella blue', 'throwing stone', 'one more saturday night', 'no encore', '16 songs']",the music never stopped,37.3893889,-122.0832101
1504,Shoreline Amphitheatre,Mountain View,USA,1994-07-03,1994,CA,"['here comes sunshine', 'all over now', 'althea', 'masterpiece', 'bird song', 'promised land', 'samson & delilah', 'eyes of the world', 'fire on the mountain', 'box of rain', 'terrapin', 'drums', 'space', 'corrina', 'the days between', ""good lovin'"", 'liberty', '15 songs']",here comes sunshine,37.3893889,-122.0832101
1505,Franklin County Airport,Highgate,USA,1994-07-13,1994,VT,"['let the good times roll', 'jack straw', 'althea', 'queen jane', 'loser', 'all over now', 'tennessee jed', 'let it grow', ""truckin'"", 'new speedway boogie', 'way to go home', 'corrina', ""uncle john's band"", 'drums', 'space', 'i want to tell you', 'i need a miracle', 'standing on the moon', 'sugar magnolia', 'u.s. blues', '18 songs']",let the good times roll,44.9387324,-73.0447397
1506,RFK Stadium,Washington,USA,1994-07-16,1994,DC,"['cold rain & snow', 'picasso moon', 'lazy river road', 'el paso', 'if the shoe fits', 'ramble on rose', 'masterpiece', 'loose lucy', 'promised land', 'china cat sunflower', 'i know you rider', 'samba in the rain', 'estimated prophet', 'crazy fingers', 'drums', 'space', 'the last time', 'stella blue', 'one more saturday night', 'liberty', '18 songs']",cold rain & snow,38.8950982,-77.0363849
1507,RFK Stadium,Washington,USA,1994-07-17,1994,DC,"['hell in a bucket', 'bertha', 'wang dang doodle', 'so many roads', ""tom thumb's blues"", 'black throated wind', ""don't ease me in"", 'victim or the crime', 'eyes of the world', 'samson & delilah', ""he's gone"", 'drums', 'space', 'way to go home', 'standing on the moon', 'lovelight', 'brokedown palace', '15 songs']",hell in a bucket,38.8950982,-77.0363849
1508,Deer Creek Music Pavillion,Noblesville,USA,1994-07-19,1994,IN,"['shakedown street', ""walkin' blues"", 'jack-a-roe', 'big river', ""maggie's farm"", 'broken arrow', 'tennessee jed', 'easy answers', 'foolish heart', 'saint of circumstance', 'i want to tell you', 'playing in the band', 'drums', 'space', 'wharf rat', 'throwing stone', 'not fade away', 'rain', '16 songs']",shakedown street,40.0460881,-86.0139854
1509,Deer Creek Music Pavillion,Noblesville,USA,1994-07-20,1994,IN,"['feel like a stranger', 'peggy-o', 'beat it on down the line', 'high time', 'memphis blues again', ""childhood's end (new phil tune)"", ""don't ease me in"", 'box of rain', 'samba in the rain', 'looks like rain', 'here comes sunshine', 'corrina', 'mathilda (1st time, sung by jerry)', 'drums', 'space', ""uncle john's band"", 'i need a miracle', 'morning dew', 'johnny b. goode', '17 songs']",feel like a stranger,40.0460881,-86.0139854
1510,Deer Creek Music Pavillion,Noblesville,USA,1994-07-21,1994,IN,"['touch of grey', 'greatest story', 'jack-a-roe', 'the same thing', 'stagger lee', 'me & my uncle', 'mexicali blues', 'ramble on rose', 'the music never stopped', 'women are smarter', 'if the shoe fits', 'way to go home', 'help on the way', 'slipknot!', ""franklin's tower"", 'drums', 'space', 'watchtower', 'the days between', ""good lovin'"", 'liberty', '19 songs']",touch of grey,40.0460881,-86.0139854
1511,Soldier Field,Chicago,USA,1994-07-23,1994,IL,"['picasso moon', 'sugaree', 'minglewood', 'lazy river road', 'masterpiece+', 'brown-eyed women', 'cassidy', 'lucy in the sky', 'samba in the rain', 'playing in the band', 'terrapin', 'drums', 'space', 'other one', 'wharf rat', 'one more saturday night', ""heaven's door"", '15 songs']",picasso moon,41.8755616,-87.6244212
1512,Soldier Field,Chicago,USA,1994-07-24,1994,IL,"['mississippi half-step', 'all over now', 'must have been the roses', 'el paso+', 'loose lucy', 'if the shoe fits', 'easy answers', ""don't ease me in"", 'samson & delilah', 'way to go home', 'eyes of the world', 'eternity', ""he's gone"", 'drums', 'space', 'the days between', 'throwing stones', 'not fade away', 'liberty', '17 songs']",mississippi half-step,41.8755616,-87.6244212
1513,Riverport Amphitheatre,St. Louis,USA,1994-07-26,1994,MO,"['jack straw', 'friend of the devil', 'little red rooster', 'lazy river road', 'queen jane', 'tennessee jed', ""childhood's end"", 'easy answers', 'china cat sunflower', 'i know you rider', 'victim or the crime', 'samba in the rain', 'estimated prophet', 'drums', 'space', 'the wheel', 'attics of my life', 'sugar magnolia', 'i fought the law', '19 songs']",jack straw,38.6254063,-90.190009
1514,Riverport Amphitheatre,St. Louis,USA,1994-07-27,1994,MO,"['here comes sunshine', ""walkin' blues"", 'jack-a-roe', 'black throated wind', ""tom thumb's blues"", 'ramble on rose', 'let it grow', 'box of rain', 'iko! iko!', 'way to go home', 'corrina', 'drums', 'space', 'the last time', 'the days between', 'around & around', 'liberty', '15 songs']",here comes sunshine,38.6254063,-90.190009
1515,Buckeye Lake Music Center,Hebron,USA,1994-07-29,1994,OH,"['rain', 'feel like a stranger', 'bertha', 'wang dang doodle', 'loser', 'el paso', 'althea', 'eternity', 'deal', 'foolish heart', 'i want to tell you', 'looks like rain', 'samba in the rain', ""uncle john's band"", 'saint of circumstance', 'drums', 'space', 'i need a miracle', 'standing on the moon', 'lovelight', 'the mighty quinn', '19 songs']",rain,39.9617305,-82.4912676
1516,The Palace at Auburn Hills,Auburn Hills,USA,1994-07-31,1994,MI,"['touch of grey', 'greatest story', 'row jimmy', 'spoonful', 'lazy river road', 'me & my uncle', 'big river', 'loose lucy', 'midnight hour', 'samson & deiliah', 'way to go home', 'new speedway boogie', ""truckin'"", ""he's gone"", 'drums', 'space', 'spanish jam', 'the last time', 'black peter', ""good lovin'"", 'the weight', '18 songs']",touch of grey,42.6875323,-83.2341028
1518,Giants Stadium,East Rutherford,USA,1994-08-03,1994,NJ,"['mississippi half-step', 'little red rooster', 'lazy river road', 'el paso', 'if the shoe fits', 'bird song', 'promised land', 'foolish heart', 'easy answers', 'samba in the rain', 'crazy fingers', 'corrina', 'drums', 'space', 'other one', 'attics of my life', 'sugar magnolia', 'liberty', '16 songs']",mississippi half-step,40.833989,-74.0970865
1519,Giants Stadium,East Rutherford,USA,1994-08-04,1994,NJ,"['box of rain', 'jack straw', 'jack-a-roe', ""walkin' blues"", 'so many roads', 'eternity', ""childhood's end"", 'deal', 'picasso moon', 'china cat sunflower', 'i know you rider', 'way to go home', 'playing in the band', ""uncle john's band"", 'drums', 'space', 'i need a miracle', 'the days between', 'throwing stones', 'not fade away', 'brokedown palace', '19 songs']",box of rain,40.833989,-74.0970865
1520,Shoreline Amphitheatre,Mountain View,USA,1994-09-16,1994,CA,"['cold rain & snow', 'wang dang doodle', 'lazy river road', 'black throated wind', 'stagger lee', 'cassidy', 'deal', 'victim or the crime', 'if the shoe fits', 'crazy fingers', 'estimated prophet', 'eyes of the world', 'drums', 'space', 'the last time', 'the wheel', ""good lovin'"", 'liberty', '16 songs']",cold rain & snow,37.3893889,-122.0832101
1521,Shoreline Amphitheatre,Mountain View,USA,1994-09-17,1994,CA,"['jack straw', 'peggy-o', 'the same thing', 'west la fadeaway', 'queen jane', 'ramble on rose', 'eternity', ""don't ease me in"", 'playing in the band', ""uncle john's band"", 'corrina', 'terrapin', 'drums', 'space', 'i need a miracle', 'stella blue', 'one more saturday night', 'baby blue', '16 songs']",jack straw,37.3893889,-122.0832101
1522,Shoreline Amphitheatre,Mountain View,USA,1994-09-18,1994,CA,"['touch of grey', 'greatest story', 'jack-a-roe', 'little red rooster', 'tennessee jed', 'el paso', 'brown-eyed women', 'the music never stopped', 'iko! iko!', 'saint of circumstance', 'samba in the rain', 'so many roads', 'samson & delilah', 'drums', 'space', 'the days between', 'throwing stones', 'not fade away', 'brokedown palace', '17 songs']",touch of grey,37.3893889,-122.0832101
1523,Berkeley Community Theatre,Berkeley,USA,1994-09-24,1994,CA,"['acoustic set:', ""walkin' blues"", 'lazy river road', 'kc moan', ""dupree's diamond blues"", ""childhood's end"", 'masterpiece', 'attics of my life', 'cassidy', 'bird song', 'thowing stones', '10 songs']",acoustic set:,37.8708393,-122.272863
1524,Boston Garden,Boston,USA,1994-09-27,1994,MA,"['feel like a stranger', 'they love each other', 'minglewood', 'so many roads', ""maggie's farm"", 'cumberland blues', 'easy answers', 'deal', 'china cat sunflower', 'i know you rider', 'women are smarter', 'way to go home', 'corrina', ""uncle john's band"", 'drums', 'space', 'watchtower', 'standing on the moon', 'johnny b. goode', '17 songs']",feel like a stranger,42.3588336,-71.0578303
1525,Boston Garden,Boston,USA,1994-09-28,1994,MA,"['let the good times roll', 'bertha', 'greatest story ever told', 'west la fadeaway', 'el paso', 'lazy river road', 'eternity', ""don't ease me in"", 'victim or the crime', 'foolish heart', 'looks like rain', 'samba in the rain', 'drums', 'space', 'the wheel', 'i need a miracle', 'black peter', 'lovelight', 'baby blue', '17 songs']",let the good times roll,42.3588336,-71.0578303
1526,Boston Garden,Boston,USA,1994-09-29,1994,MA,"['hell in a bucket', 'peggy-o', 'wang dang doodle', 'ramble on rose', 'masterpiece', 'borwn-eyed women', 'let it grow', 'playing in the band', 'eyes of the world', 'estimated prophet', ""he's gone"", 'drums', 'space', 'spanish jam', 'other one', 'wharf rat', 'sugar magnolia', 'i fought the law', '15 songs']",hell in a bucket,42.3588336,-71.0578303
1527,Boston Garden,Boston,USA,1994-10-01,1994,MA,"['help on the way', 'slipknot!', ""franklin's tower"", ""walkin' blues"", 'althea', 'me & my uncle', 'big river', ""tom thumb's blues"", 'so many roads', 'promised land', 'scarlet begonias', 'fire on the mountain', 'way to go home', 'saint of circumstance', 'terrapin', 'drums', 'space', 'the last time', 'stella blue', 'one more saturday night', 'liberty ', '19 songs']",help on the way,42.3588336,-71.0578303
1528,Boston Garden,Boston,USA,1994-10-02,1994,MA,"['jack straw', 'loser', 'all over now', 'row jimmy', 'broken arrow', 'mama tried', 'mexicali blues', 'tennessee jed', 'picasso moon', 'iko! iko!', 'samba in the rain', 'if the shoe fits', 'samson & delilah', 'crazy fingers', ""truckin'"", 'that would be something', 'drums', 'space', 'the days between', 'throwing stone', 'not fade away', 'u.s. blues', '20 songs']",jack straw,42.3588336,-71.0578303
1529,Boston Garden,Boston,USA,1994-10-03,1994,MA,"['touch of grey', 'beat it on down the line', 'loose lucy', 'little red rooster', ""childhood's end"", 'dire wolf', 'black throated wind', 'bird song', 'box of rain', 'shakedown street', 'cassidy', ""goin' down the road"", 'drums', 'space', 'the wheel', 'watchtower', 'attics of my life', 'around & around', 'brokedown palace', '17 songs']",touch of grey,42.3588336,-71.0578303
1530,The Spectrum,Philadelphia,USA,1994-10-05,1994,PA,"['jack straw', 'friend of the devil', 'wang dang doodle', 'jack-a-roe', 'queen jane', 'lazy river road', 'eternity', 'deal', 'midnight hour', 'cumberland blues', 'playing in the band', ""uncle john's band"", 'drums (w/ jerry)', 'space (w/o jerry)', 'i need a miracle', 'standing on the moon', 'sugar magnolia', 'the mighty quinn', '16 songs']",jack straw,39.9527237,-75.1635262
1531,The Spectrum,Philadelphia,USA,1994-10-06,1994,PA,"['mississippi half-step', 'minglewood', 'peggy-o', 'if the shoe fits', 'masterpiece', 'ramble on rose', 'easy answers', ""don't ease me in"", 'china cat sunflower', 'i know you rider', 'way to go home', 'new speedway boogie', ""truckin'"", 'drums', 'space', 'other one', 'wharf rat', ""good lovin'"", 'liberty', '17 songs']",mississippi half-step,39.9527237,-75.1635262
1532,The Spectrum,Philadelphia,USA,1994-10-07,1994,PA,"['feel like a stranger', 'sugaree', 'the same thing', 'brown-eyed women', 'el paso', 'tennessee jed', 'the music never stopped', 'victim or the crime', 'samba in the rain', 'foolish heart', 'corrina', 'drums', 'space', 'the last time', 'that would be something', 'morning dew', 'johnny b. goode', '15 songs']",feel like a stranger,39.9527237,-75.1635262
1533,USAir Arena,Landover,USA,1994-10-09,1994,MD,"['hell in a bucket', 'bertha', 'spoonful', 'stagger lee', 'broken arrow', 'me & my uncle', 'big river', 'so many roads', 'promised land', 'here comes sunshine', 'samson & delilah', 'way to go home', 'ship of fools', 'saint of circumstance', 'drums', 'space', 'i need a miracle', 'comes a time', 'throwing stones', 'lovelight', 'rain', '19 songs']",hell in a bucket,38.925313,-76.8815433
1534,USAir Arena,Landover,USA,1994-10-10,1994,MD,"['iko! iko!', ""walkin' blues"", 'althea', 'desolation row', 'loose lucy', 'eternity', 'help on the way', 'slipknot!', ""franklin's tower"", 'estimated prophet', 'terrapin', 'drums', 'space', 'watchtower', 'stella blue', 'not fade away', 'i fought the law', '15 songs']",iko! iko!,38.925313,-76.8815433
1535,USAir Arena,Landover,USA,1994-10-11,1994,MD,"['picasso moon', 'jack-a-roe', 'all over now', 'high time', 'if the shoe fits', 'lazy river road', 'easy answers', 'deal', 'eyes of the world', 'women are smarter', 'samba in the rain', ""he's gone"", 'drums (w/ jerry)', 'space', 'china doll', 'sugar magnolia', 'lucy in the sky', '15 songs']",picasso moon,38.925313,-76.8815433
1536,Madison Square Garden,New York City,USA,1994-10-13,1994,NY,"['touch of grey', 'wang dang doodle', 'loser', 'mama tried', 'mexicali blues', ""dupree's diamond blues"", 'masterpiece', 'loose lucy', 'let it grow', 'foolish heart', 'playing in the band', ""uncle john's band"", 'drums', 'space', 'other one', 'wharf rat', 'johnny b. goode', 'baby blue', '16 songs']",touch of grey,40.7127281,-74.0060152
1537,Madison Square Garden,New York City,USA,1994-10-14,1994,NY,"['jack straw', 'west la fadeaway', 'queen jane', 'lazy river road', 'el paso', 'ramble on rose', 'box of rain', 'scarlet begonias', 'fire on the mountain', 'looks like rain', 'samba in the rain', 'corrina', 'drums', 'space', 'i need a miracle', 'attics of my life', 'lovelight', 'liberty', '16 songs']",jack straw,40.7127281,-74.0060152
1538,Madison Square Garden,New York City,USA,1994-10-15,1994,NY,"['shakdown street', 'little red rooster', 'stagger lee', 'black throated wind', ""tom thumb's blues"", 'candyman', 'easy answers', 'deal', 'here comes sunshine', 'victim or the crime', 'way to go home', 'new speedway boogie', 'drums', 'space', 'the last time', 'standing on the moon', 'one more saturday night', 'i want to tell you', '16 songs']",shakdown street,40.7127281,-74.0060152
1539,Madison Square Garden,New York City,USA,1994-10-17,1994,NY,"['midnight hour', 'peggy-o', 'minglewood', 'tennessee jed', 'eternity', 'friend of the devil', 'promised land', 'eyes of the world', 'women are smarter', 'crazy fingers', 'estimated prophet', 'drums', 'space', 'the wheel', 'watchtower', 'morning dew', 'rainy day women #12 & 35', '    w/ bob dylan on guitar and vocals (kind of)']",midnight hour,40.7127281,-74.0060152
1540,Madison Square Garden,New York City,USA,1994-10-18,1994,NY,"['help on the way', 'slipknot!', ""franklin's tower"", 'the same thing', 'althea', 'cassidy', ""childhood's end"", ""don't ease me in"", 'iko! iko!', 'samba in the rain', ""he's gone"", 'smokestack lightning', ""truckin'"", 'drums', 'space', 'the days between', 'throwing stones', 'not fade away', 'u.s. blues', '17 songs']",help on the way,40.7127281,-74.0060152
1541,Madison Square Garden,New York City,USA,1994-10-19,1994,NY,"['feel like a stranger', 'bertha', 'spoonful', 'jack-a-roe', 'el paso', 'if the shoe fits', 'bird song', 'samson & delilah', 'so many road', 'saint of circumstance', 'terrapin', 'drums', 'space', 'way to go home', 'stella blue', 'sugar magnolia', 'brokedown palace', '15 songs']",feel like a stranger,40.7127281,-74.0060152
1542,McNichols Sports Arena,Denver,USA,1994-11-29,1994,CO,"['jack straw', 'peggy-o', ""walkin' blues"", 'so many roads', 'el paso+', 'tennessee jed', 'easy answers', 'iko! iko!', 'playing in the band', ""uncle john's band"", ""baba o'reily"", 'tommorow never knows', 'drums', 'space', 'the last time', 'stella blue', 'sugar magnolia', 'baby blue', '16 songs']",jack straw,39.7392364,-104.984862
1543,McNichols Sports Arena,Denver,USA,1994-11-30,1994,CO,"['touch of grey', 'greatest story ever told', 'west la fadeaway', 'queen jane', 'lazy river road', 'me & my uncle+', 'big river+', 'loose lucy', 'cassidy', 'victim or the crime', 'samba in the rain', 'crazy fingers', 'estimated prophet', 'terrapin', 'spanish jam (real short)', 'drums', 'space', 'i need a miracle', 'standing on the moon', 'lovelight', 'liberty', '18 songs']",touch of grey,39.7392364,-104.984862
1544,McNichols Sports Arena,Denver,USA,1994-12-01,1994,CO,"['hell in a bucket', 'sugaree', 'wang dang doodle', 'loser', 'if the shoe fits', 'masterpiece+', 'bird song', 'here comes sunshine', 'saint of circumstance', 'way to go home', 'eyes of the world', 'drums', 'space', 'watchtower', 'the days between', 'throwing stones', 'not fade away', 'brokedown palace', '15 songs']",hell in a bucket,39.7392364,-104.984862
1545,Oakland Coliseum,Oakland,USA,1994-12-08,1994,CA,"['soundcheck: st. stephen, attics', 'bertha', 'spoonful', 'jack-a-roe', 'all over now', 'so many roads', 'eternity+', ""don't ease me in"", 'china cat sunflower', 'i know you rider', 'looks like rain', 'cumberland blues', 'corrina', 'drums', 'space', 'other one', 'lucy in the sky', 'around & around', 'baby blue']",soundcheck: st. stephen,37.8044557,-122.271356
1546,Oakland Coliseum,Oakland,USA,1994-12-09,1994,CA,"['feel like a stranger', 'stagger lee', 'the same thing', 'loose lucy', 'el paso+', 'broken arrow', 'ramble on rose', 'the music never stopped', 'scarlet begonias', 'fire on the mountain', 'way to go home', ""truckin'"", 'that would be something', ""he's gone"", 'drums**', 'space', 'box of rain', 'johnny b. goode', '16 songs']",feel like a stranger,37.8044557,-122.271356
1547,Oakland Coliseum,Oakland,USA,1994-12-11,1994,CA,"['help on the way', 'slipknot!', ""franklin's tower"", 'little red rooster', 'lazy river road', 'black throated wind+', 'if the shoe fits', 'tennessee jed', 'promised land', 'here comes sunshine', 'samson & delilah', 'samba in the rain', 'eyes of the world', 'drums', 'space', 'watchtower', 'days between', 'sugar magnolia', 'liberty']",help on the way,37.8044557,-122.271356
1548,Oakland Coliseum,Oakland,USA,1994-12-12,1994,CA,"['jack straw', 'althea', 'me & my uncle+', ""maggie's farm"", 'candyman', 'easy answers', 'bird song', 'iko! iko!', ""childhood's end"", 'playing in the band', ""uncle john's band"", 'terrapin', 'drums**', 'space', 'standing on the moon', 'throwing stones', 'not fade away', 'brokedown palace']",jack straw,37.8044557,-122.271356
1549,L.A. Sports Arena,Los Angeles,USA,1994-12-15,1994,CA,"['shakedown street', 'wang dang doodle', 'lazy river road', 'me and my uncle+', 'mexicali blues', 'row jimmy', 'promised land', 'foolish heart', 'way to go home', 'corrina', ""uncle john's band"", 'drums', 'space+', 'the last time', 'morning dew', 'liberty', '14 songs']",shakedown street,34.0536909,-118.242766
1550,L.A. Sports Arena,Los Angeles,USA,1994-12-16,1994,CA,"['hell in a bucket (t)', 'cold rain and snow (t)', 'minglewood blues (t)', 'so many roads (t)', ""childhood's end (t - very little)"", 'eternity (s)', ""don't ease me in (t"", 'eyes of the world (s,t)', 'samba in the rain (t)', 'estimated prophet (s)', ""he's gone (t)  "", 'drums', 'space (s,t)', 'other one (s)', 'wharf rat (s)', ""good lovin' (t)"", 'lucy in the sky with diamonds', 'with branford marsalis on tenor (t) and saprano (s) saxophone']",hell in a bucket (t),34.0536909,-118.242766
1551,L.A. Sports Arena,Los Angeles,USA,1994-12-18,1994,CA,"['touch of grey', 'greatest story ever told', 'althea', ""walkin' blues"", ""tom thumb's blues"", 'el paso+', 'loose lucy', 'let it grow', 'victim or the crime', 'crazy fingers', 'playing in the band', 'terrapin', 'drums', 'space', 'the last time', 'attics of my life', 'johnny b. goode', 'baby blue', '16 songs']",touch of grey,34.0536909,-118.242766
1552,L.A. Sports Arena,Los Angeles,USA,1994-12-19,1994,CA,"['picasso moon', 'stagger lee', 'little red rooster', 'ramble on rose', 'broken arrow', 'masterpiece+', 'so many roads', 'easy answers', 'deal', 'saint of circumstance', 'new speedway boogie', ""nobody's fault but mine"", 'women are smarter', 'drums', 'space', 'i need a miracle', 'days between', 'lovelight', 'brokedown palace', '17 songs']",picasso moon,34.0536909,-118.242766
1553,Delta Center,Salt Lake City,USA,1995-02-19,1995,UT,"['jack straw', 'sugaree', ""walkin' blues"", 'alabama getaway', 'me & my uncle*', 'big river*', ""don't ease me in*"", 'china cat sunflower', 'i know you rider', 'samson and delilah', 'if the shoe fits', 'new speedway boogie', 'estimated prophet', 'drums', 'space', 'i need a miracle', 'attics of my life', 'johnny b. goode', 'baby blue']",jack straw,40.7596198,-111.886797
1554,Delta Center,Salt Lake City,USA,1995-02-20,1995,UT,"['bertha', 'greatest story every told', 'loser', 'little red rooster*', ""ramblin' rose"", 'el paso**', 'lazy river road*', 'cassidy', 'box of rain', 'eyes of the world', ""playin' in the band"", ""uncle john's band"", 'drums', 'space', 'the last time', 'stella blue', ""throwin' stones"", 'not fade away', 'rain']",bertha,40.7596198,-111.886797
1555,Delta Center,Salt Lake City,USA,1995-02-21,1995,UT,"['""the cleanest arena in the country""', 'salt lake city', 'friend of the devil', 'wang dang doodle', 'tennessee jed', 'broken arrow', 'black throated wind*', 'so many roads', 'music never stopped', 'foolish heart', 'samba in the rain', ""truckin'"", 'i just want to make love to you', 'that would be something', 'drums', 'space', 'visions of johanna', 'sugar magnolia', 'liberty']",the cleanest arena in the country,40.7596198,-111.886797
1556,Oakland-Alameda Co. Coliseum,Oakland,USA,1995-02-24,1995,CA,"['help on the way', 'slipknot!', ""franklin's tower"", 'the same thing', 'althea', 'when i paint my masterpiece*', 'loose lucy', 'let it grow', 'scarlet begonias', 'fire on the mountain', 'way to go home', 'saint of circumstance', 'corinna', 'drums', 'space', 'visions of johanna', 'lovelight', 'e:us blues']",help on the way,37.8044557,-122.271356
1557,Oakland-Alameda Co. Coliseum,Oakland,USA,1995-02-25,1995,CA,"['feel like a stranger', 'peggy-o', 'minglewood', 'row jimmy', ""tom thumb's blues"", 'easy answers', 'deal', 'victim or the crime', 'new speedway boogie', 'looks like rain', 'terrapin', 'drums -', 'space', 'the other one', 'wharf rat', 'one more saturday night', 'lucy in the sky with diamonds']",feel like a stranger,37.8044557,-122.271356
1558,Oakland-Alameda County Coliseum Arena,Oakland,USA,1995-02-26,1995,CA,"['let the good times roll', 'west la fadeaway', 'queen jane', 'lazy river road *', 'mama tried **', 'mexicali blues **', ""don't ease me in **"", 'aiko aiko', 'samson and delilah', 'ship of fools', 'estimated prophet +', 'eyes of the world +,++', 'drums ++', 'space +', 'i need a miracle', 'the days between+', 'not fade away +', 'e; box of rain']",let the good times roll,37.8044557,-122.271356
1559,Spectrum,Philadelphia,USA,1995-03-17,1995,PA,"['here comes sunshine', 'wang dang doodle', 'peggy-o', 'queen jane', 'lazy river road', 'eternity', 'loose lucy', 'china cat', 'i know you rider', 'samba in the rain', ""truckin'"", 'new speedway boogie', 'drums', 'space', 'watchtower', 'standing on the moon', 'sugar magnolia', ' lucy in the sky with diamonds']",here comes sunshine,39.9527237,-75.1635262
1560,Spectrum,Philadelphia,USA,1995-03-18,1995,PA,"['hell in a bucket', 'west la fadeaway', 'el paso', 'ramble on rose', ""tom thumb's blues"", 'jack-a-roe', 'promised land', ""it's all too much"", 'iko! iko!', 'playing in the band', ""uncle john's band"", 'drums', 'space', 'the last time', 'visions of johanna >', 'one more saturday night', 'rain']",hell in a bucket,39.9527237,-75.1635262
1561,Spectrum,Philadelphia,USA,1995-03-19,1995,PA,"['alabama getaway', ""walkin' blues"", 'so many roads', 'easy answers', ""don't ease me in"", 'unbroken chain', 'samson & delilah', 'way to go home', 'crazy fingers', 'corrina', 'mathilda', 'drums', 'space', 'i need a miracle', 'stella blue', 'not fade away', ' brokedown palace']",alabama getaway,39.9527237,-75.1635262
1562,Charlotte Coliseum,Charlotte,USA,1995-03-22,1995,NC,"['jack straw', 'bertha', 'the same thing', 'lazy river road', 'masterpiece', 'tennessee jed', 'music never stopped', 'victim or the crime', 'foolish heart', 'saint of circumstance', ""he's gone"", 'drums', 'space', 'i want to tell you', 'attics of my life', 'lovelight', 'the mighty quinn']",jack straw,35.2272086,-80.8430827
1563,Charlotte Coliseum,Charlotte,USA,1995-03-23,1995,NC,"['mississippi half step', 'wang dang doodle', 'cold rain and snow', 'el paso*', 'loser', 'easy answers', 'so many roads', 'unbroken chain', 'scarlet begonias', 'fire on the mountain', 'corrina', 'mathilda', 'jam', 'drums', 'space%', 'the days between%', ""good lovin'"", 'the weight']",mississippi half step,35.2272086,-80.8430827
1564,Charlotte Coliseum,Charlotte,USA,1995-03-24,1995,NC,"['feel like a stranger', 'stagger lee', 'minglewood blues', 'high time', 'if the shoe fits', 'black throated wind*', 'bird song', 'promised land', 'here comes sunshine', 'samba in the rain', 'women are smarter', 'eyes of the world', 'drums', 'space', 'the last time', 'black peter', 'around and around', 'liberty']",feel like a stranger,35.2272086,-80.8430827
1565,The Omni,Atlanta,USA,1995-03-26,1995,GA,"['cold rain and snow', 'little red rooster', 'ramble on rose', 'me and my uncle*', 'big river*', 'lazy river road', 'eternity', ""don't ease me in"", 'samson & delilah ', 'its all too much', 'crazy fingers', 'estimated prophet', 'terrapin station', 'drums', 'space', 'the other one', 'morning dew', ' johnny b. goode']",cold rain and snow,33.7544657,-84.3898151
1566,The Omni,Atlanta,USA,1995-03-27,1995,GA,"['picasso moon', 'sugaree', ""it's all over now"", 'so many roads', 'let it grow', 'iko iko', 'way to go home', 'playing in the band', ""uncle john's band"", 'drums', 'space', 'days between', 'sugar magnolia', 'i fought the law']",picasso moon,33.7544657,-84.3898151
1567,The Omni,Atlanta,USA,1995-03-29,1995,GA,"['jack straw', 'row jimmy', ""walkin' blues"", 'jack-a-roe', 'mama tried*', 'mexicali blues', 'brown-eyed woman', 'cassidy', 'unbroken chain', 'help on the way', 'slipknot!', ""franklin's tower"", 'corrina', 'matilda', 'drums', 'space', 'i need a miracle', 'standing on the moon', 'not fade away', 'u.s.blues']",jack straw,33.7544657,-84.3898151
1568,The Omni,Atlanta,USA,1995-03-30,1995,GA,"['touch of grey', 'good morning little schoolgirl', 'friend of the devil', 'queen jane approximately', 'loose lucy', 'broken arrow', 'easy answers', 'alabama getaway', 'china cat sunflower', 'i know you rider', 'looks like rain', 'samba in the rain', ""he's gone"", 'that would be something', 'drums', 'space', 'visions of johanna', 'throwing stones', 'lovelight', 'lucy in the sky with diamonds']",touch of grey,33.7544657,-84.3898151
1569,The Pyramid Arena,Memphis,USA,1995-04-01,1995,TN,"['hell in a bucket', 'candyman', 'take me to the river', 'lazy river road', 'masterpiece*', 'childhoods end', 'deal', 'foolish heart', 'way to go home', 'saint of circumstance', 'eyes of the world', 'drums', 'space', 'the wheel', 'all along the watchtower', 'standing on the moon', 'one more saturday night']",hell in a bucket,35.146026,-90.0517786
1570,The Pyramid Arena,Memphis,USA,1995-04-02,1995,TN,"['shakedown street', 'the same thing', 'althea', 'memphis blues again*', 'tennessee jed', 'promised land', 'here comes sunshine', 'eternity', 'crazy fingers', 'estimated prophet', 'drums', 'space', 'the last time', 'wharf rat', 'not fade away', 'unbroken chain']",shakedown street,35.146026,-90.0517786
1571,Birmingham-Jefferson Civic Center Coliseum,Birmingham,USA,1995-04-04,1995,AL,"['feel like a stranger', 'sugaree', 'minglewood blues', 'ramble on rose', 'black throated wind*', ""don't ease me in"", 'victim or the crime', 'aiko aiko', 'corinna', 'terrapin station', 'drums', 'space', 'easy answers', 'stella blue', 'around & around', 'the mighty quinn']",feel like a stranger,33.5206824,-86.8024326
1572,Birmingham-Jefferson Civic Center Coliseum,Birmingham,USA,1995-04-05,1995,AL,"['touch of grey', 'wang dang doodle', 'stagger lee', 'me and my uncle*', ""maggie's farm*"", 'row jimmy', 'the music never stopped', 'here comes sunshine', 'way to go home', 'truckin', 'that would be something', ""uncle john's band"", 'matilda**', 'drums **', 'space', 'i need a miracle', 'morning dew', 'johnny b goode']",touch of grey,33.5206824,-86.8024326
1573,Tampa Stadium,Tampa,USA,1995-04-07,1995,FL,"['jack straw', 'peggy-o', 'little red rooster', 'loose lucy', 'masterpiece*', 'visions of johanna', 'promised land', 'eyes of the world', 'saint of circumstance', 'samba in the rain', 'unbroken chain', 'corrina', 'drums', 'space', 'easy answers', 'days between', 'not fade away', 'us blues']",jack straw,27.9449854,-82.4583107
1574,Sam Boyd Silver Bowl,Las Vegas,USA,1995-05-19,1995,NV,"['picasso moon ', 'friend of the devil', 'wang dang doodle', 'althea', 'queen jane approximately', 'deal', 'here comes sunshine', 'way to go home', 'playin', ""uncle john's band"", 'drums', 'space', 'easy answers', 'standing on the moon', 'around & around', ' ', 'lucy in the sky']",picasso moon ,36.1674263,-115.1484131
1575,Sam Boyd Silver Bowl,Las Vegas,USA,1995-05-20,1995,NV,"['mississippi half-step', 'the race is on', 'lazy river road', 'when i paint my masterpiece', 'tennessee jed', 'eternity', 'china cat sunflower', 'i know you rider', 'samba in the rain', 'man smart, woman smarter', 'truckin', 'drums', 'space', 'the last time', 'that would be something', 'morning dew', 'one more saturday night']",mississippi half-step,36.1674263,-115.1484131
1576,Sam Boyd Silver Bowl,Las Vegas,USA,1995-05-21,1995,NV,"['jack straw', 'west la fadeaway', 'little red rooster', 'ramble on rose', 'tom thumb blues ', 'so many roads', 'promised land', 'samson & delilah', 'unbroken chain', 'eyes of the world', 'corina', 'drums*', 'space', 'the other one', 'days between', 'sugar magnolia', 'liberty']",jack straw,36.1674263,-115.1484131
1577,Seattle Center,Seattle,USA,1995-05-24,1995,WA,"['touch of grey', 'minglewood blues', 'lazy river road', 'me and my uncle *', 'big river *', 'bird song', '   ', 'iko! iko!', 'saint of circumstance', 'way to go home', 'i want to tell you', 'estimated prophet', 'drums', 'space', 'i need a miracle', 'wharf rat', 'lovelight', 'us blues']",touch of grey,47.6038321,-122.330062
1578,Seattle Center,Seattle,USA,1995-05-25,1995,WA,"['feel like a stranger', 'bertha', 'good morning little schoolgirl', 'peggy-o', 'el paso', 'tennessee jed', 'cassidy', 'foolish heart', 'victim or the crime', 'samba in the rain', ""he's gone"", 'drums', 'space', 'the wheel', 'throwing stones', 'not fade away', 'the mighty quinn']",feel like a stranger,47.6038321,-122.330062
1579,Seattle Center,Seattle,USA,1995-05-26,1995,WA,"['help on the way', 'slipknot!', ""franklin's tower"", 'the same thing', 'loose lucy', 'eternity*', ""don't ease me in"", 'scarlet begonias', 'fire on the mountain', 'playing in the band', ""uncle john's band"", 'drums', 'space', 'easy answers', 'stella blue', 'good lovin', 'liberty']",help on the way,47.6038321,-122.330062
1580,Portland Meadows,Portland,USA,1995-05-28,1995,OR,"['jack straw', 'peggy-o', 'wang dang doodle', 'row jimmy', 'masterpiece*', 'brown eyed women', 'let it grow', 'samson and delilah', 'way to go home', 'crazy fingers', 'corrina', 'drums', 'space', 'watchtower', 'black peter', 'around & around ', 'box of rain', ' ']",jack straw,45.5202471,-122.674194
1581,Portland Meadows,Portland,USA,1995-05-29,1995,OR,"['let the good times roll', 'jack-a-roe', 'walking blues', 'dire wolf', 'black throated wind', 'tennessee jed', ""tom thumb's blues"", 'music never stopped', 'shakedown street', 'looks like rain', 'samba in the rain', 'terrapin', 'drums', 'space', 'the last time', 'the days between', 'sugar magnolia', 'liberty']",let the good times roll,45.5202471,-122.674194
1582,Shoreline Amphitheatre,Mt. View,USA,1995-06-02,1995,CA,"['alabama getaway', 'greatest story ever told', 'candyman', 'good morning little schoolgirl', ""ramblin' rose"", 'el paso*', 'bird song', 'promised land', 'new speedway boogie', 'that would be something', 'way to go home', 'saint of circumstance', ""he's gone"", 'drums', 'chanting by the gyoto monks', 'space', 'easy answers', 'standing on the moon', 'around & around', 'lucy in the sky']",alabama getaway,34.7970141,-98.1767138
1583,Shoreline Amphitheatre,Mt. View,USA,1995-06-03,1995,CA,"['hell in a bucket', 'althea', 'little red rooster', 'brown-eyed women', 'broken arrow', 'stagger lee', 'eternity*', ' ', 'china cat sunflower', 'i know you rider', 'samba in the rain', 'playing in the band', ""uncle john's band"", 'drums', 'space', 'box of rain', 'stella blue', 'throwing stones', 'one more saturday night', ' ', ' liberty', ' ']",hell in a bucket,34.7970141,-98.1767138
1584,Shoreline Amphitheatre,Mt. View,USA,1995-06-04,1995,CA,"['bertha', 'wang dang doodle', 'peggy-o', 'queen jane approximately', 'loose lucy', 'mama tried *', 'mexicali blues *', 'lazy river road', 'cassidy', 'here comes sunshine', 'victim or the crime', 'unbroken chain', 'eyes of the world', 'drums', 'space', 'i need a miracle', 'the days  between', 'not fade away', ' ', 'brokedown palace', '   ']",bertha,34.7970141,-98.1767138
1585,Franklin Co. Airport Field,Highgate,USA,1995-06-15,1995,VT,"['touch of grey', 'wang dang doodle', 'peggy-o', 'el paso', 'ramble on rose', 'black throated wind', 'loose lucy', 'promised land', 'here comes sunshine', 'samba in the rain', 'truckin', 'rollin and tumblin', 'that would be something', ""he's gone"", 'drums', 'space', 'box of rain', 'standing on the moon', 'sugar magnolia', 'liberty']",touch of grey,44.9387324,-73.0447397
1586,Giants Stadium,East Rutherford,USA,1995-06-18,1995,NJ,"['feel like a stranger', 'bertha', 'the same thing', 'stagger lee', 'eternity*', 'deal', 'china cat sunflower', 'i know you rider', 'way to go home', 'samson & delilah', 'eyes of the world', 'drums', 'space', 'spanish jam', 'i need a miracle', 'wharf rat', 'not fade away', 'lucy in the sky']",feel like a stranger,40.833989,-74.0970865
1587,Giants Stadium,East Rutherford,USA,1995-06-19,1995,NJ,"['cold rain & snow', 'good morning little schoolgirl', 'ramble on rose', 'all over now', 'lazy river road', 'me & my uncle*', 'big river*', ""don't ease me in"", 'iko! iko!', 'unbroken chain', 'samba in the rain', 'corrina', 'matilda', 'drums', 'other one', 'stella blue', 'throwing stones', 'lovelight', 'brokedown palace']",cold rain & snow,40.833989,-74.0970865
1588,Knickerbocker Arena,Albany,USA,1995-06-21,1995,NY,"['hell in a bucket', 'loser', 'take me to the river', 'row jimmy', 'broken arrow', 'promised land', 'scarlet begonias', 'fire on the mountain', 'women are smarter', ""it's all too much"", 'playing in the band', 'drums', 'space', 'easy answers', 'morning dew', 'u.s.blues']",hell in a bucket,42.6511674,-73.754968
1589,Knickerbocker Arena,Albany,USA,1995-06-22,1995,NY,"['touch of grey', 'walking blues', 'it must have been the roses', 'masterpiece', 'so many roads', 'the music never stopped', 'help on the way', 'slipknot!', ""franklin's tower"", 'samba in the rain', 'estimated prophet', 'terrapin', 'drums', 'silent way jam', 'space', 'watchtower', 'black peter', 'around & around', 'i fought the law']",touch of grey,42.6511674,-73.754968
1590,RFK Stadium,Washington,USA,1995-06-24,1995,DC,"['jack straw', 'althea', 'little red rooster', 'friend of the devil', 'el paso*', 'so many roads', 'promised land', 'iko! iko!', 'way to go home', 'saint of circumstance', 'new speedway boogie', 'that would be something', 'drums', 'space', 'the days between', 'one more saturday night', 'black muddy river']",jack straw,38.8950982,-77.0363849
1591,RFK Stadium,Washington,USA,1995-06-25,1995,DC,"['shakedown street', 'wang dang doodle', 'jack-a-roe', 'mama tried*', 'mexicali blues*', 'loose lucy', 'picasso moon', 'box of rain', 'rain', 'sampson & delilah', 'ship of fools', ""truckin'"", ""rollin' & tumblin'"", 'samba in the rain', 'drums', 'space', 'wharf rat', 'not fade away', ' ', 'brokedown palace']",shakedown street,38.8950982,-77.0363849
1592,The Palace,Auburn Hills,USA,1995-06-27,1995,MI,"['greatest story', 'bertha', 'minglewood', 'ramble on rose', 'queen jane approximately', 'lazy river road', 'eternity*', ""don't ease me in"", ' ', 'victim or the crime', 'foolish heart', ""it's all too much"", 'corinna', 'jam', 'drums', 'space', 'the last time', 'standing on the moon', 'sugar magnolia', 'liberty']",greatest story,42.6875323,-83.2341028
1593,The Palace,Auburn Hills,USA,1995-06-28,1995,MI,"['mississippi half-step', 'good morning little schoolgirl', 'loser', 'black throated wind', ""tom thumb's blues"", 'big railroad blues', 'the music never stopped', 'china cat sunflower', 'i know you rider', 'way to go home', 'estimated prophet', ""uncle john's band"", 'drums', 'space', 'easy answers', 'attics of my life', ""good lovin'"", 'lucy in the sky']",mississippi half-step,42.6875323,-83.2341028
1594,Three Rivers Stadium,Pittsburgh,USA,1995-06-30,1995,PA,"['hell in a bucket', 'west l.a. fadeaway', 'take me to the river', 'candyman', 'masterpiece', 'bird song', 'promised land', 'rain', 'box of rain', 'samba in the rain', 'looks like rain', 'terrapin', 'drums', 'space', 'i need a miracle', 'standing on the moon', 'gloria']",hell in a bucket,40.4406968,-80.0025666
1595,Deer Creek Amphitheater,Noblesville,USA,1995-07-02,1995,IN,"['here comes sunshine', 'walking blues', 'dire wolf', ""it's all over now"", 'broken arrow', 'desolation row*', 'tennessee jed', 'let it grow', 'scarlet begonias', 'fire on the mountain', 'victim or the crime', ""it's all too much"", 'new speedway boogie', 'drums', 'space', 'attics of my life', 'sugar magnolia', 'the mighty quinn']",here comes sunshine,40.0460881,-86.0139854
1596,Deer Creek Amphitheater,Noblesville,USA,1995-07-03,1995,IN,['cancelled on account of gate-crashing 7/2'],cancelled on account of gate-crashing 7/2,40.0460881,-86.0139854
1597,Riverport Amphitheatre,Maryland Heights,USA,1995-07-05,1995,MO,"['feel like a stranger', 'peggy-o', 'the same thing', 'loose lucy', ""childhood's end"", 'el paso', ""don't ease me in"", 'iko! iko!', 'playing in the band', 'crazy fingers', 'corrina', 'drums', 'space', ""goin' down the road"", 'throwing stones', 'not fade away', 'black muddy river']",feel like a stranger,38.7150511,-90.435999
1598,Riverport Amphitheatre,Maryland Heights,USA,1995-07-06,1995,MO,"['mississippi half step', 'take me to the river', 'big boss man', 'me & my uncle*', 'big river*', 'brown eyed women', 'cassidy', 'eyes of the world', 'unbroken chain', 'samba in the rain', ""truckin'"", ""he's gone"", 'drums', 'space', 'last time', 'stella blue', 'around and around', 'liberty']",mississippi half step,38.7150511,-90.435999
1599,Soldier Field,Chicago,USA,1995-07-08,1995,IL,"['jack straw', 'sugaree', 'wang dang doodle', 'althea', 'queen jane approximately', 'tennessee jed ', 'eternity*', ""don't ease me in"", 'china cat sunflower', 'i know you rider', ""it's all too much"", 'saint of circumstance', 'terrapin', 'drums', 'space', 'the other one', 'visions of johanna', 'one more saturday night', 'us blues']",jack straw,41.8755616,-87.6244212
1600,Soldier Field,Chicago,USA,1995-07-09,1995,IL,"['touch of grey', 'little red rooster', 'lazy river', 'masterpiece*', ""childhood's end"", 'cumberland blues', 'promised land', 'shakedown street', 'samson & delilah', 'so many roads', 'samba in the rain', 'corrina ', 'drums ', 'space ', 'unbroken chain', 'sugar magnolia', 'black muddy river', '   box of rain']",touch of grey,41.8755616,-87.6244212
